model,split,auroc,auprc,f1,mcc
LightGBM,test,0.892491389207807,0.7131670029424924,0.6776859504132231,0.6247043779323134
XGBoost,test,0.8795866819747417,0.6819517521339854,0.6065573770491803,0.5385322842691569
LGB_ESM2+Handcrafted,test,0.8638805970149254,0.6746386660039856,0.6434782608695652,0.5953030106507147
XGBoost_SMOTE,test,0.8677382319173365,0.6467583273906119,0.5882352941176471,0.5216870605800348
XGB_ESM2+Handcrafted,test,0.8712284730195179,0.6328762194473537,0.5833333333333334,0.5141163097651271
RandomForest,test,0.854052812858783,0.579589669569297,0.3877551020408163,0.344065892370179
MLP_ESM2+Handcrafted,test,0.8174052812858784,0.5656368096111302,0.5056179775280899,0.3915021536643336
MLP_ESM2,test,0.8093915040183697,0.5367961101157611,0.46153846153846156,0.35676217514682373
XGB_ESM2only,test,0.8057175660160735,0.4551107109179444,0.47761194029850745,0.36991963260619976
