model,split,auroc,auprc,f1,mcc
LGB_ESM2+Handcrafted,val,0.897739651416122,0.7160063037134792,0.6551724137931034,0.6098564088505585
XGB_ESM2+Handcrafted,val,0.9043663761801017,0.6963087593073012,0.5811965811965812,0.5194624816493197
MLP_ESM2+Handcrafted,val,0.8526688453159041,0.5954348555508993,0.5806451612903226,0.49247513044962027
MLP_ESM2,val,0.817288489469862,0.49968134023893307,0.4354243542435424,0.32069809662027865
XGB_ESM2only,val,0.7983160856935367,0.40957967711676624,0.47540983606557374,0.38378046747434347
