target,k,draw,scorer,n_eval,auroc,auprc
egfr,0,0,full,826,0.5819417084527221,0.2213466045072911
egfr,1,0,full,824,0.7703204961646652,0.45149024591968623
egfr,1,0,centroid,824,0.7487545046826104,0.3560316774992388
egfr,1,0,proto_ratio,824,0.7559732938691127,0.33342609559474656
egfr,1,1,full,824,0.7049672951569719,0.3320473222155882
egfr,1,1,centroid,824,0.6942803239982377,0.25540072072046005
egfr,1,1,proto_ratio,824,0.6941221658626961,0.2463926697941845
egfr,1,2,full,824,0.7775957703995752,0.43629887712624416
egfr,1,2,centroid,824,0.7529795863035054,0.32664949446708175
egfr,1,2,proto_ratio,824,0.7488448807600628,0.31380845702565635
egfr,1,3,full,824,0.5831968277996814,0.2518451438858606
egfr,1,3,centroid,824,0.5602864921655237,0.37475339354785225
egfr,1,3,proto_ratio,824,0.5578237440549487,0.3705068753526065
egfr,1,4,full,824,0.4768806696867339,0.18058464872618443
egfr,1,4,centroid,824,0.5154486607395024,0.24194957811964288
egfr,1,4,proto_ratio,824,0.5086817519402614,0.22728327080299446
egfr,1,5,full,824,0.7705351393486145,0.44601458334995003
egfr,1,5,centroid,824,0.7477716648403168,0.35770162285419693
egfr,1,5,proto_ratio,824,0.7550808301042715,0.3446432588654738
egfr,1,6,full,824,0.7718342954619912,0.4119938093055164
egfr,1,6,centroid,824,0.7497712355539489,0.34652985329465263
egfr,1,6,proto_ratio,824,0.7481557631694891,0.32747165528530203
egfr,1,7,full,824,0.5944034614037664,0.20890447744547697
egfr,1,7,centroid,824,0.6562997774489093,0.2264309129232812
egfr,1,7,proto_ratio,824,0.6654390582812729,0.22977060143698838
egfr,1,8,full,824,0.7676882929088671,0.4275583629157107
egfr,1,8,centroid,824,0.7426993074933065,0.34387230591919116
egfr,1,8,proto_ratio,824,0.7478168528790429,0.3311132660319089
egfr,1,9,full,824,0.7242173996543115,0.43910134205991325
egfr,1,9,centroid,824,0.7497825325636305,0.38347719349784276
egfr,1,9,proto_ratio,824,0.7474101605305077,0.3798310127767984
egfr,1,10,full,824,0.7220031857567302,0.3978221958024127
egfr,1,10,centroid,824,0.7054756605926411,0.25259602472444975
egfr,1,10,proto_ratio,824,0.7063568273478009,0.2508554548413638
egfr,1,11,full,824,0.5792880624498695,0.20531437558514748
egfr,1,11,centroid,824,0.6651679300489161,0.2298072283875613
egfr,1,11,proto_ratio,824,0.6660039087653498,0.2302283169452679
egfr,1,12,full,824,0.5942566002779064,0.2591892840989307
egfr,1,12,centroid,824,0.49147640619528016,0.21058177609996204
egfr,1,12,proto_ratio,824,0.5018357640732498,0.20985970443588417
egfr,1,13,full,824,0.7789288175419967,0.4791683349241374
egfr,1,13,centroid,824,0.7396152238502469,0.3741113664295213
egfr,1,13,proto_ratio,824,0.7458059851557293,0.34904567261263447
egfr,1,14,full,824,0.5623651419469267,0.202158876109649
egfr,1,14,centroid,824,0.6751544866073952,0.23559931745786747
egfr,1,14,proto_ratio,824,0.6806900213513484,0.23754303303633906
egfr,1,15,full,824,0.46064686677436484,0.1450452149363957
egfr,1,15,centroid,824,0.5141156135970809,0.28513721062294994
egfr,1,15,proto_ratio,824,0.50705498254612,0.26891723961512426
egfr,1,16,full,824,0.7977383386617563,0.5049353232438307
egfr,1,16,centroid,824,0.7830070380370315,0.3509326906202345
egfr,1,16,proto_ratio,824,0.7802053796360104,0.33663220846767306
egfr,1,17,full,824,0.7802279736553734,0.46310575297886125
egfr,1,17,centroid,824,0.7374913860301178,0.35604576689781303
egfr,1,17,proto_ratio,824,0.743930681548594,0.34095740161777166
egfr,1,18,full,824,0.5877269286819778,0.2146326712764955
egfr,1,18,centroid,824,0.6825201369197573,0.2411829491351388
egfr,1,18,proto_ratio,824,0.684090421265491,0.24156911874485074
egfr,1,19,full,824,0.5700584055400535,0.20860165934864644
egfr,1,19,centroid,824,0.6765214247788609,0.23442922383457157
egfr,1,19,proto_ratio,824,0.6896711440481704,0.23890081563407659
egfr,1,20,full,824,0.5204193449993787,0.1741923270278569
egfr,1,20,centroid,824,0.5834566590223567,0.18687152022410514
egfr,1,20,proto_ratio,824,0.6049435714366407,0.21986614274664856
egfr,1,21,full,824,0.718128311435963,0.29593719550653147
egfr,1,21,centroid,824,0.7270642460940588,0.27487034318736947
egfr,1,21,proto_ratio,824,0.7194952496074289,0.2662625489767616
egfr,1,22,full,824,0.5782826285882128,0.17741292163779313
egfr,1,22,centroid,824,0.5209616014640925,0.14583496409122262
egfr,1,22,proto_ratio,824,0.5379861950541692,0.15123760618842808
egfr,1,23,full,824,0.3839514680464081,0.13213861464569282
egfr,1,23,centroid,824,0.3629051390097042,0.12327946937939471
egfr,1,23,proto_ratio,824,0.35747127735288475,0.12139598493388688
egfr,1,24,full,824,0.43133112665077555,0.12540068532866078
egfr,1,24,centroid,824,0.3560026660942848,0.1289753381494131
egfr,1,24,proto_ratio,824,0.35376585817734046,0.1286017589691335
egfr,1,25,full,824,0.33250488595668726,0.11119401556031733
egfr,1,25,centroid,824,0.248522915984139,0.09917984209005587
egfr,1,25,proto_ratio,824,0.24777731334515754,0.09886884109377639
egfr,1,26,full,824,0.6077000417989359,0.2532795735111502
egfr,1,26,centroid,824,0.6904619347258781,0.2543697278428563
egfr,1,26,proto_ratio,824,0.6915238536359425,0.25175126758227706
egfr,1,27,full,824,0.743399722093562,0.3359286272546974
egfr,1,27,centroid,824,0.7361018538392887,0.33978819910452573
egfr,1,27,proto_ratio,824,0.744179215761588,0.32076626846112327
egfr,1,28,full,824,0.6291191721551306,0.27225551926030184
egfr,1,28,centroid,824,0.6811193077192467,0.25373883889489346
egfr,1,28,proto_ratio,824,0.6809272585546606,0.2507542932131979
egfr,1,29,full,824,0.6035201482167669,0.25899109844731205
egfr,1,29,centroid,824,0.6838531840621789,0.23744607898136816
egfr,1,29,proto_ratio,824,0.6837289169556818,0.23589421950939055
egfr,1,30,full,824,0.5645115737864187,0.20717863927076874
egfr,1,30,centroid,824,0.5950812819846586,0.21102799611817324
egfr,1,30,proto_ratio,824,0.6356149527220145,0.22200137291304012
egfr,1,31,full,824,0.5549430065861567,0.1966349781006944
egfr,1,31,centroid,824,0.5018244670635682,0.1957049092620778
egfr,1,31,proto_ratio,824,0.5325071453586235,0.20121989557688275
egfr,1,32,full,824,0.7773246421672183,0.46015950201954625
egfr,1,32,centroid,824,0.7746359538630124,0.32537370602872184
egfr,1,32,proto_ratio,824,0.7730204814785526,0.3190682379465554
egfr,1,33,full,824,0.7697895367096329,0.4411720224900521
egfr,1,33,centroid,824,0.7379545634270608,0.3465204636880102
egfr,1,33,proto_ratio,824,0.7438854935098679,0.33824422177414026
egfr,1,34,full,824,0.5999728871767642,0.2538215349335163
egfr,1,34,centroid,824,0.6799670127317299,0.25213292439671176
egfr,1,34,proto_ratio,824,0.6803624080705837,0.24863665560755333
egfr,1,35,full,824,0.7266801477648865,0.3131501509844873
egfr,1,35,centroid,824,0.7395700358115207,0.35013886075722117
egfr,1,35,proto_ratio,824,0.741467933438019,0.3194558884394776
egfr,1,36,full,824,0.5986172460149799,0.21884951918472628
egfr,1,36,centroid,824,0.6784758074537669,0.2370297678467743
egfr,1,36,proto_ratio,824,0.6809046645352974,0.2376505943239689
egfr,1,37,full,824,0.5110654209830657,0.15928483826397874
egfr,1,37,centroid,824,0.5069194184299416,0.186708926625634
egfr,1,37,proto_ratio,824,0.4957692698742643,0.17878270072839397
egfr,1,38,full,824,0.5920084953512805,0.26458725570849595
egfr,1,38,centroid,824,0.6812548718354251,0.2481315506098572
egfr,1,38,proto_ratio,824,0.6936928794947976,0.2510745727171006
egfr,1,39,full,824,0.7591025655508986,0.3824607699459486
egfr,1,39,centroid,824,0.7458172821654109,0.3434916673865186
egfr,1,39,proto_ratio,824,0.7523017657226131,0.3346047731941468
egfr,1,40,full,824,0.7747263299404649,0.36121995306449506
egfr,1,40,centroid,824,0.5678780826715168,0.2587865019512092
egfr,1,40,proto_ratio,824,0.5654718196093494,0.25912457640311204
egfr,1,41,full,824,0.36979631491544185,0.11609428022624912
egfr,1,41,centroid,824,0.29310091618748524,0.10690945190373408
egfr,1,41,proto_ratio,824,0.28569007783639666,0.10594406808938184
egfr,1,42,full,824,0.5048859566872649,0.1477842484304964
egfr,1,42,centroid,824,0.3522181678509698,0.12356931823068691
egfr,1,42,proto_ratio,824,0.3468972762909658,0.11308789791740496
egfr,1,43,full,824,0.48101537523017657,0.14548674868836922
egfr,1,43,centroid,824,0.4873981857002451,0.19713599496086875
egfr,1,43,proto_ratio,824,0.4898044487624126,0.19236070303992264
egfr,1,44,full,824,0.5706232560241304,0.20359591133823995
egfr,1,44,centroid,824,0.483884815689287,0.19116525439104917
egfr,1,44,proto_ratio,824,0.4982885030332472,0.19453445121963364
egfr,1,45,full,824,0.5009320032987268,0.15885858297367528
egfr,1,45,centroid,824,0.37022560128334026,0.11752630202302031
egfr,1,45,proto_ratio,824,0.4053028163445136,0.12239828976564952
egfr,1,46,full,824,0.7790304906291305,0.46954590744089847
egfr,1,46,centroid,824,0.7561766400433805,0.36631814833522247
egfr,1,46,proto_ratio,824,0.7619155209616015,0.3464750443851293
egfr,1,47,full,824,0.6651340390198714,0.22814342839734492
egfr,1,47,centroid,824,0.6797749635671437,0.24263375122629943
egfr,1,47,proto_ratio,824,0.6805092691964438,0.24348781400616604
egfr,1,48,full,824,0.31853048498062564,0.1121614787473407
egfr,1,48,centroid,824,0.3345270506896824,0.10975849108794947
egfr,1,48,proto_ratio,824,0.33308103345044565,0.10926096687090309
egfr,1,49,full,824,0.3135033156723415,0.11031230093967452
egfr,1,49,centroid,824,0.2531546899535693,0.10109733639167343
egfr,1,49,proto_ratio,824,0.2523413052564986,0.10053367242084871
egfr,1,50,full,824,0.5540844338503598,0.18845831398981738
egfr,1,50,centroid,824,0.6209966221941052,0.21670746282199388
egfr,1,50,proto_ratio,824,0.6154497904404704,0.21562020998520012
egfr,1,51,full,824,0.5248590698042229,0.1533741081844741
egfr,1,51,centroid,824,0.4490787288604706,0.12848176850178994
egfr,1,51,proto_ratio,824,0.47625933415424937,0.135132668373094
egfr,1,52,full,824,0.493871372247766,0.17177457823296738
egfr,1,52,centroid,824,0.5141156135970808,0.2555544324169262
egfr,1,52,proto_ratio,824,0.5088963951242107,0.23849818387970248
egfr,1,53,full,824,0.6146251087337181,0.26518094618365595
egfr,1,53,centroid,824,0.6886770071961952,0.25492929115437335
egfr,1,53,proto_ratio,824,0.689851896203075,0.2528695959540903
egfr,1,54,full,824,0.3310249776884059,0.10923186955792916
egfr,1,54,centroid,824,0.29077373219308844,0.10351714986119008
egfr,1,54,proto_ratio,824,0.2882544990341057,0.1033369300827761
egfr,1,55,full,824,0.459641432912708,0.13986273699818152
egfr,1,55,centroid,824,0.37145697533862787,0.11717601819803966
egfr,1,55,proto_ratio,824,0.3574373863238401,0.11445311048952146
egfr,1,56,full,824,0.4052350342864244,0.12035160422478201
egfr,1,56,centroid,824,0.41736802268439543,0.12800307383868648
egfr,1,56,proto_ratio,824,0.36768377410499437,0.1143568331106406
egfr,1,57,full,824,0.5265423242467719,0.24806213830792317
egfr,1,57,centroid,824,0.535523446943594,0.291817261898701
egfr,1,57,proto_ratio,824,0.5289033992702132,0.26184130460764227
egfr,1,58,full,824,0.5934319185711542,0.1784311861358291
egfr,1,58,centroid,824,0.7048995130988827,0.4459460502118982
egfr,1,58,proto_ratio,824,0.7031258825788814,0.38591292139352396
egfr,1,59,full,824,0.5893198070470745,0.23944802850407362
egfr,1,59,centroid,824,0.5065692111298139,0.21027788635648453
egfr,1,59,proto_ratio,824,0.5206000971542832,0.21075793913433197
egfr,1,60,full,824,0.4835120143697963,0.15516209414658355
egfr,1,60,centroid,824,0.5413301099199042,0.30446339560885627
egfr,1,60,proto_ratio,824,0.5367096329601554,0.28473842813031264
egfr,1,61,full,824,0.5903139438990499,0.2427739772551718
egfr,1,61,centroid,824,0.5161264813203945,0.2195139539148533
egfr,1,61,proto_ratio,824,0.5505258758006756,0.22351061131497874
egfr,1,62,full,824,0.5275477581084288,0.16815839806472793
egfr,1,62,centroid,824,0.3426157096216631,0.11422893616399349
egfr,1,62,proto_ratio,824,0.3387295382912143,0.1111289147914215
egfr,1,63,full,824,0.7044928207503475,0.2732427535466665
egfr,1,63,centroid,824,0.6966752900507235,0.23914607055813453
egfr,1,63,proto_ratio,824,0.6979744461641003,0.23959285371301556
egfr,1,64,full,824,0.48298105491476406,0.19257468348921902
egfr,1,64,centroid,824,0.5088060190467583,0.2560880363224409
egfr,1,64,proto_ratio,824,0.5011353494729944,0.24174855226035002
egfr,1,65,full,824,0.4303256927891187,0.13916840078564785
egfr,1,65,centroid,824,0.5097097798212813,0.22232949122102302
egfr,1,65,proto_ratio,824,0.5070775765654831,0.21862534498721603
egfr,1,66,full,824,0.4120923191631175,0.13808646397428717
egfr,1,66,centroid,824,0.32216812209808066,0.1104442957136157
egfr,1,66,proto_ratio,824,0.31960370090037166,0.10818884129718567
egfr,1,67,full,824,0.7790417876388122,0.47307504391806715
egfr,1,67,centroid,824,0.7441792157615877,0.35859557662564456
egfr,1,67,proto_ratio,824,0.7523808447903839,0.33918020280422156
egfr,1,68,full,824,0.32765846880330773,0.12154520009711978
egfr,1,68,centroid,824,0.27963488064709274,0.1039787156251869
egfr,1,68,proto_ratio,824,0.2746641963872163,0.1026577446830465
egfr,1,69,full,824,0.7646719913238965,0.4054421909073566
egfr,1,69,centroid,824,0.7436482563065557,0.3357834428731213
egfr,1,69,proto_ratio,824,0.7498051265829935,0.3216236858155971
egfr,1,70,full,824,0.6039720286040284,0.2565669184709151
egfr,1,70,centroid,824,0.6862481501146647,0.2543900203215795
egfr,1,70,proto_ratio,824,0.6862594471243462,0.2507613367520882
egfr,1,71,full,824,0.5310724251290684,0.23531130234582864
egfr,1,71,centroid,824,0.4803375546492843,0.18970401994417826
egfr,1,71,proto_ratio,824,0.47862040917769066,0.1895614959982866
egfr,1,72,full,824,0.42891356657892654,0.12849140971525053
egfr,1,72,centroid,824,0.41417096894452043,0.13890195463900049
egfr,1,72,proto_ratio,824,0.3410115342468848,0.10981383434761924
egfr,1,73,full,824,0.6034071781199517,0.24607327506894364
egfr,1,73,centroid,824,0.6720365119352907,0.24140315555232722
egfr,1,73,proto_ratio,824,0.673301777019623,0.23976257632598494
egfr,1,74,full,824,0.7603791276449123,0.452726571994524
egfr,1,74,centroid,824,0.7254148826805544,0.35947509291070845
egfr,1,74,proto_ratio,824,0.7240931325478146,0.3567749980223264
egfr,1,75,full,824,0.5930365232323005,0.22079240801755512
egfr,1,75,centroid,824,0.6815147030581005,0.2369872123827026
egfr,1,75,proto_ratio,824,0.6856381115918616,0.23907894140690628
egfr,1,76,full,824,0.5905624781120438,0.22428455631965313
egfr,1,76,centroid,824,0.5074955659236999,0.19958329311114215
egfr,1,76,proto_ratio,824,0.5618115884725313,0.2099178286363772
egfr,1,77,full,824,0.6925857725460071,0.25176420744015676
egfr,1,77,centroid,824,0.6838644810718604,0.23867309329883218
egfr,1,77,proto_ratio,824,0.6846439747398865,0.23914952337160766
egfr,1,78,full,824,0.5291745275025701,0.1528541045291481
egfr,1,78,centroid,824,0.479467684903806,0.1412747411137798
egfr,1,78,proto_ratio,824,0.4938374812187214,0.1449047262289787
egfr,1,79,full,824,0.4038793931246399,0.12239074870089378
egfr,1,79,centroid,824,0.5150758594200116,0.2730612621611943
egfr,1,79,proto_ratio,824,0.5082411685626815,0.2646133371757913
egfr,1,80,full,824,0.3953501508150793,0.12040294580283907
egfr,1,80,centroid,824,0.39474011229227624,0.11791411609589053
egfr,1,80,proto_ratio,824,0.3869677696313786,0.11670230947481132
egfr,1,81,full,824,0.766321354737401,0.41633251511840635
egfr,1,81,centroid,824,0.7415357154961082,0.3385286732401001
egfr,1,81,proto_ratio,824,0.7471616263175137,0.3157000132807088
egfr,1,82,full,824,0.34426507303516757,0.12903698251350953
egfr,1,82,centroid,824,0.2806742055377941,0.10544079401644872
egfr,1,82,proto_ratio,824,0.2782453484562636,0.10464703762633584
egfr,1,83,full,824,0.4214688371987934,0.13076874504169994
egfr,1,83,centroid,824,0.5376020967249969,0.2913976191632271
egfr,1,83,proto_ratio,824,0.5351619426337848,0.2742173838973445
egfr,1,84,full,824,0.7498390176120381,0.348001027571559
egfr,1,84,centroid,824,0.7498955026604458,0.3366782424771134
egfr,1,84,proto_ratio,824,0.7549678600074561,0.31655231238788484
egfr,1,85,full,824,0.7643217840237688,0.40267496344097814
egfr,1,85,centroid,824,0.7337633728352106,0.34429665378148744
egfr,1,85,proto_ratio,824,0.7407449248184006,0.3372887862897076
egfr,1,86,full,824,0.38995018018730443,0.12240123913415077
egfr,1,86,centroid,824,0.3141020571854631,0.10714848996426948
egfr,1,86,proto_ratio,824,0.3112665077553972,0.10640808041572034
egfr,1,87,full,824,0.6088862278154972,0.26520465152160344
egfr,1,87,centroid,824,0.6736180932907059,0.24006916519495786
egfr,1,87,proto_ratio,824,0.6790745489668885,0.23994384306869715
egfr,1,88,full,824,0.48888939097820805,0.172103240188881
egfr,1,88,centroid,824,0.5314678204679222,0.2534698314939429
egfr,1,88,proto_ratio,824,0.5243845953975983,0.23687812789647622
egfr,1,89,full,824,0.5028073069058621,0.18038902550715646
egfr,1,89,centroid,824,0.534325963917351,0.25134550661278043
egfr,1,89,proto_ratio,824,0.5286887560862639,0.24112371893427792
egfr,1,90,full,824,0.5731537861927948,0.20372322168152202
egfr,1,90,centroid,824,0.4730057953659666,0.18312665747319473
egfr,1,90,proto_ratio,824,0.4843931811249562,0.18569802205592995
egfr,1,91,full,824,0.3937572724499825,0.1199383786730593
egfr,1,91,centroid,824,0.38765688722195235,0.11884368341442061
egfr,1,91,proto_ratio,824,0.39712378133508064,0.12112621495513864
egfr,1,92,full,824,0.42358137800924095,0.13001867139182213
egfr,1,92,centroid,824,0.5352749127306002,0.2694261929502898
egfr,1,92,proto_ratio,824,0.5322925021746743,0.25354706338431193
egfr,1,93,full,824,0.7842045210632747,0.4845428196139894
egfr,1,93,centroid,824,0.7661293055728149,0.36786512908882957
egfr,1,93,proto_ratio,824,0.7710435047842836,0.36084390023876717
egfr,1,94,full,824,0.5167591138625606,0.1571162646199956
egfr,1,94,centroid,824,0.39054892170042593,0.11711326194741903
egfr,1,94,proto_ratio,824,0.40770907940668105,0.12049035299768537
egfr,1,95,full,824,0.7702301200872129,0.4337326972317912
egfr,1,95,centroid,824,0.7460093313299969,0.31027554073896757
egfr,1,95,proto_ratio,824,0.7439306815485941,0.3001645224251183
egfr,1,96,full,824,0.5291067454444809,0.1762891750014392
egfr,1,96,centroid,824,0.4551565200691377,0.25151483085840376
egfr,1,96,proto_ratio,824,0.43969091381511316,0.2276787305141012
egfr,1,97,full,824,0.32768106282267084,0.11416477731461143
egfr,1,97,centroid,824,0.2462748110575131,0.09802860658700831
egfr,1,97,proto_ratio,824,0.2355878398987788,0.09686660236868258
egfr,1,98,full,824,0.32581705622521717,0.1239752169453061
egfr,1,98,centroid,824,0.2721788542572781,0.1026590182172386
egfr,1,98,proto_ratio,824,0.27023576859205367,0.10202849166628081
egfr,1,99,full,824,0.6078130118957511,0.2549587299305349
egfr,1,99,centroid,824,0.6955229950632067,0.2569608146510948
egfr,1,99,proto_ratio,824,0.6958054203052452,0.254464802708806
egfr,2,0,full,822,0.7679597701149425,0.40509971695611424
egfr,2,0,centroid,822,0.7367724867724867,0.34754791994221224
egfr,2,0,proto_ratio,822,0.745358967341726,0.33841914521114747
egfr,2,1,full,822,0.770320197044335,0.41359105953763203
egfr,2,1,centroid,822,0.7659984491881042,0.3374366948316352
egfr,2,1,proto_ratio,822,0.7693965517241379,0.323066730871087
egfr,2,2,full,822,0.7743340631271667,0.4661064954496215
egfr,2,2,centroid,822,0.7541164933406311,0.3213472603129184
egfr,2,2,proto_ratio,822,0.7516876482393724,0.3123618081300024
egfr,2,3,full,822,0.7522577996715928,0.42074430722389644
egfr,2,3,centroid,822,0.7298166392993979,0.3660039193941822
egfr,2,3,proto_ratio,822,0.7281403940886699,0.34294245437747045
egfr,2,4,full,822,0.5103197409231892,0.19356988028984468
egfr,2,4,centroid,822,0.45606413063309614,0.1540945026390519
egfr,2,4,proto_ratio,822,0.42613118044152526,0.13440379380423637
egfr,2,5,full,822,0.7170794563035942,0.29683030098742635
egfr,2,5,centroid,822,0.6974320379492793,0.2571838778027867
egfr,2,5,proto_ratio,822,0.6965654077723042,0.25345411015403485
egfr,2,6,full,822,0.5371054552089035,0.22383676089133234
egfr,2,6,centroid,822,0.5184957124612297,0.2613161742237564
egfr,2,6,proto_ratio,822,0.5175150519978106,0.2506561838549695
egfr,2,7,full,822,0.7346743295019157,0.29182584232696257
egfr,2,7,centroid,822,0.7560436051815363,0.2942077379133793
egfr,2,7,proto_ratio,822,0.7575259989053091,0.2906733622581943
egfr,2,8,full,822,0.766044061302682,0.399879988761866
egfr,2,8,centroid,822,0.7506613756613756,0.3393618657177226
egfr,2,8,proto_ratio,822,0.7551997810618502,0.32595550235909915
egfr,2,9,full,822,0.6814906039043971,0.2977968226293223
egfr,2,9,centroid,822,0.6985267286991425,0.26206766197578013
egfr,2,9,proto_ratio,822,0.6988916256157636,0.25809525160625246
egfr,2,10,full,822,0.3634715380405036,0.1130615914207422
egfr,2,10,centroid,822,0.31513409961685823,0.10715697406246336
egfr,2,10,proto_ratio,822,0.314484126984127,0.10661532630251207
egfr,2,11,full,822,0.5834245575624886,0.21894255166776755
egfr,2,11,centroid,822,0.6682288815909506,0.2377887667179479
egfr,2,11,proto_ratio,822,0.6695402298850575,0.23735373964899023
egfr,2,12,full,822,0.6968276774311257,0.3037367789643853
egfr,2,12,centroid,822,0.6886403028644409,0.2518855863208423
egfr,2,12,proto_ratio,822,0.68884555738004,0.24942650762949325
egfr,2,13,full,822,0.7174557562488596,0.2919259167819651
egfr,2,13,centroid,822,0.6949233716475096,0.25719701259762756
egfr,2,13,proto_ratio,822,0.6939199051268017,0.2539982247650959
egfr,2,14,full,822,0.7402960226236087,0.30774225194549004
egfr,2,14,centroid,822,0.712461229702609,0.2541864765594789
egfr,2,14,proto_ratio,822,0.7147874475460683,0.2551289136316642
egfr,2,15,full,822,0.44630313811348293,0.12727419044864383
egfr,2,15,centroid,822,0.5192825214376938,0.2940431507923462
egfr,2,15,proto_ratio,822,0.5226920270023718,0.30076916885097615
egfr,2,16,full,822,0.7435800948731984,0.33304078555677885
egfr,2,16,centroid,822,0.6962917350848384,0.2548326305515293
egfr,2,16,proto_ratio,822,0.6973636197774128,0.2524608396764073
egfr,2,17,full,822,0.4629173508483853,0.13135939857034679
egfr,2,17,centroid,822,0.5130564677978471,0.22746443760994017
egfr,2,17,proto_ratio,822,0.5136950374019338,0.22716645299268168
egfr,2,18,full,822,0.599058109833972,0.2279924966648751
egfr,2,18,centroid,822,0.6830642218573253,0.24310994747509104
egfr,2,18,proto_ratio,822,0.6854474548440066,0.24333763200291095
egfr,2,19,full,822,0.5760467980295566,0.225470667378675
egfr,2,19,centroid,822,0.6639527458492976,0.24344012441550622
egfr,2,19,proto_ratio,822,0.6846264367816093,0.2506571135811433
egfr,2,20,full,822,0.5596948549534756,0.25738272733448403
egfr,2,20,centroid,822,0.5625,0.25569279737664086
egfr,2,20,proto_ratio,822,0.5569809341361065,0.23396154208798453
egfr,2,21,full,822,0.7127234993614304,0.2918674697445774
egfr,2,21,centroid,822,0.6878534938879766,0.2587526721262934
egfr,2,21,proto_ratio,822,0.687135103083379,0.2527850351452545
egfr,2,22,full,822,0.4576719576719577,0.13261295572605314
egfr,2,22,centroid,822,0.4483214741835432,0.14382440772319716
egfr,2,22,proto_ratio,822,0.45365809158912607,0.1468062808239709
egfr,2,23,full,822,0.46894955300127716,0.14120104164142283
egfr,2,23,centroid,822,0.5004447181171319,0.19009515926677623
egfr,2,23,proto_ratio,822,0.4990877577084474,0.18875664253830743
egfr,2,24,full,822,0.6329365079365079,0.18642364162557704
egfr,2,24,centroid,822,0.6502006933041415,0.3069400016997639
egfr,2,24,proto_ratio,822,0.646437693851487,0.29833230520820664
egfr,2,25,full,822,0.3709063127166575,0.12110971544826665
egfr,2,25,centroid,822,0.25020525451559933,0.09813468828296684
egfr,2,25,proto_ratio,822,0.25226920270023717,0.09853593514748762
egfr,2,26,full,822,0.7192346287173873,0.2917455196591381
egfr,2,26,centroid,822,0.6991082831600073,0.2643434698880329
egfr,2,26,proto_ratio,822,0.6977285166940339,0.2568396842657788
egfr,2,27,full,822,0.754720853858785,0.3937790163667697
egfr,2,27,centroid,822,0.7378329684364167,0.4589673807118435
egfr,2,27,proto_ratio,822,0.736555829228243,0.4149696227325466
egfr,2,28,full,822,0.6007457580733443,0.23523502753495168
egfr,2,28,centroid,822,0.6724822112753148,0.23945677306865287
egfr,2,28,proto_ratio,822,0.6742154716292648,0.23929202943111033
egfr,2,29,full,822,0.707546524356869,0.28324089180061285
egfr,2,29,centroid,822,0.7006476920270024,0.24651445560159002
egfr,2,29,proto_ratio,822,0.6998038679073162,0.24579591330631334
egfr,2,30,full,822,0.6025588396278052,0.24046525079568182
egfr,2,30,centroid,822,0.6858123517606276,0.24468152837540713
egfr,2,30,proto_ratio,822,0.6884692574347747,0.24461862772094328
egfr,2,31,full,822,0.646551724137931,0.22494921443056792
egfr,2,31,centroid,822,0.5761266192300676,0.20876426963523786
egfr,2,31,proto_ratio,822,0.5820447910965153,0.20892909504205082
egfr,2,32,full,822,0.767161558109834,0.4304942517339143
egfr,2,32,centroid,822,0.680988870644043,0.33571503152528787
egfr,2,32,proto_ratio,822,0.6701673964604999,0.33105843425481407
egfr,2,33,full,822,0.6763250319284803,0.25422432130213135
egfr,2,33,centroid,822,0.7378215654077724,0.3592733278454531
egfr,2,33,proto_ratio,822,0.7484605911330049,0.33877645986719496
egfr,2,34,full,822,0.5308451924831235,0.21230100443204641
egfr,2,34,centroid,822,0.5523056923918992,0.21146273256568618
egfr,2,34,proto_ratio,822,0.5491584564860427,0.2087522500901649
egfr,2,35,full,822,0.7790549169859515,0.4526567393358493
egfr,2,35,centroid,822,0.7445835613939061,0.3718801867211496
egfr,2,35,proto_ratio,822,0.7512429301222405,0.34481821443642974
egfr,2,36,full,822,0.6000045612114577,0.23541598166588468
egfr,2,36,centroid,822,0.6823230249954388,0.23754404322795217
egfr,2,36,proto_ratio,822,0.6849229155263638,0.23881786756992987
egfr,2,37,full,822,0.7401477832512315,0.3221275119507451
egfr,2,37,centroid,822,0.7471606458675424,0.2933467549721124
egfr,2,37,proto_ratio,822,0.7439792008757525,0.2886048526743347
egfr,2,38,full,822,0.5838692756796207,0.2244055215965506
egfr,2,38,centroid,822,0.6916050903119868,0.2336994848220078
egfr,2,38,proto_ratio,822,0.6931330961503376,0.23433369513022428
egfr,2,39,full,822,0.6973522167487686,0.2548803307006884
egfr,2,39,centroid,822,0.719565316548075,0.3229931581203844
egfr,2,39,proto_ratio,822,0.7295201605546433,0.3194759046985483
egfr,2,40,full,822,0.48368226600985226,0.13747889902931393
egfr,2,40,centroid,822,0.5474480021893815,0.28059318054054705
egfr,2,40,proto_ratio,822,0.5459770114942529,0.2803567650270875
egfr,2,41,full,822,0.33197637292464877,0.10864080999344719
egfr,2,41,centroid,822,0.3493089764641489,0.11403236453222189
egfr,2,41,proto_ratio,822,0.3464924283889801,0.11345446607802058
egfr,2,42,full,822,0.4203042328042328,0.1228016072301085
egfr,2,42,centroid,822,0.4087415617588031,0.12330911002271161
egfr,2,42,proto_ratio,822,0.39093003101623786,0.1179015176325172
egfr,2,43,full,822,0.6568144499178983,0.25466652294030095
egfr,2,43,centroid,822,0.668491151249772,0.23366515583631664
egfr,2,43,proto_ratio,822,0.6700647692027003,0.23450385478804397
egfr,2,44,full,822,0.5288952745849298,0.21311325230451778
egfr,2,44,centroid,822,0.4719143404488233,0.18912529664441552
egfr,2,44,proto_ratio,822,0.47530103995621237,0.18565099547101538
egfr,2,45,full,822,0.5749293012224046,0.17415775018829524
egfr,2,45,centroid,822,0.7575944170771758,0.41741841583699946
egfr,2,45,proto_ratio,822,0.7811986863711002,0.38737744223200565
egfr,2,46,full,822,0.7482781426746944,0.4023604329149557
egfr,2,46,centroid,822,0.676963601532567,0.390290420260345
egfr,2,46,proto_ratio,822,0.6621054552089035,0.33794017943705507
egfr,2,47,full,822,0.5898558657179347,0.22734344448244226
egfr,2,47,centroid,822,0.6822318007662835,0.2462136408942685
egfr,2,47,proto_ratio,822,0.6837712096332786,0.24626491429743447
egfr,2,48,full,822,0.5814062214924284,0.16729931821011162
egfr,2,48,centroid,822,0.7748700054734539,0.360309607805563
egfr,2,48,proto_ratio,822,0.7738095238095238,0.3316012993402514
egfr,2,49,full,822,0.3972587119138844,0.1300845846417188
egfr,2,49,centroid,822,0.2722245028279511,0.10259139981121432
egfr,2,49,proto_ratio,822,0.27247536945812806,0.10243467086416966
egfr,2,50,full,822,0.39481846378398106,0.11913841810078474
egfr,2,50,centroid,822,0.3711913884327677,0.11850184386770778
egfr,2,50,proto_ratio,822,0.36488551359241017,0.12147545655876663
egfr,2,51,full,822,0.5186097427476738,0.14397901343025313
egfr,2,51,centroid,822,0.43842364532019706,0.1332536221722745
egfr,2,51,proto_ratio,822,0.4351395730706076,0.13265608254197542
egfr,2,52,full,822,0.7195995256340083,0.37744123689978304
egfr,2,52,centroid,822,0.5384852216748768,0.36157635896208973
egfr,2,52,proto_ratio,822,0.5414043970078453,0.3601747308759369
egfr,2,53,full,822,0.7137269658821384,0.2903340641325914
egfr,2,53,centroid,822,0.6911717752234994,0.2629325687050693
egfr,2,53,proto_ratio,822,0.6897692027002372,0.2556265317235236
egfr,2,54,full,822,0.58301404853129,0.2586256399598588
egfr,2,54,centroid,822,0.6684227330779055,0.23997074183436554
egfr,2,54,proto_ratio,822,0.6674534756431307,0.2380851919725259
egfr,2,55,full,822,0.7379355956942164,0.30298344199915295
egfr,2,55,centroid,822,0.7698640758985587,0.3719366776206211
egfr,2,55,proto_ratio,822,0.7707307060755337,0.3642922163624893
egfr,2,56,full,822,0.7238414522897282,0.29380133955287185
egfr,2,56,centroid,822,0.577175697865353,0.31020348026286637
egfr,2,56,proto_ratio,822,0.566776135741653,0.29222136567752865
egfr,2,57,full,822,0.7404328589673417,0.41498788275388404
egfr,2,57,centroid,822,0.5888181901112935,0.4005255560237061
egfr,2,57,proto_ratio,822,0.5792510490786353,0.38823507812845004
egfr,2,58,full,822,0.7204547527823391,0.32544175208445253
egfr,2,58,centroid,822,0.731105181536216,0.4216041337181909
egfr,2,58,proto_ratio,822,0.730740284619595,0.3537494783800057
egfr,2,59,full,822,0.6359469074986317,0.27070820407028007
egfr,2,59,centroid,822,0.700636288998358,0.25435766782993907
egfr,2,59,proto_ratio,822,0.7000319284802043,0.25163930319414096
egfr,2,60,full,822,0.7390873015873016,0.3903204151865555
egfr,2,60,centroid,822,0.5996624703521256,0.3790773795656997
egfr,2,60,proto_ratio,822,0.5925811895639482,0.32579936601764453
egfr,2,61,full,822,0.5897646414887794,0.2280242358910382
egfr,2,61,centroid,822,0.6741242474001095,0.24219162411196943
egfr,2,61,proto_ratio,822,0.6759259259259259,0.24208061592516525
egfr,2,62,full,822,0.5830482576172231,0.2560504071554197
egfr,2,62,centroid,822,0.7001117496807152,0.2581196098008904
egfr,2,62,proto_ratio,822,0.7016853676336435,0.25721629877759256
egfr,2,63,full,822,0.7442414705345739,0.3116526728547623
egfr,2,63,centroid,822,0.7336594599525634,0.3203175623933012
egfr,2,63,proto_ratio,822,0.7355409596788908,0.319195759797
egfr,2,64,full,822,0.7235221674876846,0.272570368870404
egfr,2,64,centroid,822,0.7177750410509031,0.30344844591667763
egfr,2,64,proto_ratio,822,0.7174557562488597,0.29492157458951346
egfr,2,65,full,822,0.40658638934501,0.120332461847557
egfr,2,65,centroid,822,0.3226486954935231,0.10835488323442415
egfr,2,65,proto_ratio,822,0.3204022988505747,0.10739727685870105
egfr,2,66,full,822,0.5366379310344828,0.14917689009604473
egfr,2,66,centroid,822,0.6194125159642401,0.19998477836739761
egfr,2,66,proto_ratio,822,0.6224229155263639,0.20055659075524465
egfr,2,67,full,822,0.718276774311257,0.2959294179098224
egfr,2,67,centroid,822,0.6940225323846013,0.24590929876937778
egfr,2,67,proto_ratio,822,0.6952312534209086,0.24638194447239625
egfr,2,68,full,822,0.3501413975551907,0.11665186943390628
egfr,2,68,centroid,822,0.2721674876847291,0.10180700869676393
egfr,2,68,proto_ratio,822,0.2724069512862616,0.10129357498157936
egfr,2,69,full,822,0.7440932311621966,0.4353345944705096
egfr,2,69,centroid,822,0.5638911694946177,0.375954528004103
egfr,2,69,proto_ratio,822,0.5574028461959496,0.35396810598113704
egfr,2,70,full,822,0.7335796387520526,0.2934034647889595
egfr,2,70,centroid,822,0.767526455026455,0.33031728434699054
egfr,2,70,proto_ratio,822,0.7653484765553731,0.32493577068149854
egfr,2,71,full,822,0.4278416347381865,0.12389122811345465
egfr,2,71,centroid,822,0.5390667761357416,0.33766246515373344
egfr,2,71,proto_ratio,822,0.5368089764641489,0.32879317127674257
egfr,2,72,full,822,0.4406130268199233,0.12861426077674326
egfr,2,72,centroid,822,0.41686051815362163,0.1271342986289649
egfr,2,72,proto_ratio,822,0.4145343003101625,0.1258428414798614
egfr,2,73,full,822,0.6459245575624886,0.2636837770838348
egfr,2,73,centroid,822,0.6935322021528918,0.24633997077698044
egfr,2,73,proto_ratio,822,0.6944900565590222,0.24531168236061812
egfr,2,74,full,822,0.7295999817551541,0.3206871251888951
egfr,2,74,centroid,822,0.7071588213829593,0.2538605501326891
egfr,2,74,proto_ratio,822,0.7061439518336069,0.25154464151926625
egfr,2,75,full,822,0.7298964604999088,0.3129857308597861
egfr,2,75,centroid,822,0.6899516511585478,0.2394417521920344
egfr,2,75,proto_ratio,822,0.6915708812260536,0.24108925898296124
egfr,2,76,full,822,0.5855113118044153,0.23319048378831536
egfr,2,76,centroid,822,0.5119845831052728,0.20236263570872348
egfr,2,76,proto_ratio,822,0.561633369823025,0.21062307190039356
egfr,2,77,full,822,0.7064860426929392,0.27319389621508394
egfr,2,77,centroid,822,0.687192118226601,0.24006284842457212
egfr,2,77,proto_ratio,822,0.6877166575442437,0.24017469675910078
egfr,2,78,full,822,0.711594599525634,0.29068760345455325
egfr,2,78,centroid,822,0.7406837255975187,0.3718486721618944
egfr,2,78,proto_ratio,822,0.7503420908593321,0.35888409123185055
egfr,2,79,full,822,0.5797755883962781,0.22277291984828834
egfr,2,79,centroid,822,0.6661193212917352,0.2204222064712018
egfr,2,79,proto_ratio,822,0.6695402298850575,0.22127488171305826
egfr,2,80,full,822,0.6422983944535668,0.2012419559871611
egfr,2,80,centroid,822,0.6746031746031746,0.2423924606618116
egfr,2,80,proto_ratio,822,0.6737821565407773,0.2459810934841267
egfr,2,81,full,822,0.7294517423827769,0.3263113625386991
egfr,2,81,centroid,822,0.6869868637110017,0.25177167758990154
egfr,2,81,proto_ratio,822,0.6871807151979566,0.2495860798339135
egfr,2,82,full,822,0.3430601167670133,0.1104069646880195
egfr,2,82,centroid,822,0.30316091954022995,0.10964821758679634
egfr,2,82,proto_ratio,822,0.3024881408502098,0.10858501135905804
egfr,2,83,full,822,0.5961275314723591,0.22712623960666792
egfr,2,83,centroid,822,0.6857097245028279,0.23917160410819735
egfr,2,83,proto_ratio,822,0.6872149242838897,0.23783725439680845
egfr,2,84,full,822,0.7534551176792557,0.39336216242558086
egfr,2,84,centroid,822,0.7528393541324576,0.3170164212275766
egfr,2,84,proto_ratio,822,0.7550971538040503,0.29790066441701557
egfr,2,85,full,822,0.714194490056559,0.2864654965310972
egfr,2,85,centroid,822,0.6893929027549717,0.24399588988793447
egfr,2,85,proto_ratio,822,0.6902025177887247,0.24369856151930835
egfr,2,86,full,822,0.3024995438788542,0.10722407887877204
egfr,2,86,centroid,822,0.30683269476372926,0.10466425479680463
egfr,2,86,proto_ratio,822,0.30505382229520156,0.10425434690284383
egfr,2,87,full,822,0.5504584017515052,0.21253299350697402
egfr,2,87,centroid,822,0.6597678343367999,0.2327052979289829
egfr,2,87,proto_ratio,822,0.658262634555738,0.23014030285150694
egfr,2,88,full,822,0.3587734902390075,0.11314785429080902
egfr,2,88,centroid,822,0.32413108921729616,0.10820248951547559
egfr,2,88,proto_ratio,822,0.32242063492063494,0.10807216020274953
egfr,2,89,full,822,0.4030172413793103,0.11983751173606912
egfr,2,89,centroid,822,0.5736863711001643,0.3337060948694291
egfr,2,89,proto_ratio,822,0.568931308155446,0.31594138860434917
egfr,2,90,full,822,0.5994116037219486,0.23480686365782344
egfr,2,90,centroid,822,0.6780582922824302,0.23887076603921226
egfr,2,90,proto_ratio,822,0.6803617040686007,0.23893504233252405
egfr,2,91,full,822,0.7033616128443714,0.2696057521296972
egfr,2,91,centroid,822,0.7145821930304689,0.40439176393806375
egfr,2,91,proto_ratio,822,0.718721492428389,0.3409255086278587
egfr,2,92,full,822,0.6950602079912425,0.3450227598405534
egfr,2,92,centroid,822,0.5652253238460134,0.29461065448472523
egfr,2,92,proto_ratio,822,0.5623517606276227,0.28212124067776884
egfr,2,93,full,822,0.7458036854588579,0.4205489931299369
egfr,2,93,centroid,822,0.5405947819740924,0.3637433285814228
egfr,2,93,proto_ratio,822,0.5443919905126802,0.33366970992918354
egfr,2,94,full,822,0.4560071154898741,0.14233742676758088
egfr,2,94,centroid,822,0.43248266739646046,0.12938911005269194
egfr,2,94,proto_ratio,822,0.4416507024265645,0.13380025984611893
egfr,2,95,full,822,0.7392811530742566,0.3255166807527484
egfr,2,95,centroid,822,0.6942391899288451,0.2554316243253592
egfr,2,95,proto_ratio,822,0.693874293012224,0.25195815795052884
egfr,2,96,full,822,0.5478927203065134,0.22028469956044314
egfr,2,96,centroid,822,0.45171957671957674,0.19979346054871727
egfr,2,96,proto_ratio,822,0.45178799489144317,0.20252323704609804
egfr,2,97,full,822,0.33218162744024815,0.10879337759944202
egfr,2,97,centroid,822,0.2760331143951834,0.1012485559689726
egfr,2,97,proto_ratio,822,0.2758050538222952,0.10103830492055425
egfr,2,98,full,822,0.5609377850757161,0.25205527426879143
egfr,2,98,centroid,822,0.5099662470352125,0.22202384556985205
egfr,2,98,proto_ratio,822,0.5061690384966246,0.21459197164710997
egfr,2,99,full,822,0.6934181718664477,0.3033626148671224
egfr,2,99,centroid,822,0.7007503192848021,0.2570560170904853
egfr,2,99,proto_ratio,822,0.7018222039773765,0.255257652933635
egfr,5,0,full,816,0.7795727307922429,0.4602156940735882
egfr,5,0,centroid,816,0.7617405178380788,0.35579504557714187
egfr,5,0,proto_ratio,816,0.7636175928858855,0.3366587869027692
egfr,5,1,full,816,0.7500557256654817,0.32063788038903845
egfr,5,1,centroid,816,0.7110360281091989,0.25768697094006543
egfr,5,1,proto_ratio,816,0.7097455390138316,0.25406222194135053
egfr,5,2,full,816,0.7100153685519539,0.30645521208071524
egfr,5,2,centroid,816,0.7454216966412088,0.3032692771548281
egfr,5,2,proto_ratio,816,0.7454686235174041,0.2968765005935673
egfr,5,3,full,816,0.7506892384941166,0.36411545643206283
egfr,5,3,centroid,816,0.7803704876875608,0.38139792144508283
egfr,5,3,proto_ratio,816,0.7853682000023463,0.37061344149459724
egfr,5,4,full,816,0.4819272868053356,0.14501642080739727
egfr,5,4,centroid,816,0.39887844765893543,0.11999427250049845
egfr,5,4,proto_ratio,816,0.35091918018747287,0.10889875493886716
egfr,5,5,full,816,0.7154119593143984,0.2715671693517758
egfr,5,5,centroid,816,0.6995858703175777,0.2525368516871393
egfr,5,5,proto_ratio,816,0.699233918746114,0.2531460341534364
egfr,5,6,full,816,0.41184199720785086,0.11887857348264608
egfr,5,6,centroid,816,0.4024096950926219,0.11873027624856869
egfr,5,6,proto_ratio,816,0.3934466617393446,0.11679470316599648
egfr,5,7,full,816,0.7173124978003027,0.2907760710035732
egfr,5,7,centroid,816,0.6965004282077453,0.24158540948889365
egfr,5,7,proto_ratio,816,0.6981311371555274,0.24079999112716385
egfr,5,8,full,816,0.7428876453266697,0.3305967939382468
egfr,5,8,centroid,816,0.70646065768017,0.26109325137265743
egfr,5,8,proto_ratio,816,0.706003120637267,0.25663565667371735
egfr,5,9,full,816,0.7796665845446332,0.4691144136137668
egfr,5,9,centroid,816,0.7107192716948814,0.24964508677965813
egfr,5,9,proto_ratio,816,0.7081617569422447,0.2474258221787595
egfr,5,10,full,816,0.4357512406292894,0.12367129612111355
egfr,5,10,centroid,816,0.5468506200213518,0.32369144468995437
egfr,5,10,proto_ratio,816,0.5462288389117659,0.3194958874495763
egfr,5,11,full,816,0.6912446180738864,0.27961527307226014
egfr,5,11,centroid,816,0.6871619798449067,0.2339592383582542
egfr,5,11,proto_ratio,816,0.687818956111639,0.2399204297868159
egfr,5,12,full,816,0.7711962833914054,0.3881273647942136
egfr,5,12,centroid,816,0.7046422412276071,0.25684802528397543
egfr,5,12,proto_ratio,816,0.7036450451084598,0.25402865623545656
egfr,5,13,full,816,0.7268386536679221,0.2842432587812531
egfr,5,13,centroid,816,0.6924412534168631,0.24616265251554317
egfr,5,13,proto_ratio,816,0.6926406926406926,0.24523692586850054
egfr,5,14,full,816,0.652752847874799,0.24238487784607438
egfr,5,14,centroid,816,0.6889921280165181,0.24200649610638394
egfr,5,14,proto_ratio,816,0.689965860697568,0.24162047153628652
egfr,5,15,full,816,0.5311183847769214,0.14883795723412896
egfr,5,15,centroid,816,0.5339222656295827,0.31730071005619775
egfr,5,15,proto_ratio,816,0.5339457290676803,0.3031279800550905
egfr,5,16,full,816,0.5481059139595724,0.22321384858652354
egfr,5,16,centroid,816,0.6848625629113434,0.24162519302057073
egfr,5,16,proto_ratio,816,0.6877602975163951,0.2419618560676538
egfr,5,17,full,816,0.6753364070437241,0.2079130618047494
egfr,5,17,centroid,816,0.7050880465514612,0.24373411414344032
egfr,5,17,proto_ratio,816,0.7073288048897806,0.24452500942568836
egfr,5,18,full,816,0.5627119041753188,0.1950649453007735
egfr,5,18,centroid,816,0.6683794976477904,0.2296582575023822
egfr,5,18,proto_ratio,816,0.6700102065955725,0.23016721995026762
egfr,5,19,full,816,0.548188035992914,0.2099028742360799
egfr,5,19,centroid,816,0.6908926665024226,0.24709701307092763
egfr,5,19,proto_ratio,816,0.6968758432173066,0.24823488603885926
egfr,5,20,full,816,0.7347810274639541,0.285408831537295
egfr,5,20,centroid,816,0.8064852942901725,0.3884963490647564
egfr,5,20,proto_ratio,816,0.7946479897699409,0.3496488037446232
egfr,5,21,full,816,0.7327749035066108,0.3079599262768745
egfr,5,21,centroid,816,0.6926054974835464,0.2505700592253792
egfr,5,21,proto_ratio,816,0.692910522178815,0.24731742278158428
egfr,5,22,full,816,0.6048287755604829,0.1886086787813228
egfr,5,22,centroid,816,0.5294642123910418,0.32969265018168326
egfr,5,22,proto_ratio,816,0.5292882366053098,0.3234849964555388
egfr,5,23,full,816,0.5445160079306421,0.2110966112165527
egfr,5,23,centroid,816,0.6967702577458675,0.2534960299712914
egfr,5,23,proto_ratio,816,0.6965708185220382,0.2511139367554244
egfr,5,24,full,816,0.48781660976782926,0.1357024299132154
egfr,5,24,centroid,816,0.5571628010652401,0.359376293741531
egfr,5,24,proto_ratio,816,0.5575499477938503,0.3611605113638386
egfr,5,25,full,816,0.5476483769166696,0.1536926845756511
egfr,5,25,centroid,816,0.5899764192447119,0.21199095859055786
egfr,5,25,proto_ratio,816,0.5895306139208578,0.2102962026986228
egfr,5,26,full,816,0.5372775372775372,0.2075088645837703
egfr,5,26,centroid,816,0.6873848825068338,0.23463301473988932
egfr,5,26,proto_ratio,816,0.6892971527117867,0.2340370619930152
egfr,5,27,full,816,0.7322117809922688,0.2860445855737797
egfr,5,27,centroid,816,0.7790565351540961,0.37489677580322645
egfr,5,27,proto_ratio,816,0.7793263646922184,0.35438258256425065
egfr,5,28,full,816,0.6069287532702167,0.2494827254241756
egfr,5,28,centroid,816,0.6788793861964595,0.23956049105434862
egfr,5,28,proto_ratio,816,0.6800173629441922,0.23831920581988766
egfr,5,29,full,816,0.7564729759851712,0.4163611959194098
egfr,5,29,centroid,816,0.7388402022548364,0.3519942232945959
egfr,5,29,proto_ratio,816,0.7426178157885475,0.3419346457452598
egfr,5,30,full,816,0.5381222210490504,0.1938814420220153
egfr,5,30,centroid,816,0.6966646722744283,0.25228490182976665
egfr,5,30,proto_ratio,816,0.697532819484039,0.2505789084284148
egfr,5,31,full,816,0.7320475369255857,0.3030098140787123
egfr,5,31,centroid,816,0.6750196506294067,0.22026695013813968
egfr,5,31,proto_ratio,816,0.6766034327009937,0.22695706487399603
egfr,5,32,full,816,0.773753798144042,0.4345371038073368
egfr,5,32,centroid,816,0.7073288048897804,0.24768686424310377
egfr,5,32,proto_ratio,816,0.7058036814134374,0.2462763819650175
egfr,5,33,full,816,0.7215241849388192,0.26568890949648394
egfr,5,33,centroid,816,0.5352479498820962,0.3373842526873479
egfr,5,33,proto_ratio,816,0.5383803188681238,0.3333575031208388
egfr,5,34,full,816,0.7506540433369702,0.3269476636211684
egfr,5,34,centroid,816,0.6936730839169862,0.2594507641524058
egfr,5,34,proto_ratio,816,0.6939781086122551,0.2572009018971139
egfr,5,35,full,816,0.74123347294079,0.32490688076358304
egfr,5,35,centroid,816,0.7680169875291827,0.3254865649852355
egfr,5,35,proto_ratio,816,0.7616583958047374,0.30417881878690883
egfr,5,36,full,816,0.5522824059409426,0.20624762633505664
egfr,5,36,centroid,816,0.692793204988327,0.24028231651511067
egfr,5,36,proto_ratio,816,0.6956322809981346,0.24010441931367318
egfr,5,37,full,816,0.6740341862293082,0.2402842896101954
egfr,5,37,centroid,816,0.7004540175271883,0.2607023683970548
egfr,5,37,proto_ratio,816,0.6994450896889921,0.25628135401911
egfr,5,38,full,816,0.7439083048839147,0.35289250702213715
egfr,5,38,centroid,816,0.7108952474806134,0.23970158710248085
egfr,5,38,proto_ratio,816,0.7107896620091743,0.23937071550284744
egfr,5,39,full,816,0.7384530555262263,0.32310610644092175
egfr,5,39,centroid,816,0.7301587301587302,0.346311331440922
egfr,5,39,proto_ratio,816,0.7315078778493412,0.3394673915358261
egfr,5,40,full,816,0.7499149450368963,0.4135820215014529
egfr,5,40,centroid,816,0.7264984338155069,0.329455658791057
egfr,5,40,proto_ratio,816,0.7264045800631167,0.327797880578454
egfr,5,41,full,816,0.4194910780276634,0.12036457098712762
egfr,5,41,centroid,816,0.3437159046915145,0.10836922023691992
egfr,5,41,proto_ratio,816,0.34257792794378156,0.10801484757108899
egfr,5,42,full,816,0.46928049367073754,0.13637187239338927
egfr,5,42,centroid,816,0.3416041952627319,0.108330904243097
egfr,5,42,proto_ratio,816,0.33421321226199274,0.10706656268151578
egfr,5,43,full,816,0.7121153462616878,0.2713709054927262
egfr,5,43,centroid,816,0.7395558371168128,0.29669442646556377
egfr,5,43,proto_ratio,816,0.7382888114595432,0.292863742762372
egfr,5,44,full,816,0.5304262133530427,0.18219117676148236
egfr,5,44,centroid,816,0.472588838442497,0.1830829955082225
egfr,5,44,proto_ratio,816,0.47627259822381773,0.1828011407707717
egfr,5,45,full,816,0.6255939182768451,0.1799609971823006
egfr,5,45,centroid,816,0.6395546639449079,0.34030292004715085
egfr,5,45,proto_ratio,816,0.6356362697826112,0.3439836854477293
egfr,5,46,full,816,0.7289972899728998,0.32218025364013225
egfr,5,46,centroid,816,0.6262860897007239,0.37069123140809435
egfr,5,46,proto_ratio,816,0.6054974835462641,0.31782535541692725
egfr,5,47,full,816,0.5608113656894145,0.21573854317178984
egfr,5,47,centroid,816,0.6833257077159517,0.24066951361213218
egfr,5,47,proto_ratio,816,0.6848508311922946,0.24060363620260922
egfr,5,48,full,816,0.5391663440443928,0.1921434270031051
egfr,5,48,centroid,816,0.535259681601145,0.3277857832774066
egfr,5,48,proto_ratio,816,0.5341217048534121,0.32543284072989476
egfr,5,49,full,816,0.3595302619692864,0.11371528996317878
egfr,5,49,centroid,816,0.3185982942080503,0.10734369728318323
egfr,5,49,proto_ratio,816,0.32074519879397934,0.10701659926025851
egfr,5,50,full,816,0.7198113539576954,0.2621693638224161
egfr,5,50,centroid,816,0.7180633278194254,0.25575449228791297
egfr,5,50,proto_ratio,816,0.7175588639003273,0.2501848813690235
egfr,5,51,full,816,0.7378547378547379,0.3102866806836081
egfr,5,51,centroid,816,0.7136991283332746,0.27054352384199715
egfr,5,51,proto_ratio,816,0.7128427128427128,0.2692662650006774
egfr,5,52,full,816,0.7347458323068079,0.29102064092373675
egfr,5,52,centroid,816,0.750161311136921,0.29119751978715525
egfr,5,52,proto_ratio,816,0.7461255997841364,0.2789868056776935
egfr,5,53,full,816,0.7392390807024953,0.30501556915179473
egfr,5,53,centroid,816,0.707082438789756,0.2619588793081431
egfr,5,53,proto_ratio,816,0.7067774140944872,0.2574340869308491
egfr,5,54,full,816,0.5627822944896116,0.24130369807323282
egfr,5,54,centroid,816,0.6907284224357394,0.24375947126571734
egfr,5,54,proto_ratio,816,0.6904585928976172,0.24258534560108247
egfr,5,55,full,816,0.4955595443400322,0.13677009681569394
egfr,5,55,centroid,816,0.5834066565773883,0.3292576789256955
egfr,5,55,proto_ratio,816,0.5823273384248995,0.31495066743787004
egfr,5,56,full,816,0.7391569586691539,0.30457468238120144
egfr,5,56,centroid,816,0.7753962388108729,0.3292090616133872
egfr,5,56,proto_ratio,816,0.7727214068677483,0.3212555114545727
egfr,5,57,full,816,0.712443834395054,0.36417444586251313
egfr,5,57,centroid,816,0.5353887305106817,0.3590184623594044
egfr,5,57,proto_ratio,816,0.5335820457771678,0.3234180162987066
egfr,5,58,full,816,0.7370921761165664,0.3208878349734018
egfr,5,58,centroid,816,0.7094757094757095,0.26335126274768483
egfr,5,58,proto_ratio,816,0.7088421966470747,0.2660799228908547
egfr,5,59,full,816,0.7717242107486009,0.4041444019922393
egfr,5,59,centroid,816,0.7762643860204836,0.36722688225094774
egfr,5,59,proto_ratio,816,0.7780710707539975,0.3587628986268367
egfr,5,60,full,816,0.7419960346789615,0.3693292458917487
egfr,5,60,centroid,816,0.7520266544656788,0.36433937971684305
egfr,5,60,proto_ratio,816,0.7528478747990943,0.35018777871709234
egfr,5,61,full,816,0.5342742172010465,0.20396504219342457
egfr,5,61,centroid,816,0.6881943711212002,0.2507816253423879
egfr,5,61,proto_ratio,816,0.6882647614354931,0.24870183279485003
egfr,5,62,full,816,0.6854608805828318,0.25455145239881155
egfr,5,62,centroid,816,0.7019204824082873,0.24869224818061894
egfr,5,62,proto_ratio,816,0.7011227255129694,0.2460857721162549
egfr,5,63,full,816,0.7526249721371673,0.4139834482635207
egfr,5,63,centroid,816,0.7435680850314996,0.3235345552869114
egfr,5,63,proto_ratio,816,0.7458792336841118,0.3153301477943759
egfr,5,64,full,816,0.7342882952639049,0.2960357895318565
egfr,5,64,centroid,816,0.6767794084867256,0.2312723694497868
egfr,5,64,proto_ratio,816,0.6781754830535318,0.23117013897017644
egfr,5,65,full,816,0.6803810462347047,0.22817480210537122
egfr,5,65,centroid,816,0.5371484883680006,0.27000542279669065
egfr,5,65,proto_ratio,816,0.5385680263729045,0.2733657003460749
egfr,5,66,full,816,0.6958786470981593,0.23297821295677512
egfr,5,66,centroid,816,0.6611292952756367,0.3650115971487554
egfr,5,66,proto_ratio,816,0.6591818299135372,0.3428917712897994
egfr,5,67,full,816,0.7322821713065615,0.3221763254554991
egfr,5,67,centroid,816,0.6948227923837681,0.24567192628927992
egfr,5,67,proto_ratio,816,0.6964769647696478,0.24540393718769352
egfr,5,68,full,816,0.5389434413824659,0.21360523669622739
egfr,5,68,centroid,816,0.5266837949764778,0.19494318929374677
egfr,5,68,proto_ratio,816,0.5304731402292379,0.19465250250995692
egfr,5,69,full,816,0.7497858961273596,0.4037421801524645
egfr,5,69,centroid,816,0.7402832036978378,0.3488072695309475
egfr,5,69,proto_ratio,816,0.7417848637360831,0.3455663275629222
egfr,5,70,full,816,0.7475568695080891,0.31030901461839266
egfr,5,70,centroid,816,0.729548680768193,0.32197081081108603
egfr,5,70,proto_ratio,816,0.7301469984396813,0.3189200037395441
egfr,5,71,full,816,0.7524959232276305,0.34976476127677797
egfr,5,71,centroid,816,0.7361888337498094,0.36723602792093935
egfr,5,71,proto_ratio,816,0.7351564424735156,0.34802893622043385
egfr,5,72,full,816,0.730733584392121,0.29802167532493024
egfr,5,72,centroid,816,0.7045249240371192,0.25471567337314754
egfr,5,72,proto_ratio,816,0.7045483874752168,0.2543013599021961
egfr,5,73,full,816,0.5922992996163728,0.2251684708546432
egfr,5,73,centroid,816,0.6923004727882777,0.23345066126889763
egfr,5,73,proto_ratio,816,0.6938373279836695,0.23330397525216304
egfr,5,74,full,816,0.7443071833315735,0.3175217101980321
egfr,5,74,centroid,816,0.7707152829104048,0.3570781046567498
egfr,5,74,proto_ratio,816,0.7712549419866493,0.3458640578728696
egfr,5,75,full,816,0.6431445699738383,0.25556301042248375
egfr,5,75,centroid,816,0.6947054751932801,0.24392330479847169
egfr,5,75,proto_ratio,816,0.6962423303886718,0.24362345622485973
egfr,5,76,full,816,0.55298630908387,0.21456365091126633
egfr,5,76,centroid,816,0.7119041753188095,0.27611858571037007
egfr,5,76,proto_ratio,816,0.7123030537664685,0.2716133979362195
egfr,5,77,full,816,0.7346519785544174,0.30802568474638525
egfr,5,77,centroid,816,0.6914440572977159,0.24289419685137775
egfr,5,77,proto_ratio,816,0.6921010335644482,0.24232618819588697
egfr,5,78,full,816,0.7393798613310808,0.32067669014278555
egfr,5,78,centroid,816,0.8022736071516559,0.3939416891512328
egfr,5,78,proto_ratio,816,0.7942960381984773,0.3551364552137369
egfr,5,79,full,816,0.43490655685777635,0.12309163021173446
egfr,5,79,centroid,816,0.3433874165581483,0.10830773411511171
egfr,5,79,proto_ratio,816,0.3417684393294149,0.10800355106919088
egfr,5,80,full,816,0.5660671758232734,0.22643145968043196
egfr,5,80,centroid,816,0.6573516817419258,0.24478211970157104
egfr,5,80,proto_ratio,816,0.6638627858140054,0.2427842740762994
egfr,5,81,full,816,0.7123617123617123,0.2693112849765999
egfr,5,81,centroid,816,0.7600042234188576,0.39345631243855794
egfr,5,81,proto_ratio,816,0.7615293468952006,0.38706562717804915
egfr,5,82,full,816,0.6865401987353207,0.2403081609229198
egfr,5,82,centroid,816,0.5491852321120615,0.32649788851280764
egfr,5,82,proto_ratio,816,0.5500299158835744,0.3090538719584478
egfr,5,83,full,816,0.5696805452903013,0.19997384247252112
egfr,5,83,centroid,816,0.6939546451741574,0.24281208107582725
egfr,5,83,proto_ratio,816,0.6953859148981101,0.2420945685273832
egfr,5,84,full,816,0.7755018242823122,0.42323380064630695
egfr,5,84,centroid,816,0.7629606166191533,0.3495976564095437
egfr,5,84,proto_ratio,816,0.7655650582479852,0.3348098264321732
egfr,5,85,full,816,0.7317659756684147,0.31031765879994677
egfr,5,85,centroid,816,0.6954563052124029,0.24442502084274936
egfr,5,85,proto_ratio,816,0.6965356233648917,0.24340584047105066
egfr,5,86,full,816,0.34879573903964145,0.11376389777635686
egfr,5,86,centroid,816,0.32195356585600493,0.10539313692219182
egfr,5,86,proto_ratio,816,0.3212731261511749,0.10524392741314677
egfr,5,87,full,816,0.5447858374687643,0.20629842295392667
egfr,5,87,centroid,816,0.6934853764122056,0.24719692650199573
egfr,5,87,proto_ratio,816,0.6934384495360105,0.24518205156741985
egfr,5,88,full,816,0.7190605239385728,0.296269980461218
egfr,5,88,centroid,816,0.5400696864111498,0.36517855708240826
egfr,5,88,proto_ratio,816,0.5387909290348315,0.36210709284398507
egfr,5,89,full,816,0.5655392484660777,0.2133354171709682
egfr,5,89,centroid,816,0.6949283778552071,0.2699001071799598
egfr,5,89,proto_ratio,816,0.6959255739743544,0.26708452550578976
egfr,5,90,full,816,0.5529276504886261,0.2110433520432406
egfr,5,90,centroid,816,0.6867865648353453,0.24305759961773504
egfr,5,90,proto_ratio,816,0.6890507866117621,0.2428046135524657
egfr,5,91,full,816,0.6426166426166426,0.18734203563946686
egfr,5,91,centroid,816,0.6217928413050364,0.32704440206423185
egfr,5,91,proto_ratio,816,0.6143549314281022,0.30810810089759194
egfr,5,92,full,816,0.7281174110442403,0.3033630764378362
egfr,5,92,centroid,816,0.6718872816433792,0.3617859131079184
egfr,5,92,proto_ratio,816,0.6528936285033846,0.3279285895432229
egfr,5,93,full,816,0.7513344830418003,0.34112510891638775
egfr,5,93,centroid,816,0.7704454533722825,0.3559174231379066
egfr,5,93,proto_ratio,816,0.7727096751486996,0.33400109655988236
egfr,5,94,full,816,0.49848074238318135,0.2121217900280142
egfr,5,94,centroid,816,0.4566219688170908,0.2422416359539175
egfr,5,94,proto_ratio,816,0.45109632914510966,0.2166736718227866
egfr,5,95,full,816,0.43111721160501654,0.14354985885689614
egfr,5,95,centroid,816,0.5135325379227819,0.17999930103243028
egfr,5,95,proto_ratio,816,0.5183308110137379,0.19177245061007672
egfr,5,96,full,816,0.5910322739591032,0.2319924064657083
egfr,5,96,centroid,816,0.6162320064759089,0.22391591779422315
egfr,5,96,proto_ratio,816,0.6548058987083377,0.23303342714769235
egfr,5,97,full,816,0.7340184657257827,0.3065308575065245
egfr,5,97,centroid,816,0.6999143584509439,0.24863439796661135
egfr,5,97,proto_ratio,816,0.6999495536080901,0.2490148413945013
egfr,5,98,full,816,0.4652917091941482,0.13082831259021815
egfr,5,98,centroid,816,0.4483511068876923,0.1329624111292733
egfr,5,98,proto_ratio,816,0.44552376259693327,0.13239130075414243
egfr,5,99,full,816,0.6408920799164701,0.2423318770560721
egfr,5,99,centroid,816,0.7097690024519293,0.26219655446948936
egfr,5,99,proto_ratio,816,0.710062295428149,0.25996928665939534
egfr,10,0,full,806,0.7696713638155301,0.4105446850998687
egfr,10,0,centroid,806,0.7090559716200237,0.2485133972799045
egfr,10,0,proto_ratio,806,0.7063337603468662,0.24559847703337948
egfr,10,1,full,806,0.7378301143082381,0.3251732998059379
egfr,10,1,centroid,806,0.7176044540796216,0.25294521074114235
egfr,10,1,proto_ratio,806,0.715843023255814,0.24974637861797136
egfr,10,2,full,806,0.7583637169885692,0.33530188479301504
egfr,10,2,centroid,806,0.7323856917619236,0.3293808710537724
egfr,10,2,proto_ratio,806,0.733617461568782,0.329417710457697
egfr,10,3,full,806,0.7357730587307844,0.3109591994868944
egfr,10,3,centroid,806,0.7227409341742215,0.25448843931847387
egfr,10,3,proto_ratio,806,0.71883622388648,0.24971839479877725
egfr,10,4,full,806,0.5766530350808041,0.15689077609306407
egfr,10,4,centroid,806,0.5707035869136776,0.2330348302487638
egfr,10,4,proto_ratio,806,0.5688189791091841,0.23083084486404026
egfr,10,5,full,806,0.761073610563658,0.4243623686415612
egfr,10,5,centroid,806,0.7161263303113914,0.369065047016928
egfr,10,5,proto_ratio,806,0.7146235711470241,0.34383796253361987
egfr,10,6,full,806,0.7551857508868743,0.2955143646401616
egfr,10,6,centroid,806,0.7765200039416633,0.3697737268289737
egfr,10,6,proto_ratio,806,0.7764214623571148,0.35777785515995536
egfr,10,7,full,806,0.7341348048876625,0.33695364596089217
egfr,10,7,centroid,806,0.7539047102877413,0.285451272695317
egfr,10,7,proto_ratio,806,0.7515766653527788,0.2790205096839169
egfr,10,8,full,806,0.7394314150571542,0.3131602256087038
egfr,10,8,centroid,806,0.7203389830508474,0.28148534707822803
egfr,10,8,proto_ratio,806,0.7209302325581396,0.2753719497665121
egfr,10,9,full,806,0.7359085534095388,0.31238060203377893
egfr,10,9,centroid,806,0.6954449152542372,0.2405011054284992
egfr,10,9,proto_ratio,806,0.6962578833267637,0.23987857676746585
egfr,10,10,full,806,0.7091545132045722,0.24690656325401125
egfr,10,10,centroid,806,0.5503547497043753,0.30503050888747096
egfr,10,10,proto_ratio,806,0.5498374063854947,0.2999751788351154
egfr,10,11,full,806,0.724982755222704,0.29067648599825313
egfr,10,11,centroid,806,0.6895816909735908,0.2280544761570804
egfr,10,11,proto_ratio,806,0.6905547891210091,0.22872071497654228
egfr,10,12,full,806,0.7269535869136777,0.3087745015767238
egfr,10,12,centroid,806,0.6983642096964918,0.24955578402084874
egfr,10,12,proto_ratio,806,0.6987091052424124,0.24611318570142302
egfr,10,13,full,806,0.7445802128498226,0.3251425462716716
egfr,10,13,centroid,806,0.7033282420181317,0.24469737479076614
egfr,10,13,proto_ratio,806,0.7052005321245566,0.24371528320909502
egfr,10,14,full,806,0.533799763500197,0.23029854902168811
egfr,10,14,centroid,806,0.6919590067008278,0.2248569324670448
egfr,10,14,proto_ratio,806,0.6927473393772172,0.22390282090300467
egfr,10,15,full,806,0.43849773354355537,0.11993103142790051
egfr,10,15,centroid,806,0.5455508474576272,0.36994328734422216
egfr,10,15,proto_ratio,806,0.5429271777690184,0.3341433497797828
egfr,10,16,full,806,0.5384189002759164,0.2274019824597096
egfr,10,16,centroid,806,0.6896432794639337,0.23856993368707693
egfr,10,16,proto_ratio,806,0.6921191367757192,0.2382776491041944
egfr,10,17,full,806,0.7416116476152936,0.31971288733869413
egfr,10,17,centroid,806,0.7049541781631848,0.2545533474151769
egfr,10,17,proto_ratio,806,0.7042151162790699,0.2519891196291787
egfr,10,18,full,806,0.7323980094599921,0.29769821899587756
egfr,10,18,centroid,806,0.7179123965313363,0.24414895096195008
egfr,10,18,proto_ratio,806,0.7157075285770595,0.24156578187025177
egfr,10,19,full,806,0.512317698068585,0.22597018658742446
egfr,10,19,centroid,806,0.704535376428853,0.2375655639392278
egfr,10,19,proto_ratio,806,0.7072083169097358,0.23740858386784894
egfr,10,20,full,806,0.7529808829325977,0.31640135881848197
egfr,10,20,centroid,806,0.7417348245959795,0.43261945682510683
egfr,10,20,proto_ratio,806,0.7412174812770989,0.43329749423319713
egfr,10,21,full,806,0.7338145447378795,0.3208580023121109
egfr,10,21,centroid,806,0.6895324201813166,0.24319111278577904
egfr,10,21,proto_ratio,806,0.6902222112731573,0.2415220434469151
egfr,10,22,full,806,0.7306242609381158,0.28361552380333993
egfr,10,22,centroid,806,0.5498743594797004,0.34675056059761133
egfr,10,22,proto_ratio,806,0.5489012613322822,0.34010575901325546
egfr,10,23,full,806,0.7561711667323611,0.3543922919734014
egfr,10,23,centroid,806,0.7120122191564839,0.2428153672807849
egfr,10,23,proto_ratio,806,0.7116796413086323,0.2390772892339303
egfr,10,24,full,806,0.7483001576665353,0.3258795792677346
egfr,10,24,centroid,806,0.7807942451714625,0.31936815552157083
egfr,10,24,proto_ratio,806,0.7766308632242807,0.30788293005588996
egfr,10,25,full,806,0.7535351793456839,0.3271220795775302
egfr,10,25,centroid,806,0.7689569373275523,0.3032024826865627
egfr,10,25,proto_ratio,806,0.7585238470634609,0.28814764614188626
egfr,10,26,full,806,0.7472777887268427,0.33604226701707324
egfr,10,26,centroid,806,0.7048679542767048,0.23849208247943463
egfr,10,26,proto_ratio,806,0.7050527197477334,0.23637250841942709
egfr,10,27,full,806,0.734541288923926,0.30667733357608623
egfr,10,27,centroid,806,0.6920821836815136,0.24037078355354552
egfr,10,27,proto_ratio,806,0.6928458809617658,0.23960460529065386
egfr,10,28,full,806,0.6464820654316121,0.2578207126398938
egfr,10,28,centroid,806,0.6797644856129287,0.23396853130174666
egfr,10,28,proto_ratio,806,0.6809962554197871,0.23296317635674826
egfr,10,29,full,806,0.7352926685061096,0.30214402758710324
egfr,10,29,centroid,806,0.7748201616081987,0.3484367695733164
egfr,10,29,proto_ratio,806,0.7676389436342137,0.3160540766419803
egfr,10,30,full,806,0.6985366574694521,0.28622698842485744
egfr,10,30,centroid,806,0.6882883326763894,0.240428731413777
egfr,10,30,proto_ratio,806,0.6892614308238076,0.23990749189009145
egfr,10,31,full,806,0.7381626921560899,0.3180343134399111
egfr,10,31,centroid,806,0.6907518722901065,0.22933396401588113
egfr,10,31,proto_ratio,806,0.6909366377611352,0.22941197953288156
egfr,10,32,full,806,0.7691417027985811,0.38885590490555705
egfr,10,32,centroid,806,0.7147221127315727,0.2547081917217381
egfr,10,32,proto_ratio,806,0.7149438312968073,0.2528220042087071
egfr,10,33,full,806,0.7339993102089081,0.28138908299699883
egfr,10,33,centroid,806,0.5558361253448956,0.3377520299107136
egfr,10,33,proto_ratio,806,0.5539391998423334,0.3275459761558372
egfr,10,34,full,806,0.7379163381947181,0.33277385854489894
egfr,10,34,centroid,806,0.7105464130863224,0.2591906086390233
egfr,10,34,proto_ratio,806,0.7103739653133623,0.2555849207875298
egfr,10,35,full,806,0.7522664564446196,0.338743004918982
egfr,10,35,centroid,806,0.7670723295230587,0.28337113907458583
egfr,10,35,proto_ratio,806,0.7628719944816713,0.27857052755918443
egfr,10,36,full,806,0.5956715608986993,0.21504685332879314
egfr,10,36,centroid,806,0.6814520102483248,0.22780653117790955
egfr,10,36,proto_ratio,806,0.6841372684272763,0.22801125312965786
egfr,10,37,full,806,0.7552473393772172,0.31826751585469937
egfr,10,37,centroid,806,0.799086026803311,0.3587036614408393
egfr,10,37,proto_ratio,806,0.7966963933780055,0.3476355660420899
egfr,10,38,full,806,0.7322871501773749,0.3575953059167855
egfr,10,38,centroid,806,0.6962702010248325,0.23027909366622085
egfr,10,38,proto_ratio,806,0.6963441072132439,0.2299919179919735
egfr,10,39,full,806,0.752820752857706,0.32961042249624256
egfr,10,39,centroid,806,0.769856129286559,0.30721795293465337
egfr,10,39,proto_ratio,806,0.7591027788726843,0.2869476449893066
egfr,10,40,full,806,0.7518599724083562,0.3970848751104278
egfr,10,40,centroid,806,0.7198832282223098,0.31937916555244733
egfr,10,40,proto_ratio,806,0.7157075285770595,0.30884715899536935
egfr,10,41,full,806,0.7485341939298386,0.32786980725218523
egfr,10,41,centroid,806,0.7569841348048877,0.33939477592960954
egfr,10,41,proto_ratio,806,0.7586100709499409,0.3363599832910238
egfr,10,42,full,806,0.718897812376823,0.2716747860263321
egfr,10,42,centroid,806,0.5319151556957036,0.2241814570006167
egfr,10,42,proto_ratio,806,0.5300182301931415,0.22063556525639327
egfr,10,43,full,806,0.7536337209302326,0.35249946888771155
egfr,10,43,centroid,806,0.7332972014189988,0.25747115208773985
egfr,10,43,proto_ratio,806,0.7308829325975562,0.25422189243026705
egfr,10,44,full,806,0.6998792865589278,0.29994024734712493
egfr,10,44,centroid,806,0.7059519117067402,0.2421337616205062
egfr,10,44,proto_ratio,806,0.7063953488372092,0.2413181526289082
egfr,10,45,full,806,0.720708513992905,0.2524468328055513
egfr,10,45,centroid,806,0.5860021679148602,0.3304041485559077
egfr,10,45,proto_ratio,806,0.5735243397713835,0.32375633968155293
egfr,10,46,full,806,0.7314002759164367,0.3270544791926427
egfr,10,46,centroid,806,0.5509336815135988,0.37148948586224695
egfr,10,46,proto_ratio,806,0.5484578242018131,0.3662847605738835
egfr,10,47,full,806,0.7340855340953882,0.31561124423152
egfr,10,47,centroid,806,0.6892244777296019,0.24073712207337097
egfr,10,47,proto_ratio,806,0.69002512810406,0.23916584242014707
egfr,10,48,full,806,0.746021383523847,0.3044029498797524
egfr,10,48,centroid,806,0.6458784982262515,0.38814599373644126
egfr,10,48,proto_ratio,806,0.6340042372881356,0.3721319436937178
egfr,10,49,full,806,0.4934223492313756,0.18629135148123627
egfr,10,49,centroid,806,0.5120959795033504,0.21532304005669026
egfr,10,49,proto_ratio,806,0.5114431415057155,0.20626596677571146
egfr,10,50,full,806,0.7414638352384706,0.3254761488136376
egfr,10,50,centroid,806,0.7527468466692944,0.269148275602432
egfr,10,50,proto_ratio,806,0.749137761135199,0.2645958844312284
egfr,10,51,full,806,0.7449620614899487,0.33684363670362716
egfr,10,51,centroid,806,0.7361795427670478,0.2674635553897902
egfr,10,51,proto_ratio,806,0.7346891013007489,0.26376181328211235
egfr,10,52,full,806,0.7134657075285771,0.3172860222195396
egfr,10,52,centroid,806,0.7066293851005124,0.24737158542096963
egfr,10,52,proto_ratio,806,0.7069742806464328,0.24583197899206904
egfr,10,53,full,806,0.7493841150965707,0.3453213766331387
egfr,10,53,centroid,806,0.7140692747339377,0.2605426525334115
egfr,10,53,proto_ratio,806,0.7136135199054001,0.2560810498362225
egfr,10,54,full,806,0.7496304690579424,0.3418231758961803
egfr,10,54,centroid,806,0.7029217579818684,0.24172668441595058
egfr,10,54,proto_ratio,806,0.702158060701616,0.23951293215486813
egfr,10,55,full,806,0.7439643279463933,0.31010738049064157
egfr,10,55,centroid,806,0.7570210878990935,0.3635803468778857
egfr,10,55,proto_ratio,806,0.7572797595585338,0.34975081247746437
egfr,10,56,full,806,0.7728493299172251,0.35641021541761764
egfr,10,56,centroid,806,0.8013278478517933,0.37103085264285557
egfr,10,56,proto_ratio,806,0.7985317303902246,0.3555082128901945
egfr,10,57,full,806,0.6585780449349625,0.23082370834392085
egfr,10,57,centroid,806,0.5427177769018525,0.38106841578709527
egfr,10,57,proto_ratio,806,0.54047595585337,0.3564531094117611
egfr,10,58,full,806,0.7342579818683486,0.3384269592485431
egfr,10,58,centroid,806,0.7113224280646433,0.2526074069532721
egfr,10,58,proto_ratio,806,0.7102138352384707,0.24980824025636122
egfr,10,59,full,806,0.7545575482853766,0.34153070486751014
egfr,10,59,centroid,806,0.7076394363421364,0.25411547722920375
egfr,10,59,proto_ratio,806,0.7068634213638154,0.25029192113158505
egfr,10,60,full,806,0.6763771186440677,0.2782920155982831
egfr,10,60,centroid,806,0.7249950729207726,0.27792047858520696
egfr,10,60,proto_ratio,806,0.7244900472999606,0.27226363494486305
egfr,10,61,full,806,0.5132784785179345,0.21274192275541126
egfr,10,61,centroid,806,0.6835952897122586,0.22547977789150248
egfr,10,61,proto_ratio,806,0.6850610957824202,0.2250980604365468
egfr,10,62,full,806,0.7321147024044147,0.3119011809560953
egfr,10,62,centroid,806,0.6897418210484826,0.24023917539002998
egfr,10,62,proto_ratio,806,0.6904562475364604,0.23948769999572
egfr,10,63,full,806,0.7688091249507293,0.43034947583603095
egfr,10,63,centroid,806,0.7373374063854946,0.3266669343597578
egfr,10,63,proto_ratio,806,0.739702404414663,0.3267971335385982
egfr,10,64,full,806,0.728813559322034,0.3266358161760382
egfr,10,64,centroid,806,0.683435159637367,0.22622148288235178
egfr,10,64,proto_ratio,806,0.6842481277098935,0.22992854227024828
egfr,10,65,full,806,0.7425724280646433,0.31818722638020025
egfr,10,65,centroid,806,0.7196738273551437,0.27071492138986586
egfr,10,65,proto_ratio,806,0.7184790106424912,0.26340640859742626
egfr,10,66,full,806,0.7540894757587702,0.32596865978019496
egfr,10,66,centroid,806,0.7454178163184864,0.33745507078045883
egfr,10,66,proto_ratio,806,0.7465017737485218,0.3333293681008032
egfr,10,67,full,806,0.7344181119432399,0.3223749832981434
egfr,10,67,centroid,806,0.6978468663776113,0.24857462066176672
egfr,10,67,proto_ratio,806,0.6985489751675208,0.24679919877927814
egfr,10,68,full,806,0.5984799960583367,0.23837025538763326
egfr,10,68,centroid,806,0.6899512219156484,0.2414318822271464
egfr,10,68,proto_ratio,806,0.691564840362633,0.2401892730407221
egfr,10,69,full,806,0.7543235120220732,0.38579570859148227
egfr,10,69,centroid,806,0.7340608986992512,0.3587723972496406
egfr,10,69,proto_ratio,806,0.7332848837209303,0.3364300207115835
egfr,10,70,full,806,0.7728986007094993,0.35853857312003623
egfr,10,70,centroid,806,0.7491623965313362,0.2642507690598348
egfr,10,70,proto_ratio,806,0.7487928655892786,0.26177729880122863
egfr,10,71,full,806,0.7654833464722113,0.3410929749151986
egfr,10,71,centroid,806,0.7482878399684667,0.2771740220474366
egfr,10,71,proto_ratio,806,0.7403306070161608,0.26652770110820206
egfr,10,72,full,806,0.7462061489948758,0.3073613791349933
egfr,10,72,centroid,806,0.7606671265273945,0.4326660781725261
egfr,10,72,proto_ratio,806,0.7578956444619629,0.36992633050670254
egfr,10,73,full,806,0.5531015963736697,0.22723248287224332
egfr,10,73,centroid,806,0.6950630666141111,0.2329103725212874
egfr,10,73,proto_ratio,806,0.6960115293653921,0.23267316819266545
egfr,10,74,full,806,0.7582528577059519,0.33603093062147293
egfr,10,74,centroid,806,0.7300206937327552,0.35269210782006466
egfr,10,74,proto_ratio,806,0.729404808829326,0.332547715552328
egfr,10,75,full,806,0.7780966692944423,0.3916740102780711
egfr,10,75,centroid,806,0.7525990342924715,0.27559419095147947
egfr,10,75,proto_ratio,806,0.7524389042175799,0.2744588726633678
egfr,10,76,full,806,0.6044294442254632,0.24250934271980268
egfr,10,76,centroid,806,0.7069003744580213,0.2567285463856522
egfr,10,76,proto_ratio,806,0.7069496452502957,0.25386851854122705
egfr,10,77,full,806,0.7331370713441072,0.3248481148606332
egfr,10,77,centroid,806,0.6912322625147812,0.24021956347655526
egfr,10,77,proto_ratio,806,0.6908996846669294,0.2383855057554962
egfr,10,78,full,806,0.7469328931809223,0.3213482058466066
egfr,10,78,centroid,806,0.7449620614899488,0.42943648448658545
egfr,10,78,proto_ratio,806,0.7428064643279464,0.3973776397668987
egfr,10,79,full,806,0.7392096964919196,0.3172522589700423
egfr,10,79,centroid,806,0.7045107410327157,0.2460852472142483
egfr,10,79,proto_ratio,806,0.7061243594797004,0.2454029273988556
egfr,10,80,full,806,0.7465264091446591,0.32662898116985195
egfr,10,80,centroid,806,0.772972506897911,0.3051935506611781
egfr,10,80,proto_ratio,806,0.7681070161608199,0.29704940247251294
egfr,10,81,full,806,0.7498152345289713,0.32865059274783137
egfr,10,81,centroid,806,0.7729478715017738,0.36625057512536724
egfr,10,81,proto_ratio,806,0.7773206543161214,0.35929384619957155
egfr,10,82,full,806,0.5394905400078833,0.1455502151401782
egfr,10,82,centroid,806,0.5626108592826171,0.3411611567553483
egfr,10,82,proto_ratio,806,0.5607139337800551,0.34005118075464646
egfr,10,83,full,806,0.599687130469058,0.23310684506381696
egfr,10,83,centroid,806,0.6879803902246748,0.24165911479848198
egfr,10,83,proto_ratio,806,0.6885839574300355,0.23998817420653917
egfr,10,84,full,806,0.7560972605439494,0.3096739844864491
egfr,10,84,centroid,806,0.7665549862041782,0.3428204979216123
egfr,10,84,proto_ratio,806,0.767922250689791,0.33322949341235775
egfr,10,85,full,806,0.6716717579818683,0.29413777685313836
egfr,10,85,centroid,806,0.6869580212849823,0.22247546915831978
egfr,10,85,proto_ratio,806,0.6880419787150177,0.2221960577921501
egfr,10,86,full,806,0.7362534489554592,0.2740430423634518
egfr,10,86,centroid,806,0.7576616081986598,0.3101490921097785
egfr,10,86,proto_ratio,806,0.7511209105242411,0.29737247249254684
egfr,10,87,full,806,0.6996698856917619,0.2918060857731487
egfr,10,87,centroid,806,0.7062721718565235,0.2714903250647569
egfr,10,87,proto_ratio,806,0.7055084745762712,0.26309583562619354
egfr,10,88,full,806,0.5773181907765077,0.16065268349579293
egfr,10,88,centroid,806,0.544072723689397,0.33276640211818315
egfr,10,88,proto_ratio,806,0.5422497043752463,0.3275994320062969
egfr,10,89,full,806,0.49466643673630273,0.1999155224398953
egfr,10,89,centroid,806,0.5133770201024833,0.2598596713164699
egfr,10,89,proto_ratio,806,0.5150522270398108,0.2620421899585002
egfr,10,90,full,806,0.7655942057548285,0.35532638430150554
egfr,10,90,centroid,806,0.7136258376034688,0.335242922835922
egfr,10,90,proto_ratio,806,0.711359381158849,0.32262226475662104
egfr,10,91,full,806,0.7328660819865981,0.2634327809474665
egfr,10,91,centroid,806,0.5766776704769413,0.36720759964814687
egfr,10,91,proto_ratio,806,0.574903921955065,0.35750207397285444
egfr,10,92,full,806,0.7612830114308238,0.3439236389352983
egfr,10,92,centroid,806,0.747832085139929,0.33617204396092937
egfr,10,92,proto_ratio,806,0.7510962751281041,0.3355539820325131
egfr,10,93,full,806,0.762908947575877,0.3620748570573177
egfr,10,93,centroid,806,0.7609134804887663,0.341442182817305
egfr,10,93,proto_ratio,806,0.7636356917619236,0.32136482517751264
egfr,10,94,full,806,0.5138820457232952,0.2330899204993928
egfr,10,94,centroid,806,0.48093220338983045,0.25351299091285384
egfr,10,94,proto_ratio,806,0.4782223098147418,0.23651271918788644
egfr,10,95,full,806,0.7475734134804887,0.29423373733984937
egfr,10,95,centroid,806,0.7893919984233346,0.37061550903980256
egfr,10,95,proto_ratio,806,0.7837504927079226,0.3536770566545142
egfr,10,96,full,806,0.5114061884115096,0.1944663994530799
egfr,10,96,centroid,806,0.6883745565628696,0.24419050413194626
egfr,10,96,proto_ratio,806,0.6902098935750887,0.24309375910813946
egfr,10,97,full,806,0.7324472802522664,0.31691005412097084
egfr,10,97,centroid,806,0.6904808829325975,0.24249132964115586
egfr,10,97,proto_ratio,806,0.6904316121403231,0.2392321771216028
egfr,10,98,full,806,0.7509115096570753,0.3188633511716862
egfr,10,98,centroid,806,0.7479183090264092,0.3638413979990981
egfr,10,98,proto_ratio,806,0.7448265668111943,0.35809552300907976
egfr,10,99,full,806,0.745516357903035,0.32470903229375897
egfr,10,99,centroid,806,0.7968934765471027,0.36690586400381886
egfr,10,99,proto_ratio,806,0.7941712652739457,0.3492082937614116
human-mzb1-perp1,0,0,full,30,0.5688888888888888,0.5466896179309949
human-mzb1-perp1,1,0,full,28,0.943877551020408,0.9483861376718519
human-mzb1-perp1,1,0,centroid,28,0.9234693877551021,0.9400528043385186
human-mzb1-perp1,1,0,proto_ratio,28,0.913265306122449,0.9231877249734393
human-mzb1-perp1,1,1,full,28,0.9540816326530612,0.9492731591471086
human-mzb1-perp1,1,1,centroid,28,0.903061224489796,0.919982596768311
human-mzb1-perp1,1,1,proto_ratio,28,0.903061224489796,0.919982596768311
human-mzb1-perp1,1,2,full,28,0.0357142857142857,0.3304107567871437
human-mzb1-perp1,1,2,centroid,28,0.0051020408163265285,0.3247314236503802
human-mzb1-perp1,1,2,proto_ratio,28,0.0051020408163265285,0.3247314236503802
human-mzb1-perp1,1,3,full,28,0.9642857142857144,0.9608861376718518
human-mzb1-perp1,1,3,centroid,28,0.913265306122449,0.930449629735344
human-mzb1-perp1,1,3,proto_ratio,28,0.9081632653061226,0.9215210583067724
human-mzb1-perp1,1,4,full,28,0.44897959183673464,0.6358747406262933
human-mzb1-perp1,1,4,centroid,28,0.2142857142857143,0.4954580476333067
human-mzb1-perp1,1,4,proto_ratio,28,0.15816326530612243,0.456259034694798
human-mzb1-perp1,1,5,full,28,0.9693877551020409,0.9680289948147089
human-mzb1-perp1,1,5,centroid,28,0.9285714285714286,0.956436420722135
human-mzb1-perp1,1,5,proto_ratio,28,0.9183673469387755,0.9439905332762475
human-mzb1-perp1,1,6,full,28,0.0357142857142857,0.3304107567871437
human-mzb1-perp1,1,6,centroid,28,0.0,0.3243912875959585
human-mzb1-perp1,1,6,proto_ratio,28,0.0051020408163265285,0.3247314236503802
human-mzb1-perp1,1,7,full,28,0.9489795918367347,0.9403445877185371
human-mzb1-perp1,1,7,centroid,28,0.8979591836734695,0.8994122147693575
human-mzb1-perp1,1,7,proto_ratio,28,0.8979591836734695,0.8994122147693575
human-mzb1-perp1,1,8,full,28,0.8673469387755104,0.8918119578833863
human-mzb1-perp1,1,8,centroid,28,0.4438775510204081,0.6601519515106471
human-mzb1-perp1,1,8,proto_ratio,28,0.3061224489795918,0.5519685465697234
human-mzb1-perp1,1,9,full,28,0.9438775510204082,0.9301405060858841
human-mzb1-perp1,1,9,centroid,28,0.8826530612244898,0.865730896088039
human-mzb1-perp1,1,9,proto_ratio,28,0.8826530612244898,0.865730896088039
human-mzb1-perp1,1,10,full,28,0.9540816326530612,0.9492731591471086
human-mzb1-perp1,1,10,centroid,28,0.9081632653061225,0.9289111681968825
human-mzb1-perp1,1,10,proto_ratio,28,0.903061224489796,0.919982596768311
human-mzb1-perp1,1,11,full,28,0.9489795918367347,0.9403445877185371
human-mzb1-perp1,1,11,centroid,28,0.8928571428571429,0.897873753230896
human-mzb1-perp1,1,11,proto_ratio,28,0.8928571428571429,0.897873753230896
human-mzb1-perp1,1,12,full,28,0.9642857142857144,0.9608861376718518
human-mzb1-perp1,1,12,centroid,28,0.9081632653061226,0.9215210583067724
human-mzb1-perp1,1,12,proto_ratio,28,0.903061224489796,0.919982596768311
human-mzb1-perp1,1,13,full,28,0.9489795918367347,0.9403445877185371
human-mzb1-perp1,1,13,centroid,28,0.8877551020408163,0.8835880389451818
human-mzb1-perp1,1,13,proto_ratio,28,0.8877551020408163,0.8835880389451818
human-mzb1-perp1,1,14,full,28,0.9693877551020409,0.9680289948147089
human-mzb1-perp1,1,14,centroid,28,0.9285714285714286,0.956436420722135
human-mzb1-perp1,1,14,proto_ratio,28,0.923469387755102,0.9504840397697539
human-mzb1-perp1,1,15,full,28,0.9489795918367347,0.9338169766741194
human-mzb1-perp1,1,15,centroid,28,0.9387755102040817,0.9670329670329669
human-mzb1-perp1,1,15,proto_ratio,28,0.9336734693877551,0.9619309262166404
human-mzb1-perp1,1,16,full,28,0.015306122448979585,0.3261144768716688
human-mzb1-perp1,1,16,centroid,28,0.0,0.3243912875959585
human-mzb1-perp1,1,16,proto_ratio,28,0.0,0.3243912875959585
human-mzb1-perp1,1,17,full,28,0.9693877551020409,0.9680289948147089
human-mzb1-perp1,1,17,centroid,28,0.9081632653061225,0.9289111681968825
human-mzb1-perp1,1,17,proto_ratio,28,0.8979591836734694,0.9097785151356579
human-mzb1-perp1,1,18,full,28,0.9693877551020409,0.9680289948147089
human-mzb1-perp1,1,18,centroid,28,0.9183673469387756,0.9383861376718519
human-mzb1-perp1,1,18,proto_ratio,28,0.903061224489796,0.9113169766741194
human-mzb1-perp1,1,19,full,28,0.9489795918367347,0.9403445877185371
human-mzb1-perp1,1,19,centroid,28,0.8928571428571429,0.897873753230896
human-mzb1-perp1,1,19,proto_ratio,28,0.8928571428571429,0.897873753230896
human-mzb1-perp1,1,20,full,28,0.9489795918367347,0.9338169766741194
human-mzb1-perp1,1,20,centroid,28,0.9387755102040817,0.9670329670329669
human-mzb1-perp1,1,20,proto_ratio,28,0.9336734693877551,0.9619309262166404
human-mzb1-perp1,1,21,full,28,0.9489795918367347,0.9338169766741194
human-mzb1-perp1,1,21,centroid,28,0.9387755102040817,0.9670329670329669
human-mzb1-perp1,1,21,proto_ratio,28,0.9336734693877551,0.9619309262166404
human-mzb1-perp1,1,22,full,28,0.9489795918367347,0.9403445877185371
human-mzb1-perp1,1,22,centroid,28,0.8877551020408163,0.8835880389451818
human-mzb1-perp1,1,22,proto_ratio,28,0.8877551020408163,0.8835880389451818
human-mzb1-perp1,1,23,full,28,0.0357142857142857,0.3304107567871437
human-mzb1-perp1,1,23,centroid,28,0.0,0.3243912875959585
human-mzb1-perp1,1,23,proto_ratio,28,0.0,0.3243912875959585
human-mzb1-perp1,1,24,full,28,0.9693877551020409,0.9680289948147089
human-mzb1-perp1,1,24,centroid,28,0.9285714285714286,0.956436420722135
human-mzb1-perp1,1,24,proto_ratio,28,0.9183673469387755,0.9439905332762475
human-mzb1-perp1,1,25,full,28,0.9438775510204082,0.9301405060858841
human-mzb1-perp1,1,25,centroid,28,0.8826530612244898,0.865730896088039
human-mzb1-perp1,1,25,proto_ratio,28,0.8826530612244898,0.865730896088039
human-mzb1-perp1,1,26,full,28,0.9540816326530612,0.9440210583067725
human-mzb1-perp1,1,26,centroid,28,0.8928571428571429,0.897873753230896
human-mzb1-perp1,1,26,proto_ratio,28,0.8877551020408164,0.8964492518063946
human-mzb1-perp1,1,27,full,28,0.9693877551020409,0.9680289948147089
human-mzb1-perp1,1,27,centroid,28,0.9081632653061225,0.9289111681968825
human-mzb1-perp1,1,27,proto_ratio,28,0.8979591836734694,0.9097785151356579
human-mzb1-perp1,1,28,full,28,0.9489795918367347,0.9338169766741194
human-mzb1-perp1,1,28,centroid,28,0.9438775510204082,0.9685714285714284
human-mzb1-perp1,1,28,proto_ratio,28,0.9336734693877551,0.9619309262166404
human-mzb1-perp1,1,29,full,28,0.9489795918367347,0.9403445877185371
human-mzb1-perp1,1,29,centroid,28,0.903061224489796,0.9113169766741194
human-mzb1-perp1,1,29,proto_ratio,28,0.8979591836734695,0.8994122147693575
human-mzb1-perp1,1,30,full,28,0.9336734693877551,0.9491796718687473
human-mzb1-perp1,1,30,centroid,28,0.9489795918367347,0.9702380952380951
human-mzb1-perp1,1,30,proto_ratio,28,0.9489795918367347,0.9702380952380951
human-mzb1-perp1,1,31,full,28,0.9489795918367347,0.9403445877185371
human-mzb1-perp1,1,31,centroid,28,0.8979591836734695,0.8994122147693575
human-mzb1-perp1,1,31,proto_ratio,28,0.8979591836734695,0.8994122147693575
human-mzb1-perp1,1,32,full,28,0.9489795918367347,0.9403445877185371
human-mzb1-perp1,1,32,centroid,28,0.8979591836734695,0.8994122147693575
human-mzb1-perp1,1,32,proto_ratio,28,0.8979591836734695,0.8994122147693575
human-mzb1-perp1,1,33,full,28,0.9387755102040816,0.9182357441811222
human-mzb1-perp1,1,33,centroid,28,0.8826530612244898,0.865730896088039
human-mzb1-perp1,1,33,proto_ratio,28,0.8826530612244898,0.865730896088039
human-mzb1-perp1,1,34,full,28,0.9642857142857144,0.9608861376718518
human-mzb1-perp1,1,34,centroid,28,0.9081632653061226,0.9215210583067724
human-mzb1-perp1,1,34,proto_ratio,28,0.903061224489796,0.9113169766741194
human-mzb1-perp1,1,35,full,28,0.9693877551020409,0.9680289948147089
human-mzb1-perp1,1,35,centroid,28,0.913265306122449,0.930449629735344
human-mzb1-perp1,1,35,proto_ratio,28,0.903061224489796,0.9113169766741194
human-mzb1-perp1,1,36,full,28,0.0357142857142857,0.3304107567871437
human-mzb1-perp1,1,36,centroid,28,0.0,0.3243912875959585
human-mzb1-perp1,1,36,proto_ratio,28,0.0051020408163265285,0.3247314236503802
human-mzb1-perp1,1,37,full,28,0.943877551020408,0.9483861376718519
human-mzb1-perp1,1,37,centroid,28,0.9234693877551021,0.945528994814709
human-mzb1-perp1,1,37,proto_ratio,28,0.9081632653061226,0.9215210583067724
human-mzb1-perp1,1,38,full,28,0.9642857142857144,0.9608861376718518
human-mzb1-perp1,1,38,centroid,28,0.9081632653061225,0.9289111681968825
human-mzb1-perp1,1,38,proto_ratio,28,0.903061224489796,0.919982596768311
human-mzb1-perp1,1,39,full,28,0.9540816326530612,0.9492731591471086
human-mzb1-perp1,1,39,centroid,28,0.8979591836734694,0.9097785151356579
human-mzb1-perp1,1,39,proto_ratio,28,0.8979591836734694,0.9097785151356579
human-mzb1-perp1,1,40,full,28,0.9387755102040816,0.9182357441811222
human-mzb1-perp1,1,40,centroid,28,0.8877551020408164,0.8672693576265005
human-mzb1-perp1,1,40,proto_ratio,28,0.8877551020408164,0.8672693576265005
human-mzb1-perp1,1,41,full,28,0.9489795918367347,0.9403445877185371
human-mzb1-perp1,1,41,centroid,28,0.8877551020408163,0.8835880389451818
human-mzb1-perp1,1,41,proto_ratio,28,0.8877551020408163,0.8835880389451818
human-mzb1-perp1,1,42,full,28,0.9489795918367347,0.9403445877185371
human-mzb1-perp1,1,42,centroid,28,0.8928571428571429,0.897873753230896
human-mzb1-perp1,1,42,proto_ratio,28,0.8877551020408163,0.8835880389451818
human-mzb1-perp1,1,43,full,28,0.9489795918367347,0.9403445877185371
human-mzb1-perp1,1,43,centroid,28,0.8877551020408163,0.8835880389451818
human-mzb1-perp1,1,43,proto_ratio,28,0.8877551020408163,0.8835880389451818
human-mzb1-perp1,1,44,full,28,0.9693877551020409,0.9680289948147089
human-mzb1-perp1,1,44,centroid,28,0.9285714285714286,0.956436420722135
human-mzb1-perp1,1,44,proto_ratio,28,0.9183673469387755,0.9439905332762475
human-mzb1-perp1,1,45,full,28,0.9489795918367347,0.9403445877185371
human-mzb1-perp1,1,45,centroid,28,0.8928571428571429,0.897873753230896
human-mzb1-perp1,1,45,proto_ratio,28,0.8877551020408163,0.8835880389451818
human-mzb1-perp1,1,46,full,28,0.943877551020408,0.9483861376718519
human-mzb1-perp1,1,46,centroid,28,0.9285714285714287,0.9520225013082155
human-mzb1-perp1,1,46,proto_ratio,28,0.9081632653061226,0.9215210583067724
human-mzb1-perp1,1,47,full,28,0.9489795918367347,0.9403445877185371
human-mzb1-perp1,1,47,centroid,28,0.903061224489796,0.9113169766741194
human-mzb1-perp1,1,47,proto_ratio,28,0.8979591836734695,0.8994122147693575
human-mzb1-perp1,1,48,full,28,0.9591836734693878,0.9481877249734392
human-mzb1-perp1,1,48,centroid,28,0.8826530612244898,0.8821635375206802
human-mzb1-perp1,1,48,proto_ratio,28,0.8826530612244898,0.8821635375206802
human-mzb1-perp1,1,49,full,28,0.9540816326530612,0.9492731591471086
human-mzb1-perp1,1,49,centroid,28,0.903061224489796,0.919982596768311
human-mzb1-perp1,1,49,proto_ratio,28,0.903061224489796,0.919982596768311
human-mzb1-perp1,1,50,full,28,0.9438775510204082,0.9301405060858841
human-mzb1-perp1,1,50,centroid,28,0.8826530612244898,0.865730896088039
human-mzb1-perp1,1,50,proto_ratio,28,0.8826530612244898,0.865730896088039
human-mzb1-perp1,1,51,full,28,0.9540816326530612,0.9492731591471086
human-mzb1-perp1,1,51,centroid,28,0.903061224489796,0.919982596768311
human-mzb1-perp1,1,51,proto_ratio,28,0.903061224489796,0.919982596768311
human-mzb1-perp1,1,52,full,28,0.9489795918367347,0.9403445877185371
human-mzb1-perp1,1,52,centroid,28,0.8979591836734695,0.8994122147693575
human-mzb1-perp1,1,52,proto_ratio,28,0.8979591836734695,0.8994122147693575
human-mzb1-perp1,1,53,full,28,0.9540816326530612,0.9492731591471086
human-mzb1-perp1,1,53,centroid,28,0.903061224489796,0.919982596768311
human-mzb1-perp1,1,53,proto_ratio,28,0.903061224489796,0.919982596768311
human-mzb1-perp1,1,54,full,28,0.9438775510204082,0.9301405060858841
human-mzb1-perp1,1,54,centroid,28,0.8826530612244898,0.865730896088039
human-mzb1-perp1,1,54,proto_ratio,28,0.8826530612244898,0.865730896088039
human-mzb1-perp1,1,55,full,28,0.8418367346938774,0.8771449461511572
human-mzb1-perp1,1,55,centroid,28,0.9642857142857143,0.9571162964020106
human-mzb1-perp1,1,55,proto_ratio,28,0.9591836734693878,0.9481877249734392
human-mzb1-perp1,1,56,full,28,0.9489795918367347,0.9403445877185371
human-mzb1-perp1,1,56,centroid,28,0.8979591836734695,0.8994122147693575
human-mzb1-perp1,1,56,proto_ratio,28,0.8979591836734695,0.8994122147693575
human-mzb1-perp1,1,57,full,28,0.9693877551020409,0.9680289948147089
human-mzb1-perp1,1,57,centroid,28,0.9081632653061225,0.9289111681968825
human-mzb1-perp1,1,57,proto_ratio,28,0.8979591836734694,0.9097785151356579
human-mzb1-perp1,1,58,full,28,0.8673469387755104,0.8918119578833863
human-mzb1-perp1,1,58,centroid,28,0.4438775510204081,0.6601519515106471
human-mzb1-perp1,1,58,proto_ratio,28,0.3061224489795918,0.5519685465697234
human-mzb1-perp1,1,59,full,28,0.9591836734693878,0.9529496297353439
human-mzb1-perp1,1,59,centroid,28,0.8979591836734694,0.9097785151356579
human-mzb1-perp1,1,59,proto_ratio,28,0.8979591836734694,0.9097785151356579
human-mzb1-perp1,1,60,full,28,0.9693877551020409,0.9680289948147089
human-mzb1-perp1,1,60,centroid,28,0.9285714285714286,0.956436420722135
human-mzb1-perp1,1,60,proto_ratio,28,0.9183673469387755,0.9439905332762475
human-mzb1-perp1,1,61,full,28,0.9693877551020409,0.9680289948147089
human-mzb1-perp1,1,61,centroid,28,0.9081632653061225,0.9289111681968825
human-mzb1-perp1,1,61,proto_ratio,28,0.8979591836734694,0.9097785151356579
human-mzb1-perp1,1,62,full,28,0.9489795918367347,0.9338169766741194
human-mzb1-perp1,1,62,centroid,28,0.9387755102040817,0.9670329670329669
human-mzb1-perp1,1,62,proto_ratio,28,0.9336734693877551,0.9619309262166404
human-mzb1-perp1,1,63,full,28,0.9744897959183674,0.9721956614813757
human-mzb1-perp1,1,63,centroid,28,0.9234693877551021,0.9550119192976335
human-mzb1-perp1,1,63,proto_ratio,28,0.913265306122449,0.942566031851746
human-mzb1-perp1,1,64,full,28,0.9489795918367347,0.9403445877185371
human-mzb1-perp1,1,64,centroid,28,0.8928571428571429,0.897873753230896
human-mzb1-perp1,1,64,proto_ratio,28,0.8928571428571429,0.897873753230896
human-mzb1-perp1,1,65,full,28,0.903061224489796,0.9145482493696779
human-mzb1-perp1,1,65,centroid,28,0.4285714285714285,0.6088627994862009
human-mzb1-perp1,1,65,proto_ratio,28,0.10714285714285714,0.3972029122458184
human-mzb1-perp1,1,66,full,28,0.9693877551020409,0.9680289948147089
human-mzb1-perp1,1,66,centroid,28,0.9183673469387756,0.9383861376718519
human-mzb1-perp1,1,66,proto_ratio,28,0.903061224489796,0.9113169766741194
human-mzb1-perp1,1,67,full,28,0.9591836734693878,0.9529496297353439
human-mzb1-perp1,1,67,centroid,28,0.8979591836734694,0.9097785151356579
human-mzb1-perp1,1,67,proto_ratio,28,0.8979591836734694,0.9097785151356579
human-mzb1-perp1,1,68,full,28,0.9489795918367347,0.9338169766741194
human-mzb1-perp1,1,68,centroid,28,0.9387755102040817,0.9670329670329669
human-mzb1-perp1,1,68,proto_ratio,28,0.9336734693877551,0.9619309262166404
human-mzb1-perp1,1,69,full,28,0.9591836734693878,0.9529496297353439
human-mzb1-perp1,1,69,centroid,28,0.9081632653061225,0.9289111681968825
human-mzb1-perp1,1,69,proto_ratio,28,0.8979591836734694,0.9097785151356579
human-mzb1-perp1,1,70,full,28,0.943877551020408,0.9483861376718519
human-mzb1-perp1,1,70,centroid,28,0.9285714285714287,0.9520225013082155
human-mzb1-perp1,1,70,proto_ratio,28,0.9081632653061226,0.9215210583067724
human-mzb1-perp1,1,71,full,28,0.9591836734693878,0.9529496297353439
human-mzb1-perp1,1,71,centroid,28,0.903061224489796,0.919982596768311
human-mzb1-perp1,1,71,proto_ratio,28,0.903061224489796,0.919982596768311
human-mzb1-perp1,1,72,full,28,0.9591836734693878,0.9529496297353439
human-mzb1-perp1,1,72,centroid,28,0.8979591836734694,0.9097785151356579
human-mzb1-perp1,1,72,proto_ratio,28,0.8979591836734694,0.9097785151356579
human-mzb1-perp1,1,73,full,28,0.0357142857142857,0.3304107567871437
human-mzb1-perp1,1,73,centroid,28,0.0,0.3243912875959585
human-mzb1-perp1,1,73,proto_ratio,28,0.0051020408163265285,0.3247314236503802
human-mzb1-perp1,1,74,full,28,0.9744897959183674,0.9721956614813757
human-mzb1-perp1,1,74,centroid,28,0.903061224489796,0.9274866667723809
human-mzb1-perp1,1,74,proto_ratio,28,0.8928571428571429,0.9083540137111565
human-mzb1-perp1,1,75,full,28,0.9693877551020409,0.9680289948147089
human-mzb1-perp1,1,75,centroid,28,0.9285714285714286,0.956436420722135
human-mzb1-perp1,1,75,proto_ratio,28,0.923469387755102,0.9504840397697539
human-mzb1-perp1,1,76,full,28,0.9489795918367347,0.9403445877185371
human-mzb1-perp1,1,76,centroid,28,0.8877551020408163,0.8835880389451818
human-mzb1-perp1,1,76,proto_ratio,28,0.8877551020408163,0.8835880389451818
human-mzb1-perp1,1,77,full,28,0.9489795918367347,0.9338169766741194
human-mzb1-perp1,1,77,centroid,28,0.9387755102040817,0.9670329670329669
human-mzb1-perp1,1,77,proto_ratio,28,0.9387755102040817,0.9670329670329669
human-mzb1-perp1,1,78,full,28,0.47959183673469385,0.6447908245423772
human-mzb1-perp1,1,78,centroid,28,0.1173469387755102,0.40253754609935977
human-mzb1-perp1,1,78,proto_ratio,28,0.0510204081632653,0.3321293828340537
human-mzb1-perp1,1,79,full,28,0.9489795918367347,0.9338169766741194
human-mzb1-perp1,1,79,centroid,28,0.9387755102040817,0.9670329670329669
human-mzb1-perp1,1,79,proto_ratio,28,0.9336734693877551,0.9619309262166404
human-mzb1-perp1,1,80,full,28,0.9489795918367347,0.9403445877185371
human-mzb1-perp1,1,80,centroid,28,0.903061224489796,0.9113169766741194
human-mzb1-perp1,1,80,proto_ratio,28,0.8979591836734695,0.8994122147693575
human-mzb1-perp1,1,81,full,28,0.9693877551020409,0.9680289948147089
human-mzb1-perp1,1,81,centroid,28,0.9081632653061226,0.9215210583067724
human-mzb1-perp1,1,81,proto_ratio,28,0.903061224489796,0.9113169766741194
human-mzb1-perp1,1,82,full,28,0.9489795918367347,0.9403445877185371
human-mzb1-perp1,1,82,centroid,28,0.8979591836734695,0.8994122147693575
human-mzb1-perp1,1,82,proto_ratio,28,0.8979591836734695,0.8994122147693575
human-mzb1-perp1,1,83,full,28,0.9387755102040817,0.9460051852908995
human-mzb1-perp1,1,83,centroid,28,0.9285714285714286,0.9471956614813757
human-mzb1-perp1,1,83,proto_ratio,28,0.913265306122449,0.9231877249734393
human-mzb1-perp1,1,84,full,28,0.9693877551020409,0.9680289948147089
human-mzb1-perp1,1,84,centroid,28,0.9081632653061226,0.9215210583067724
human-mzb1-perp1,1,84,proto_ratio,28,0.903061224489796,0.9113169766741194
human-mzb1-perp1,1,85,full,28,0.9489795918367347,0.9338169766741194
human-mzb1-perp1,1,85,centroid,28,0.9387755102040817,0.9670329670329669
human-mzb1-perp1,1,85,proto_ratio,28,0.9336734693877551,0.9619309262166404
human-mzb1-perp1,1,86,full,28,0.9489795918367347,0.9403445877185371
human-mzb1-perp1,1,86,centroid,28,0.8877551020408163,0.8835880389451818
human-mzb1-perp1,1,86,proto_ratio,28,0.8877551020408163,0.8835880389451818
human-mzb1-perp1,1,87,full,28,0.9489795918367347,0.9403445877185371
human-mzb1-perp1,1,87,centroid,28,0.8928571428571429,0.897873753230896
human-mzb1-perp1,1,87,proto_ratio,28,0.8928571428571429,0.897873753230896
human-mzb1-perp1,1,88,full,28,0.9540816326530612,0.9492731591471086
human-mzb1-perp1,1,88,centroid,28,0.903061224489796,0.919982596768311
human-mzb1-perp1,1,88,proto_ratio,28,0.903061224489796,0.919982596768311
human-mzb1-perp1,1,89,full,28,0.9642857142857144,0.9608861376718518
human-mzb1-perp1,1,89,centroid,28,0.9081632653061226,0.9215210583067724
human-mzb1-perp1,1,89,proto_ratio,28,0.9081632653061226,0.9215210583067724
human-mzb1-perp1,1,90,full,28,0.9387755102040817,0.9460051852908995
human-mzb1-perp1,1,90,centroid,28,0.9234693877551021,0.9400528043385186
human-mzb1-perp1,1,90,proto_ratio,28,0.913265306122449,0.9231877249734393
human-mzb1-perp1,1,91,full,28,0.8673469387755104,0.8918119578833863
human-mzb1-perp1,1,91,centroid,28,0.4438775510204081,0.6601519515106471
human-mzb1-perp1,1,91,proto_ratio,28,0.3061224489795918,0.5519685465697234
human-mzb1-perp1,1,92,full,28,0.9438775510204082,0.9301405060858841
human-mzb1-perp1,1,92,centroid,28,0.8826530612244898,0.865730896088039
human-mzb1-perp1,1,92,proto_ratio,28,0.8826530612244898,0.865730896088039
human-mzb1-perp1,1,93,full,28,0.9438775510204082,0.9301405060858841
human-mzb1-perp1,1,93,centroid,28,0.8826530612244898,0.865730896088039
human-mzb1-perp1,1,93,proto_ratio,28,0.8826530612244898,0.865730896088039
human-mzb1-perp1,1,94,full,28,0.9489795918367347,0.9403445877185371
human-mzb1-perp1,1,94,centroid,28,0.8928571428571429,0.897873753230896
human-mzb1-perp1,1,94,proto_ratio,28,0.8928571428571429,0.897873753230896
human-mzb1-perp1,1,95,full,28,0.0357142857142857,0.3304107567871437
human-mzb1-perp1,1,95,centroid,28,0.0,0.3243912875959585
human-mzb1-perp1,1,95,proto_ratio,28,0.0,0.3243912875959585
human-mzb1-perp1,1,96,full,28,0.9387755102040816,0.9182357441811222
human-mzb1-perp1,1,96,centroid,28,0.8826530612244898,0.865730896088039
human-mzb1-perp1,1,96,proto_ratio,28,0.8826530612244898,0.865730896088039
human-mzb1-perp1,1,97,full,28,0.9642857142857144,0.9608861376718518
human-mzb1-perp1,1,97,centroid,28,0.913265306122449,0.9368476761333904
human-mzb1-perp1,1,97,proto_ratio,28,0.8928571428571429,0.897873753230896
human-mzb1-perp1,1,98,full,28,0.9387755102040816,0.9182357441811222
human-mzb1-perp1,1,98,centroid,28,0.8826530612244898,0.865730896088039
human-mzb1-perp1,1,98,proto_ratio,28,0.8826530612244898,0.865730896088039
human-mzb1-perp1,1,99,full,28,0.9387755102040816,0.9182357441811222
human-mzb1-perp1,1,99,centroid,28,0.8877551020408164,0.8672693576265005
human-mzb1-perp1,1,99,proto_ratio,28,0.8877551020408164,0.8672693576265005
human-mzb1-perp1,2,0,full,26,0.9763313609467457,0.9751850713389174
human-mzb1-perp1,2,0,centroid,26,0.9053254437869822,0.9291838503376963
human-mzb1-perp1,2,0,proto_ratio,26,0.8994082840236686,0.9195684657223118
human-mzb1-perp1,2,1,full,26,0.9585798816568047,0.9585641922180383
human-mzb1-perp1,2,1,centroid,26,0.8875739644970414,0.895758941912788
human-mzb1-perp1,2,1,proto_ratio,26,0.8816568047337278,0.8803743265281727
human-mzb1-perp1,2,2,full,26,0.9467455621301776,0.9255208466746927
human-mzb1-perp1,2,2,centroid,26,0.9526627218934912,0.9383413594952055
human-mzb1-perp1,2,2,proto_ratio,26,0.9467455621301776,0.9255208466746927
human-mzb1-perp1,2,3,full,26,0.9644970414201184,0.962730858884705
human-mzb1-perp1,2,3,centroid,26,0.8994082840236687,0.9103910489361993
human-mzb1-perp1,2,3,proto_ratio,26,0.893491124260355,0.8975705361156865
human-mzb1-perp1,2,4,full,26,0.9644970414201184,0.9757085020242915
human-mzb1-perp1,2,4,centroid,26,0.9408284023668639,0.9665551839464883
human-mzb1-perp1,2,4,proto_ratio,26,0.9349112426035503,0.9647435897435896
human-mzb1-perp1,2,5,full,26,0.9704142011834319,0.9704231665770127
human-mzb1-perp1,2,5,centroid,26,0.9349112426035503,0.9606380241831747
human-mzb1-perp1,2,5,proto_ratio,26,0.9171597633136095,0.9395424530876035
human-mzb1-perp1,2,6,full,26,0.9526627218934912,0.9383413594952055
human-mzb1-perp1,2,6,centroid,26,0.9349112426035503,0.890905462059308
human-mzb1-perp1,2,6,proto_ratio,26,0.9349112426035503,0.890905462059308
human-mzb1-perp1,2,7,full,26,0.9881656804733727,0.9897435897435898
human-mzb1-perp1,2,7,centroid,26,0.9408284023668639,0.9665551839464883
human-mzb1-perp1,2,7,proto_ratio,26,0.9408284023668639,0.9665551839464883
human-mzb1-perp1,2,8,full,26,0.6213017751479291,0.7440423465423465
human-mzb1-perp1,2,8,centroid,26,0.485207100591716,0.6993960285836716
human-mzb1-perp1,2,8,proto_ratio,26,0.4733727810650888,0.6962021464424211
human-mzb1-perp1,2,9,full,26,0.9526627218934911,0.9500171836710298
human-mzb1-perp1,2,9,centroid,26,0.8757396449704141,0.8611435572974033
human-mzb1-perp1,2,9,proto_ratio,26,0.8757396449704141,0.8611435572974033
human-mzb1-perp1,2,10,full,26,0.9881656804733727,0.9897435897435898
human-mzb1-perp1,2,10,centroid,26,0.9349112426035503,0.9647435897435896
human-mzb1-perp1,2,10,proto_ratio,26,0.9349112426035503,0.9647435897435896
human-mzb1-perp1,2,11,full,26,0.9585798816568047,0.9585641922180383
human-mzb1-perp1,2,11,centroid,26,0.8875739644970414,0.895758941912788
human-mzb1-perp1,2,11,proto_ratio,26,0.8875739644970414,0.895758941912788
human-mzb1-perp1,2,12,full,26,0.9644970414201184,0.962730858884705
human-mzb1-perp1,2,12,centroid,26,0.8994082840236686,0.9195684657223118
human-mzb1-perp1,2,12,proto_ratio,26,0.893491124260355,0.9085794547333008
human-mzb1-perp1,2,13,full,26,0.9644970414201184,0.962730858884705
human-mzb1-perp1,2,13,centroid,26,0.8757396449704142,0.878707659861506
human-mzb1-perp1,2,13,proto_ratio,26,0.8757396449704142,0.878707659861506
human-mzb1-perp1,2,14,full,26,0.9704142011834319,0.9704231665770127
human-mzb1-perp1,2,14,centroid,26,0.911242603550296,0.943756499910346
human-mzb1-perp1,2,14,proto_ratio,26,0.8994082840236687,0.9275171836710299
human-mzb1-perp1,2,15,full,26,0.9644970414201184,0.962730858884705
human-mzb1-perp1,2,15,centroid,26,0.9112426035502958,0.9377308588847051
human-mzb1-perp1,2,15,proto_ratio,26,0.9053254437869822,0.9291838503376963
human-mzb1-perp1,2,16,full,26,0.9526627218934912,0.9383413594952055
human-mzb1-perp1,2,16,centroid,26,0.9644970414201184,0.958945755099601
human-mzb1-perp1,2,16,proto_ratio,26,0.9526627218934912,0.9383413594952055
human-mzb1-perp1,2,17,full,26,0.9644970414201183,0.966256499910346
human-mzb1-perp1,2,17,centroid,26,0.9053254437869822,0.9291838503376963
human-mzb1-perp1,2,17,proto_ratio,26,0.8994082840236686,0.9195684657223118
human-mzb1-perp1,2,18,full,26,0.9526627218934912,0.9383413594952055
human-mzb1-perp1,2,18,centroid,26,0.970414201183432,0.9674927636466097
human-mzb1-perp1,2,18,proto_ratio,26,0.9526627218934912,0.9383413594952055
human-mzb1-perp1,2,19,full,26,0.9467455621301775,0.9404017990556452
human-mzb1-perp1,2,19,centroid,26,0.8816568047337278,0.8803743265281727
human-mzb1-perp1,2,19,proto_ratio,26,0.8816568047337278,0.8803743265281727
human-mzb1-perp1,2,20,full,26,0.9526627218934912,0.9383413594952055
human-mzb1-perp1,2,20,centroid,26,1.0,1.0
human-mzb1-perp1,2,20,proto_ratio,26,0.9940828402366865,0.9945054945054945
human-mzb1-perp1,2,21,full,26,0.9704142011834319,0.9704231665770127
human-mzb1-perp1,2,21,centroid,26,0.9289940828402367,0.958826429980276
human-mzb1-perp1,2,21,proto_ratio,26,0.9289940828402367,0.958826429980276
human-mzb1-perp1,2,22,full,26,0.9644970414201184,0.962730858884705
human-mzb1-perp1,2,22,centroid,26,0.9171597633136095,0.9454231665770128
human-mzb1-perp1,2,22,proto_ratio,26,0.8994082840236686,0.9195684657223118
human-mzb1-perp1,2,23,full,26,0.9467455621301776,0.9255208466746927
human-mzb1-perp1,2,23,centroid,26,0.9526627218934912,0.9383413594952055
human-mzb1-perp1,2,23,proto_ratio,26,0.9467455621301776,0.9255208466746927
human-mzb1-perp1,2,24,full,26,0.9644970414201184,0.962730858884705
human-mzb1-perp1,2,24,centroid,26,0.9112426035502958,0.9377308588847051
human-mzb1-perp1,2,24,proto_ratio,26,0.9053254437869822,0.9291838503376963
human-mzb1-perp1,2,25,full,26,0.9526627218934911,0.9500171836710298
human-mzb1-perp1,2,25,centroid,26,0.8757396449704141,0.8611435572974033
human-mzb1-perp1,2,25,proto_ratio,26,0.8757396449704141,0.8611435572974033
human-mzb1-perp1,2,26,full,26,0.9644970414201184,0.962730858884705
human-mzb1-perp1,2,26,centroid,26,0.8816568047337279,0.8940922752461213
human-mzb1-perp1,2,26,proto_ratio,26,0.8816568047337279,0.8940922752461213
human-mzb1-perp1,2,27,full,26,0.9644970414201184,0.962730858884705
human-mzb1-perp1,2,27,centroid,26,0.9053254437869822,0.9291838503376963
human-mzb1-perp1,2,27,proto_ratio,26,0.893491124260355,0.9085794547333008
human-mzb1-perp1,2,28,full,26,0.9644970414201184,0.962730858884705
human-mzb1-perp1,2,28,centroid,26,0.9112426035502958,0.9377308588847051
human-mzb1-perp1,2,28,proto_ratio,26,0.9053254437869822,0.9291838503376963
human-mzb1-perp1,2,29,full,26,0.9467455621301775,0.9404017990556452
human-mzb1-perp1,2,29,centroid,26,0.8875739644970414,0.895758941912788
human-mzb1-perp1,2,29,proto_ratio,26,0.8875739644970414,0.895758941912788
human-mzb1-perp1,2,30,full,26,0.9940828402366865,0.9945054945054945
human-mzb1-perp1,2,30,centroid,26,0.9289940828402368,0.9630769230769229
human-mzb1-perp1,2,30,proto_ratio,26,0.9289940828402368,0.9630769230769229
human-mzb1-perp1,2,31,full,26,0.9467455621301775,0.9404017990556452
human-mzb1-perp1,2,31,centroid,26,0.8875739644970414,0.8821859207310712
human-mzb1-perp1,2,31,proto_ratio,26,0.8875739644970414,0.8821859207310712
human-mzb1-perp1,2,32,full,26,0.9881656804733727,0.9897435897435898
human-mzb1-perp1,2,32,centroid,26,0.9408284023668639,0.9665551839464883
human-mzb1-perp1,2,32,proto_ratio,26,0.9408284023668639,0.9665551839464883
human-mzb1-perp1,2,33,full,26,0.9408284023668638,0.9294127880666341
human-mzb1-perp1,2,33,centroid,26,0.8698224852071006,0.8355025316563778
human-mzb1-perp1,2,33,proto_ratio,26,0.8698224852071006,0.8355025316563778
human-mzb1-perp1,2,34,full,26,0.9585798816568047,0.9541838503376965
human-mzb1-perp1,2,34,centroid,26,0.8757396449704141,0.8611435572974033
human-mzb1-perp1,2,34,proto_ratio,26,0.8757396449704141,0.8611435572974033
human-mzb1-perp1,2,35,full,26,0.9585798816568047,0.9541838503376965
human-mzb1-perp1,2,35,centroid,26,0.8994082840236687,0.9103910489361993
human-mzb1-perp1,2,35,proto_ratio,26,0.893491124260355,0.8975705361156865
human-mzb1-perp1,2,36,full,26,0.9526627218934912,0.9383413594952055
human-mzb1-perp1,2,36,centroid,26,0.970414201183432,0.9674927636466097
human-mzb1-perp1,2,36,proto_ratio,26,0.9585798816568047,0.9493303704842164
human-mzb1-perp1,2,37,full,26,0.9585798816568047,0.9585641922180383
human-mzb1-perp1,2,37,centroid,26,0.893491124260355,0.8975705361156865
human-mzb1-perp1,2,37,proto_ratio,26,0.893491124260355,0.8975705361156865
human-mzb1-perp1,2,38,full,26,0.9644970414201184,0.962730858884705
human-mzb1-perp1,2,38,centroid,26,0.8994082840236686,0.9195684657223118
human-mzb1-perp1,2,38,proto_ratio,26,0.893491124260355,0.9085794547333008
human-mzb1-perp1,2,39,full,26,0.9644970414201184,0.962730858884705
human-mzb1-perp1,2,39,centroid,26,0.8994082840236686,0.9195684657223118
human-mzb1-perp1,2,39,proto_ratio,26,0.893491124260355,0.9085794547333008
human-mzb1-perp1,2,40,full,26,0.9585798816568047,0.9541838503376965
human-mzb1-perp1,2,40,centroid,26,0.8757396449704141,0.8611435572974033
human-mzb1-perp1,2,40,proto_ratio,26,0.8757396449704141,0.8611435572974033
human-mzb1-perp1,2,41,full,26,0.9467455621301775,0.9404017990556452
human-mzb1-perp1,2,41,centroid,26,0.8816568047337278,0.8803743265281727
human-mzb1-perp1,2,41,proto_ratio,26,0.8816568047337278,0.8803743265281727
human-mzb1-perp1,2,42,full,26,0.9467455621301776,0.9255208466746927
human-mzb1-perp1,2,42,centroid,26,0.9467455621301776,0.9255208466746927
human-mzb1-perp1,2,42,proto_ratio,26,0.9408284023668639,0.9101362312900774
human-mzb1-perp1,2,43,full,26,0.9467455621301775,0.9404017990556452
human-mzb1-perp1,2,43,centroid,26,0.8816568047337278,0.8803743265281727
human-mzb1-perp1,2,43,proto_ratio,26,0.8816568047337278,0.8803743265281727
human-mzb1-perp1,2,44,full,26,0.9644970414201184,0.962730858884705
human-mzb1-perp1,2,44,centroid,26,0.893491124260355,0.9085794547333008
human-mzb1-perp1,2,44,proto_ratio,26,0.8875739644970414,0.895758941912788
human-mzb1-perp1,2,45,full,26,0.9408284023668638,0.9294127880666341
human-mzb1-perp1,2,45,centroid,26,0.8816568047337278,0.8803743265281727
human-mzb1-perp1,2,45,proto_ratio,26,0.8816568047337278,0.8803743265281727
human-mzb1-perp1,2,46,full,26,0.9704142011834319,0.9704231665770127
human-mzb1-perp1,2,46,centroid,26,0.9171597633136095,0.9395424530876035
human-mzb1-perp1,2,46,proto_ratio,26,0.9053254437869822,0.9213800599252104
human-mzb1-perp1,2,47,full,26,0.9644970414201184,0.962730858884705
human-mzb1-perp1,2,47,centroid,26,0.9112426035502958,0.9377308588847051
human-mzb1-perp1,2,47,proto_ratio,26,0.893491124260355,0.9085794547333008
human-mzb1-perp1,2,48,full,26,0.9644970414201184,0.958945755099601
human-mzb1-perp1,2,48,centroid,26,0.8698224852071006,0.8594768906307368
human-mzb1-perp1,2,48,proto_ratio,26,0.8698224852071006,0.8594768906307368
human-mzb1-perp1,2,49,full,26,0.9585798816568047,0.9585641922180383
human-mzb1-perp1,2,49,centroid,26,0.8757396449704141,0.8611435572974033
human-mzb1-perp1,2,49,proto_ratio,26,0.8757396449704141,0.8611435572974033
human-mzb1-perp1,2,50,full,26,0.9585798816568047,0.9541838503376965
human-mzb1-perp1,2,50,centroid,26,0.8757396449704141,0.8611435572974033
human-mzb1-perp1,2,50,proto_ratio,26,0.8757396449704141,0.8611435572974033
human-mzb1-perp1,2,51,full,26,0.9585798816568047,0.9585641922180383
human-mzb1-perp1,2,51,centroid,26,0.8875739644970414,0.895758941912788
human-mzb1-perp1,2,51,proto_ratio,26,0.8875739644970414,0.895758941912788
human-mzb1-perp1,2,52,full,26,0.9467455621301775,0.9404017990556452
human-mzb1-perp1,2,52,centroid,26,0.8875739644970414,0.8821859207310712
human-mzb1-perp1,2,52,proto_ratio,26,0.8875739644970414,0.8821859207310712
human-mzb1-perp1,2,53,full,26,0.9822485207100591,0.9855769230769229
human-mzb1-perp1,2,53,centroid,26,0.9349112426035503,0.9647435897435896
human-mzb1-perp1,2,53,proto_ratio,26,0.9349112426035503,0.9647435897435896
human-mzb1-perp1,2,54,full,26,0.9881656804733727,0.9897435897435898
human-mzb1-perp1,2,54,centroid,26,0.9408284023668639,0.9665551839464883
human-mzb1-perp1,2,54,proto_ratio,26,0.9349112426035503,0.9647435897435896
human-mzb1-perp1,2,55,full,26,0.9526627218934912,0.9383413594952055
human-mzb1-perp1,2,55,centroid,26,0.970414201183432,0.9674927636466097
human-mzb1-perp1,2,55,proto_ratio,26,0.9526627218934912,0.9383413594952055
human-mzb1-perp1,2,56,full,26,0.9585798816568047,0.9585641922180383
human-mzb1-perp1,2,56,centroid,26,0.8875739644970414,0.895758941912788
human-mzb1-perp1,2,56,proto_ratio,26,0.8875739644970414,0.895758941912788
human-mzb1-perp1,2,57,full,26,0.9644970414201184,0.962730858884705
human-mzb1-perp1,2,57,centroid,26,0.8994082840236686,0.9195684657223118
human-mzb1-perp1,2,57,proto_ratio,26,0.8994082840236686,0.9195684657223118
human-mzb1-perp1,2,58,full,26,0.5680473372781065,0.6780518756605713
human-mzb1-perp1,2,58,centroid,26,0.4437869822485207,0.6676789152876108
human-mzb1-perp1,2,58,proto_ratio,26,0.4378698224852071,0.6625507101594057
human-mzb1-perp1,2,59,full,26,0.9644970414201184,0.962730858884705
human-mzb1-perp1,2,59,centroid,26,0.893491124260355,0.9085794547333008
human-mzb1-perp1,2,59,proto_ratio,26,0.893491124260355,0.9085794547333008
human-mzb1-perp1,2,60,full,26,0.9644970414201184,0.958945755099601
human-mzb1-perp1,2,60,centroid,26,0.9881656804733728,0.9885883347421809
human-mzb1-perp1,2,60,proto_ratio,26,0.9763313609467457,0.9751850713389174
human-mzb1-perp1,2,61,full,26,0.9467455621301775,0.9404017990556452
human-mzb1-perp1,2,61,centroid,26,0.8875739644970414,0.895758941912788
human-mzb1-perp1,2,61,proto_ratio,26,0.8875739644970414,0.895758941912788
human-mzb1-perp1,2,62,full,26,0.9704142011834319,0.9704231665770127
human-mzb1-perp1,2,62,centroid,26,0.8994082840236686,0.9195684657223118
human-mzb1-perp1,2,62,proto_ratio,26,0.8875739644970414,0.895758941912788
human-mzb1-perp1,2,63,full,26,0.9763313609467457,0.9751850713389174
human-mzb1-perp1,2,63,centroid,26,0.9230769230769231,0.9571597633136093
human-mzb1-perp1,2,63,proto_ratio,26,0.9230769230769231,0.9571597633136093
human-mzb1-perp1,2,64,full,26,0.9408284023668638,0.9294127880666341
human-mzb1-perp1,2,64,centroid,26,0.8816568047337278,0.8803743265281727
human-mzb1-perp1,2,64,proto_ratio,26,0.8816568047337278,0.8803743265281727
human-mzb1-perp1,2,65,full,26,0.9881656804733727,0.9897435897435898
human-mzb1-perp1,2,65,centroid,26,0.9408284023668639,0.9665551839464883
human-mzb1-perp1,2,65,proto_ratio,26,0.9408284023668639,0.9665551839464883
human-mzb1-perp1,2,66,full,26,0.9704142011834319,0.9704231665770127
human-mzb1-perp1,2,66,centroid,26,0.9112426035502958,0.930995444540595
human-mzb1-perp1,2,66,proto_ratio,26,0.9053254437869822,0.9213800599252104
human-mzb1-perp1,2,67,full,26,0.9881656804733727,0.9897435897435898
human-mzb1-perp1,2,67,centroid,26,0.9408284023668639,0.9665551839464883
human-mzb1-perp1,2,67,proto_ratio,26,0.9408284023668639,0.9665551839464883
human-mzb1-perp1,2,68,full,26,0.9704142011834319,0.9704231665770127
human-mzb1-perp1,2,68,centroid,26,0.9349112426035503,0.9647435897435896
human-mzb1-perp1,2,68,proto_ratio,26,0.9289940828402367,0.958826429980276
human-mzb1-perp1,2,69,full,26,0.9585798816568047,0.9585641922180383
human-mzb1-perp1,2,69,centroid,26,0.8816568047337279,0.8940922752461213
human-mzb1-perp1,2,69,proto_ratio,26,0.8816568047337279,0.8940922752461213
human-mzb1-perp1,2,70,full,26,0.9704142011834319,0.9704231665770127
human-mzb1-perp1,2,70,centroid,26,0.9171597633136095,0.9395424530876035
human-mzb1-perp1,2,70,proto_ratio,26,0.9053254437869822,0.9213800599252104
human-mzb1-perp1,2,71,full,26,0.9940828402366865,0.9945054945054945
human-mzb1-perp1,2,71,centroid,26,0.9349112426035503,0.9647435897435896
human-mzb1-perp1,2,71,proto_ratio,26,0.9349112426035503,0.9647435897435896
human-mzb1-perp1,2,72,full,26,0.9644970414201184,0.962730858884705
human-mzb1-perp1,2,72,centroid,26,0.893491124260355,0.9085794547333008
human-mzb1-perp1,2,72,proto_ratio,26,0.893491124260355,0.9085794547333008
human-mzb1-perp1,2,73,full,26,0.9467455621301776,0.9255208466746927
human-mzb1-perp1,2,73,centroid,26,0.9467455621301776,0.9255208466746927
human-mzb1-perp1,2,73,proto_ratio,26,0.9408284023668639,0.9101362312900774
human-mzb1-perp1,2,74,full,26,0.970414201183432,0.9674927636466097
human-mzb1-perp1,2,74,centroid,26,0.893491124260355,0.9179017990556453
human-mzb1-perp1,2,74,proto_ratio,26,0.8875739644970415,0.9069127880666341
human-mzb1-perp1,2,75,full,26,0.9644970414201184,0.962730858884705
human-mzb1-perp1,2,75,centroid,26,0.8875739644970415,0.9069127880666341
human-mzb1-perp1,2,75,proto_ratio,26,0.8875739644970415,0.9069127880666341
human-mzb1-perp1,2,76,full,26,0.9585798816568047,0.9585641922180383
human-mzb1-perp1,2,76,centroid,26,0.8875739644970414,0.895758941912788
human-mzb1-perp1,2,76,proto_ratio,26,0.8816568047337278,0.8803743265281727
human-mzb1-perp1,2,77,full,26,0.9704142011834319,0.9704231665770127
human-mzb1-perp1,2,77,centroid,26,0.9289940828402367,0.958826429980276
human-mzb1-perp1,2,77,proto_ratio,26,0.9171597633136095,0.9454231665770128
human-mzb1-perp1,2,78,full,26,0.9881656804733727,0.9897435897435898
human-mzb1-perp1,2,78,centroid,26,0.9467455621301776,0.9685314685314685
human-mzb1-perp1,2,78,proto_ratio,26,0.9467455621301776,0.9685314685314685
human-mzb1-perp1,2,79,full,26,0.9704142011834319,0.9704231665770127
human-mzb1-perp1,2,79,centroid,26,0.9289940828402367,0.958826429980276
human-mzb1-perp1,2,79,proto_ratio,26,0.9289940828402367,0.958826429980276
human-mzb1-perp1,2,80,full,26,0.9644970414201184,0.962730858884705
human-mzb1-perp1,2,80,centroid,26,0.9112426035502958,0.9377308588847051
human-mzb1-perp1,2,80,proto_ratio,26,0.893491124260355,0.9085794547333008
human-mzb1-perp1,2,81,full,26,0.9585798816568047,0.9541838503376965
human-mzb1-perp1,2,81,centroid,26,0.8994082840236687,0.9103910489361993
human-mzb1-perp1,2,81,proto_ratio,26,0.893491124260355,0.8975705361156865
human-mzb1-perp1,2,82,full,26,0.9467455621301775,0.9404017990556452
human-mzb1-perp1,2,82,centroid,26,0.8816568047337278,0.8803743265281727
human-mzb1-perp1,2,82,proto_ratio,26,0.8816568047337278,0.8803743265281727
human-mzb1-perp1,2,83,full,26,0.9704142011834319,0.9704231665770127
human-mzb1-perp1,2,83,centroid,26,0.9349112426035503,0.9606380241831747
human-mzb1-perp1,2,83,proto_ratio,26,0.9171597633136095,0.9395424530876035
human-mzb1-perp1,2,84,full,26,0.9644970414201184,0.962730858884705
human-mzb1-perp1,2,84,centroid,26,0.8875739644970415,0.9069127880666341
human-mzb1-perp1,2,84,proto_ratio,26,0.8875739644970415,0.9069127880666341
human-mzb1-perp1,2,85,full,26,0.9704142011834319,0.9704231665770127
human-mzb1-perp1,2,85,centroid,26,0.9349112426035503,0.9606380241831747
human-mzb1-perp1,2,85,proto_ratio,26,0.9171597633136095,0.9454231665770128
human-mzb1-perp1,2,86,full,26,0.9644970414201184,0.962730858884705
human-mzb1-perp1,2,86,centroid,26,0.9171597633136095,0.9454231665770128
human-mzb1-perp1,2,86,proto_ratio,26,0.9053254437869822,0.9291838503376963
human-mzb1-perp1,2,87,full,26,0.9644970414201184,0.962730858884705
human-mzb1-perp1,2,87,centroid,26,0.893491124260355,0.9085794547333008
human-mzb1-perp1,2,87,proto_ratio,26,0.8875739644970414,0.895758941912788
human-mzb1-perp1,2,88,full,26,0.9704142011834319,0.9704231665770127
human-mzb1-perp1,2,88,centroid,26,0.9289940828402367,0.958826429980276
human-mzb1-perp1,2,88,proto_ratio,26,0.9171597633136095,0.9454231665770128
human-mzb1-perp1,2,89,full,26,0.9585798816568047,0.9541838503376965
human-mzb1-perp1,2,89,centroid,26,0.8757396449704141,0.8611435572974033
human-mzb1-perp1,2,89,proto_ratio,26,0.8757396449704141,0.8611435572974033
human-mzb1-perp1,2,90,full,26,0.9585798816568047,0.9585641922180383
human-mzb1-perp1,2,90,centroid,26,0.893491124260355,0.8975705361156865
human-mzb1-perp1,2,90,proto_ratio,26,0.893491124260355,0.8975705361156865
human-mzb1-perp1,2,91,full,26,0.9585798816568047,0.973076923076923
human-mzb1-perp1,2,91,centroid,26,0.9408284023668639,0.9665551839464883
human-mzb1-perp1,2,91,proto_ratio,26,0.9408284023668639,0.9665551839464883
human-mzb1-perp1,2,92,full,26,0.9467455621301775,0.9404017990556452
human-mzb1-perp1,2,92,centroid,26,0.8757396449704141,0.8611435572974033
human-mzb1-perp1,2,92,proto_ratio,26,0.8757396449704141,0.8611435572974033
human-mzb1-perp1,2,93,full,26,0.9526627218934911,0.9500171836710298
human-mzb1-perp1,2,93,centroid,26,0.8757396449704141,0.8611435572974033
human-mzb1-perp1,2,93,proto_ratio,26,0.8757396449704141,0.8611435572974033
human-mzb1-perp1,2,94,full,26,0.9467455621301775,0.9404017990556452
human-mzb1-perp1,2,94,centroid,26,0.8816568047337278,0.8803743265281727
human-mzb1-perp1,2,94,proto_ratio,26,0.8816568047337278,0.8803743265281727
human-mzb1-perp1,2,95,full,26,0.5088757396449705,0.6526328502415459
human-mzb1-perp1,2,95,centroid,26,0.1952662721893491,0.47249544378834996
human-mzb1-perp1,2,95,proto_ratio,26,0.17159763313609466,0.4670009382938445
human-mzb1-perp1,2,96,full,26,0.9467455621301776,0.9255208466746927
human-mzb1-perp1,2,96,centroid,26,0.9349112426035503,0.890905462059308
human-mzb1-perp1,2,96,proto_ratio,26,0.9349112426035503,0.890905462059308
human-mzb1-perp1,2,97,full,26,0.9644970414201184,0.962730858884705
human-mzb1-perp1,2,97,centroid,26,0.8994082840236686,0.9195684657223118
human-mzb1-perp1,2,97,proto_ratio,26,0.893491124260355,0.9085794547333008
human-mzb1-perp1,2,98,full,26,0.9644970414201184,0.962730858884705
human-mzb1-perp1,2,98,centroid,26,0.8816568047337278,0.8803743265281727
human-mzb1-perp1,2,98,proto_ratio,26,0.8757396449704141,0.8611435572974033
human-mzb1-perp1,2,99,full,26,0.9467455621301775,0.9335794547333007
human-mzb1-perp1,2,99,centroid,26,0.8816568047337278,0.862955151500302
human-mzb1-perp1,2,99,proto_ratio,26,0.8816568047337278,0.862955151500302
human-mzb1-perp1,5,0,full,20,0.97,0.9697979797979798
human-mzb1-perp1,5,0,centroid,20,0.8700000000000001,0.9047347535505429
human-mzb1-perp1,5,0,proto_ratio,20,0.8500000000000001,0.8680680868838763
human-mzb1-perp1,5,1,full,20,0.9500000000000001,0.9497222222222222
human-mzb1-perp1,5,1,centroid,20,0.8800000000000001,0.9076587301587301
human-mzb1-perp1,5,1,proto_ratio,20,0.8800000000000001,0.9076587301587301
human-mzb1-perp1,5,2,full,20,0.9500000000000001,0.9430122655122654
human-mzb1-perp1,5,2,centroid,20,0.92,0.8813455988455987
human-mzb1-perp1,5,2,proto_ratio,20,0.92,0.8813455988455987
human-mzb1-perp1,5,3,full,20,0.9500000000000001,0.9497222222222222
human-mzb1-perp1,5,3,centroid,20,0.8600000000000001,0.8880680868838763
human-mzb1-perp1,5,3,proto_ratio,20,0.8600000000000001,0.8880680868838763
human-mzb1-perp1,5,4,full,20,0.99,0.9909090909090909
human-mzb1-perp1,5,4,centroid,20,0.92,0.9555555555555556
human-mzb1-perp1,5,4,proto_ratio,20,0.91,0.9526315789473684
human-mzb1-perp1,5,5,full,20,0.9500000000000001,0.9497222222222222
human-mzb1-perp1,5,5,centroid,20,0.8900000000000001,0.9219444444444443
human-mzb1-perp1,5,5,proto_ratio,20,0.8800000000000001,0.9076587301587301
human-mzb1-perp1,5,6,full,20,0.9500000000000001,0.9430122655122654
human-mzb1-perp1,5,6,centroid,20,0.92,0.8813455988455987
human-mzb1-perp1,5,6,proto_ratio,20,0.92,0.8813455988455987
human-mzb1-perp1,5,7,full,20,0.99,0.9909090909090909
human-mzb1-perp1,5,7,centroid,20,0.91,0.9526315789473684
human-mzb1-perp1,5,7,proto_ratio,20,0.91,0.9526315789473684
human-mzb1-perp1,5,8,full,20,1.0,0.9999999999999999
human-mzb1-perp1,5,8,centroid,20,1.0,0.9999999999999999
human-mzb1-perp1,5,8,proto_ratio,20,1.0,0.9999999999999999
human-mzb1-perp1,5,9,full,20,0.9199999999999999,0.9123595848595848
human-mzb1-perp1,5,9,centroid,20,0.8400000000000001,0.81265873015873
human-mzb1-perp1,5,9,proto_ratio,20,0.8400000000000001,0.81265873015873
human-mzb1-perp1,5,10,full,20,0.99,0.9909090909090909
human-mzb1-perp1,5,10,centroid,20,0.92,0.9555555555555556
human-mzb1-perp1,5,10,proto_ratio,20,0.91,0.9526315789473684
human-mzb1-perp1,5,11,full,20,0.95,0.9558119658119658
human-mzb1-perp1,5,11,centroid,20,0.8700000000000001,0.8909920634920635
human-mzb1-perp1,5,11,proto_ratio,20,0.8600000000000001,0.8709920634920634
human-mzb1-perp1,5,12,full,20,0.9400000000000001,0.9354365079365078
human-mzb1-perp1,5,12,centroid,20,0.8700000000000001,0.9047347535505429
human-mzb1-perp1,5,12,proto_ratio,20,0.8600000000000001,0.8880680868838763
human-mzb1-perp1,5,13,full,20,0.97,0.9697979797979798
human-mzb1-perp1,5,13,centroid,20,0.9500000000000001,0.9430122655122654
human-mzb1-perp1,5,13,proto_ratio,20,0.9500000000000001,0.9430122655122654
human-mzb1-perp1,5,14,full,20,0.9600000000000001,0.9622222222222222
human-mzb1-perp1,5,14,centroid,20,0.8400000000000001,0.8430680868838762
human-mzb1-perp1,5,14,proto_ratio,20,0.8300000000000001,0.8097347535505429
human-mzb1-perp1,5,15,full,20,0.9500000000000001,0.9497222222222222
human-mzb1-perp1,5,15,centroid,20,0.8700000000000001,0.9047347535505429
human-mzb1-perp1,5,15,proto_ratio,20,0.8500000000000001,0.8680680868838763
human-mzb1-perp1,5,16,full,20,0.97,0.9697979797979798
human-mzb1-perp1,5,16,centroid,20,0.93,0.9063455988455987
human-mzb1-perp1,5,16,proto_ratio,20,0.92,0.8813455988455987
human-mzb1-perp1,5,17,full,20,0.97,0.9697979797979798
human-mzb1-perp1,5,17,centroid,20,0.89,0.9315204678362573
human-mzb1-perp1,5,17,proto_ratio,20,0.88,0.9190204678362573
human-mzb1-perp1,5,18,full,20,0.96,0.9572979797979798
human-mzb1-perp1,5,18,centroid,20,0.9400000000000001,0.9263455988455987
human-mzb1-perp1,5,18,proto_ratio,20,0.93,0.9063455988455987
human-mzb1-perp1,5,19,full,20,0.9600000000000001,0.9622222222222222
human-mzb1-perp1,5,19,centroid,20,0.8700000000000001,0.9047347535505429
human-mzb1-perp1,5,19,proto_ratio,20,0.8600000000000001,0.8880680868838763
human-mzb1-perp1,5,20,full,20,0.97,0.9697979797979798
human-mzb1-perp1,5,20,centroid,20,1.0,0.9999999999999999
human-mzb1-perp1,5,20,proto_ratio,20,0.96,0.9572979797979798
human-mzb1-perp1,5,21,full,20,0.99,0.9909090909090909
human-mzb1-perp1,5,21,centroid,20,0.91,0.9526315789473684
human-mzb1-perp1,5,21,proto_ratio,20,0.91,0.9526315789473684
human-mzb1-perp1,5,22,full,20,0.97,0.9697979797979798
human-mzb1-perp1,5,22,centroid,20,0.8500000000000001,0.8854365079365079
human-mzb1-perp1,5,22,proto_ratio,20,0.8500000000000001,0.8854365079365079
human-mzb1-perp1,5,23,full,20,0.9500000000000001,0.9430122655122654
human-mzb1-perp1,5,23,centroid,20,0.93,0.9063455988455987
human-mzb1-perp1,5,23,proto_ratio,20,0.93,0.9063455988455987
human-mzb1-perp1,5,24,full,20,0.99,0.9909090909090909
human-mzb1-perp1,5,24,centroid,20,0.92,0.9555555555555556
human-mzb1-perp1,5,24,proto_ratio,20,0.92,0.9555555555555556
human-mzb1-perp1,5,25,full,20,0.97,0.9697979797979798
human-mzb1-perp1,5,25,centroid,20,0.91,0.8480122655122654
human-mzb1-perp1,5,25,proto_ratio,20,0.91,0.8480122655122654
human-mzb1-perp1,5,26,full,20,0.9400000000000001,0.9263455988455987
human-mzb1-perp1,5,26,centroid,20,0.93,0.9063455988455987
human-mzb1-perp1,5,26,proto_ratio,20,0.93,0.9063455988455987
human-mzb1-perp1,5,27,full,20,0.9500000000000001,0.9497222222222222
human-mzb1-perp1,5,27,centroid,20,0.8700000000000001,0.8909920634920635
human-mzb1-perp1,5,27,proto_ratio,20,0.8700000000000001,0.8909920634920635
human-mzb1-perp1,5,28,full,20,0.96,0.9572979797979798
human-mzb1-perp1,5,28,centroid,20,0.96,0.9572979797979798
human-mzb1-perp1,5,28,proto_ratio,20,0.9400000000000001,0.9263455988455987
human-mzb1-perp1,5,29,full,20,0.9400000000000001,0.9263455988455987
human-mzb1-perp1,5,29,centroid,20,0.9400000000000001,0.9263455988455987
human-mzb1-perp1,5,29,proto_ratio,20,0.9400000000000001,0.9263455988455987
human-mzb1-perp1,5,30,full,20,1.0,0.9999999999999999
human-mzb1-perp1,5,30,centroid,20,1.0,0.9999999999999999
human-mzb1-perp1,5,30,proto_ratio,20,1.0,0.9999999999999999
human-mzb1-perp1,5,31,full,20,0.99,0.9909090909090909
human-mzb1-perp1,5,31,centroid,20,0.93,0.9588235294117647
human-mzb1-perp1,5,31,proto_ratio,20,0.92,0.9555555555555556
human-mzb1-perp1,5,32,full,20,0.9800000000000001,0.9833333333333333
human-mzb1-perp1,5,32,centroid,20,0.92,0.9555555555555556
human-mzb1-perp1,5,32,proto_ratio,20,0.92,0.9555555555555556
human-mzb1-perp1,5,33,full,20,1.0,0.9999999999999999
human-mzb1-perp1,5,33,centroid,20,0.91,0.9526315789473684
human-mzb1-perp1,5,33,proto_ratio,20,0.91,0.9526315789473684
human-mzb1-perp1,5,34,full,20,0.9500000000000001,0.9497222222222222
human-mzb1-perp1,5,34,centroid,20,0.8600000000000001,0.8880680868838763
human-mzb1-perp1,5,34,proto_ratio,20,0.8500000000000001,0.8680680868838763
human-mzb1-perp1,5,35,full,20,0.9500000000000001,0.9430122655122654
human-mzb1-perp1,5,35,centroid,20,0.9400000000000001,0.9263455988455987
human-mzb1-perp1,5,35,proto_ratio,20,0.9400000000000001,0.9263455988455987
human-mzb1-perp1,5,36,full,20,0.97,0.9697979797979798
human-mzb1-perp1,5,36,centroid,20,0.91,0.8480122655122654
human-mzb1-perp1,5,36,proto_ratio,20,0.91,0.8480122655122654
human-mzb1-perp1,5,37,full,20,0.99,0.9909090909090909
human-mzb1-perp1,5,37,centroid,20,0.93,0.9588235294117647
human-mzb1-perp1,5,37,proto_ratio,20,0.92,0.9555555555555556
human-mzb1-perp1,5,38,full,20,0.9299999999999999,0.9290262515262514
human-mzb1-perp1,5,38,centroid,20,0.8300000000000001,0.7626587301587301
human-mzb1-perp1,5,38,proto_ratio,20,0.8300000000000001,0.7626587301587301
human-mzb1-perp1,5,39,full,20,0.99,0.9909090909090909
human-mzb1-perp1,5,39,centroid,20,0.92,0.9555555555555556
human-mzb1-perp1,5,39,proto_ratio,20,0.92,0.9555555555555556
human-mzb1-perp1,5,40,full,20,0.9700000000000001,0.9733333333333333
human-mzb1-perp1,5,40,centroid,20,0.8600000000000001,0.8709920634920634
human-mzb1-perp1,5,40,proto_ratio,20,0.8500000000000001,0.8459920634920634
human-mzb1-perp1,5,41,full,20,0.99,0.9909090909090909
human-mzb1-perp1,5,41,centroid,20,0.92,0.9555555555555556
human-mzb1-perp1,5,41,proto_ratio,20,0.92,0.9555555555555556
human-mzb1-perp1,5,42,full,20,0.9400000000000001,0.9263455988455987
human-mzb1-perp1,5,42,centroid,20,0.9,0.7980122655122655
human-mzb1-perp1,5,42,proto_ratio,20,0.9,0.7980122655122655
human-mzb1-perp1,5,43,full,20,1.0,0.9999999999999999
human-mzb1-perp1,5,43,centroid,20,1.0,0.9999999999999999
human-mzb1-perp1,5,43,proto_ratio,20,1.0,0.9999999999999999
human-mzb1-perp1,5,44,full,20,0.9400000000000001,0.9354365079365078
human-mzb1-perp1,5,44,centroid,20,0.8700000000000001,0.8909920634920635
human-mzb1-perp1,5,44,proto_ratio,20,0.8700000000000001,0.8909920634920635
human-mzb1-perp1,5,45,full,20,0.9099999999999999,0.8923595848595848
human-mzb1-perp1,5,45,centroid,20,0.8600000000000001,0.8709920634920634
human-mzb1-perp1,5,45,proto_ratio,20,0.8600000000000001,0.8709920634920634
human-mzb1-perp1,5,46,full,20,1.0,0.9999999999999999
human-mzb1-perp1,5,46,centroid,20,0.91,0.9526315789473684
human-mzb1-perp1,5,46,proto_ratio,20,0.91,0.9526315789473684
human-mzb1-perp1,5,47,full,20,0.9500000000000001,0.9497222222222222
human-mzb1-perp1,5,47,centroid,20,0.8600000000000001,0.8709920634920634
human-mzb1-perp1,5,47,proto_ratio,20,0.8600000000000001,0.8709920634920634
human-mzb1-perp1,5,48,full,20,0.96,0.9572979797979798
human-mzb1-perp1,5,48,centroid,20,0.8300000000000001,0.8404365079365078
human-mzb1-perp1,5,48,proto_ratio,20,0.8300000000000001,0.8404365079365078
human-mzb1-perp1,5,49,full,20,0.99,0.9909090909090909
human-mzb1-perp1,5,49,centroid,20,0.92,0.9555555555555556
human-mzb1-perp1,5,49,proto_ratio,20,0.92,0.9555555555555556
human-mzb1-perp1,5,50,full,20,0.95,0.9558119658119658
human-mzb1-perp1,5,50,centroid,20,0.8700000000000001,0.8909920634920635
human-mzb1-perp1,5,50,proto_ratio,20,0.8600000000000001,0.8709920634920634
human-mzb1-perp1,5,51,full,20,0.9500000000000001,0.9497222222222222
human-mzb1-perp1,5,51,centroid,20,0.8600000000000001,0.8880680868838763
human-mzb1-perp1,5,51,proto_ratio,20,0.8600000000000001,0.8880680868838763
human-mzb1-perp1,5,52,full,20,0.93,0.9187698412698412
human-mzb1-perp1,5,52,centroid,20,0.8500000000000001,0.8459920634920634
human-mzb1-perp1,5,52,proto_ratio,20,0.8500000000000001,0.8459920634920634
human-mzb1-perp1,5,53,full,20,1.0,0.9999999999999999
human-mzb1-perp1,5,53,centroid,20,1.0,0.9999999999999999
human-mzb1-perp1,5,53,proto_ratio,20,1.0,0.9999999999999999
human-mzb1-perp1,5,54,full,20,0.9800000000000001,0.9833333333333333
human-mzb1-perp1,5,54,centroid,20,0.92,0.9555555555555556
human-mzb1-perp1,5,54,proto_ratio,20,0.92,0.9555555555555556
human-mzb1-perp1,5,55,full,20,0.9400000000000001,0.9263455988455987
human-mzb1-perp1,5,55,centroid,20,0.93,0.9063455988455987
human-mzb1-perp1,5,55,proto_ratio,20,0.93,0.9063455988455987
human-mzb1-perp1,5,56,full,20,0.98,0.9809090909090908
human-mzb1-perp1,5,56,centroid,20,0.97,0.9697979797979798
human-mzb1-perp1,5,56,proto_ratio,20,0.9500000000000001,0.9430122655122654
human-mzb1-perp1,5,57,full,20,0.9500000000000001,0.9497222222222222
human-mzb1-perp1,5,57,centroid,20,0.8600000000000001,0.8709920634920634
human-mzb1-perp1,5,57,proto_ratio,20,0.8600000000000001,0.8709920634920634
human-mzb1-perp1,5,58,full,20,1.0,0.9999999999999999
human-mzb1-perp1,5,58,centroid,20,1.0,0.9999999999999999
human-mzb1-perp1,5,58,proto_ratio,20,1.0,0.9999999999999999
human-mzb1-perp1,5,59,full,20,0.9500000000000001,0.9497222222222222
human-mzb1-perp1,5,59,centroid,20,0.8700000000000001,0.8909920634920635
human-mzb1-perp1,5,59,proto_ratio,20,0.8700000000000001,0.8909920634920635
human-mzb1-perp1,5,60,full,20,0.96,0.9572979797979798
human-mzb1-perp1,5,60,centroid,20,0.9400000000000001,0.9263455988455987
human-mzb1-perp1,5,60,proto_ratio,20,0.93,0.9063455988455987
human-mzb1-perp1,5,61,full,20,0.9500000000000001,0.9430122655122654
human-mzb1-perp1,5,61,centroid,20,0.9500000000000001,0.9430122655122654
human-mzb1-perp1,5,61,proto_ratio,20,0.9400000000000001,0.9263455988455987
human-mzb1-perp1,5,62,full,20,0.9400000000000001,0.9354365079365078
human-mzb1-perp1,5,62,centroid,20,0.8500000000000001,0.8680680868838763
human-mzb1-perp1,5,62,proto_ratio,20,0.8400000000000001,0.8430680868838762
human-mzb1-perp1,5,63,full,20,0.97,0.9697979797979798
human-mzb1-perp1,5,63,centroid,20,0.8500000000000001,0.8854365079365079
human-mzb1-perp1,5,63,proto_ratio,20,0.8400000000000001,0.8654365079365078
human-mzb1-perp1,5,64,full,20,0.9299999999999999,0.9290262515262514
human-mzb1-perp1,5,64,centroid,20,0.8600000000000001,0.8709920634920634
human-mzb1-perp1,5,64,proto_ratio,20,0.8600000000000001,0.8709920634920634
human-mzb1-perp1,5,65,full,20,1.0,0.9999999999999999
human-mzb1-perp1,5,65,centroid,20,1.0,0.9999999999999999
human-mzb1-perp1,5,65,proto_ratio,20,1.0,0.9999999999999999
human-mzb1-perp1,5,66,full,20,0.99,0.9909090909090909
human-mzb1-perp1,5,66,centroid,20,0.92,0.9555555555555556
human-mzb1-perp1,5,66,proto_ratio,20,0.92,0.9555555555555556
human-mzb1-perp1,5,67,full,20,0.99,0.9909090909090909
human-mzb1-perp1,5,67,centroid,20,0.93,0.9588235294117647
human-mzb1-perp1,5,67,proto_ratio,20,0.93,0.9588235294117647
human-mzb1-perp1,5,68,full,20,0.98,0.9809090909090908
human-mzb1-perp1,5,68,centroid,20,1.0,0.9999999999999999
human-mzb1-perp1,5,68,proto_ratio,20,0.98,0.9809090909090908
human-mzb1-perp1,5,69,full,20,0.9299999999999999,0.9290262515262514
human-mzb1-perp1,5,69,centroid,20,0.8500000000000001,0.8680680868838763
human-mzb1-perp1,5,69,proto_ratio,20,0.8500000000000001,0.8680680868838763
human-mzb1-perp1,5,70,full,20,0.9800000000000001,0.9833333333333333
human-mzb1-perp1,5,70,centroid,20,0.93,0.9588235294117647
human-mzb1-perp1,5,70,proto_ratio,20,0.93,0.9588235294117647
human-mzb1-perp1,5,71,full,20,1.0,0.9999999999999999
human-mzb1-perp1,5,71,centroid,20,0.91,0.9526315789473684
human-mzb1-perp1,5,71,proto_ratio,20,0.91,0.9526315789473684
human-mzb1-perp1,5,72,full,20,0.9400000000000001,0.9354365079365078
human-mzb1-perp1,5,72,centroid,20,0.8600000000000001,0.8709920634920634
human-mzb1-perp1,5,72,proto_ratio,20,0.8500000000000001,0.8459920634920634
human-mzb1-perp1,5,73,full,20,0.9500000000000001,0.9430122655122654
human-mzb1-perp1,5,73,centroid,20,0.93,0.9063455988455987
human-mzb1-perp1,5,73,proto_ratio,20,0.93,0.9063455988455987
human-mzb1-perp1,5,74,full,20,0.93,0.9063455988455987
human-mzb1-perp1,5,74,centroid,20,0.8400000000000001,0.8654365079365078
human-mzb1-perp1,5,74,proto_ratio,20,0.8400000000000001,0.8654365079365078
human-mzb1-perp1,5,75,full,20,0.99,0.9909090909090909
human-mzb1-perp1,5,75,centroid,20,0.91,0.9526315789473684
human-mzb1-perp1,5,75,proto_ratio,20,0.91,0.9526315789473684
human-mzb1-perp1,5,76,full,20,0.9500000000000001,0.9497222222222222
human-mzb1-perp1,5,76,centroid,20,0.8600000000000001,0.8709920634920634
human-mzb1-perp1,5,76,proto_ratio,20,0.8600000000000001,0.8709920634920634
human-mzb1-perp1,5,77,full,20,0.9600000000000001,0.9622222222222222
human-mzb1-perp1,5,77,centroid,20,0.8700000000000001,0.8909920634920635
human-mzb1-perp1,5,77,proto_ratio,20,0.8700000000000001,0.8909920634920635
human-mzb1-perp1,5,78,full,20,0.99,0.9909090909090909
human-mzb1-perp1,5,78,centroid,20,0.92,0.9555555555555556
human-mzb1-perp1,5,78,proto_ratio,20,0.92,0.9555555555555556
human-mzb1-perp1,5,79,full,20,0.97,0.9697979797979798
human-mzb1-perp1,5,79,centroid,20,0.97,0.9697979797979798
human-mzb1-perp1,5,79,proto_ratio,20,0.9500000000000001,0.9430122655122654
human-mzb1-perp1,5,80,full,20,1.0,0.9999999999999999
human-mzb1-perp1,5,80,centroid,20,1.0,0.9999999999999999
human-mzb1-perp1,5,80,proto_ratio,20,1.0,0.9999999999999999
human-mzb1-perp1,5,81,full,20,0.92,0.8987698412698412
human-mzb1-perp1,5,81,centroid,20,0.8600000000000001,0.8709920634920634
human-mzb1-perp1,5,81,proto_ratio,20,0.8600000000000001,0.8709920634920634
human-mzb1-perp1,5,82,full,20,0.99,0.9909090909090909
human-mzb1-perp1,5,82,centroid,20,0.92,0.9555555555555556
human-mzb1-perp1,5,82,proto_ratio,20,0.92,0.9555555555555556
human-mzb1-perp1,5,83,full,20,0.96,0.9572979797979798
human-mzb1-perp1,5,83,centroid,20,0.9500000000000001,0.9430122655122654
human-mzb1-perp1,5,83,proto_ratio,20,0.9400000000000001,0.9263455988455987
human-mzb1-perp1,5,84,full,20,1.0,0.9999999999999999
human-mzb1-perp1,5,84,centroid,20,1.0,0.9999999999999999
human-mzb1-perp1,5,84,proto_ratio,20,1.0,0.9999999999999999
human-mzb1-perp1,5,85,full,20,0.9800000000000001,0.9833333333333333
human-mzb1-perp1,5,85,centroid,20,0.93,0.9588235294117647
human-mzb1-perp1,5,85,proto_ratio,20,0.93,0.9588235294117647
human-mzb1-perp1,5,86,full,20,0.96,0.9572979797979798
human-mzb1-perp1,5,86,centroid,20,0.97,0.9697979797979798
human-mzb1-perp1,5,86,proto_ratio,20,0.9500000000000001,0.9430122655122654
human-mzb1-perp1,5,87,full,20,0.93,0.9187698412698412
human-mzb1-perp1,5,87,centroid,20,0.8400000000000001,0.8654365079365078
human-mzb1-perp1,5,87,proto_ratio,20,0.8400000000000001,0.8654365079365078
human-mzb1-perp1,5,88,full,20,0.9600000000000001,0.9622222222222222
human-mzb1-perp1,5,88,centroid,20,0.8700000000000001,0.9047347535505429
human-mzb1-perp1,5,88,proto_ratio,20,0.8700000000000001,0.9047347535505429
human-mzb1-perp1,5,89,full,20,0.99,0.9909090909090909
human-mzb1-perp1,5,89,centroid,20,0.92,0.9555555555555556
human-mzb1-perp1,5,89,proto_ratio,20,0.92,0.9555555555555556
human-mzb1-perp1,5,90,full,20,0.99,0.9909090909090909
human-mzb1-perp1,5,90,centroid,20,0.92,0.9555555555555556
human-mzb1-perp1,5,90,proto_ratio,20,0.92,0.9555555555555556
human-mzb1-perp1,5,91,full,20,0.99,0.9909090909090909
human-mzb1-perp1,5,91,centroid,20,0.93,0.9588235294117647
human-mzb1-perp1,5,91,proto_ratio,20,0.93,0.9588235294117647
human-mzb1-perp1,5,92,full,20,1.0,0.9999999999999999
human-mzb1-perp1,5,92,centroid,20,1.0,0.9999999999999999
human-mzb1-perp1,5,92,proto_ratio,20,1.0,0.9999999999999999
human-mzb1-perp1,5,93,full,20,0.96,0.9572979797979798
human-mzb1-perp1,5,93,centroid,20,0.8600000000000001,0.8880680868838763
human-mzb1-perp1,5,93,proto_ratio,20,0.8600000000000001,0.8880680868838763
human-mzb1-perp1,5,94,full,20,0.99,0.9909090909090909
human-mzb1-perp1,5,94,centroid,20,0.91,0.9526315789473684
human-mzb1-perp1,5,94,proto_ratio,20,0.91,0.9526315789473684
human-mzb1-perp1,5,95,full,20,1.0,0.9999999999999999
human-mzb1-perp1,5,95,centroid,20,1.0,0.9999999999999999
human-mzb1-perp1,5,95,proto_ratio,20,1.0,0.9999999999999999
human-mzb1-perp1,5,96,full,20,1.0,0.9999999999999999
human-mzb1-perp1,5,96,centroid,20,1.0,0.9999999999999999
human-mzb1-perp1,5,96,proto_ratio,20,1.0,0.9999999999999999
human-mzb1-perp1,5,97,full,20,0.9500000000000001,0.9497222222222222
human-mzb1-perp1,5,97,centroid,20,0.8600000000000001,0.8880680868838763
human-mzb1-perp1,5,97,proto_ratio,20,0.8600000000000001,0.8880680868838763
human-mzb1-perp1,5,98,full,20,0.9400000000000001,0.9354365079365078
human-mzb1-perp1,5,98,centroid,20,0.8500000000000001,0.8680680868838763
human-mzb1-perp1,5,98,proto_ratio,20,0.8500000000000001,0.8680680868838763
human-mzb1-perp1,5,99,full,20,0.99,0.9909090909090909
human-mzb1-perp1,5,99,centroid,20,0.93,0.9588235294117647
human-mzb1-perp1,5,99,proto_ratio,20,0.92,0.9555555555555556
human-mzb1-perp1,10,0,full,10,1.0,1.0
human-mzb1-perp1,10,0,centroid,10,0.8400000000000001,0.911111111111111
human-mzb1-perp1,10,0,proto_ratio,10,0.8400000000000001,0.911111111111111
human-mzb1-perp1,10,1,full,10,0.8400000000000001,0.8528571428571428
human-mzb1-perp1,10,1,centroid,10,0.76,0.8211111111111111
human-mzb1-perp1,10,1,proto_ratio,10,0.76,0.8211111111111111
human-mzb1-perp1,10,2,full,10,0.92,0.9266666666666665
human-mzb1-perp1,10,2,centroid,10,0.8800000000000001,0.8766666666666667
human-mzb1-perp1,10,2,proto_ratio,10,0.8800000000000001,0.8766666666666667
human-mzb1-perp1,10,3,full,10,0.92,0.9266666666666665
human-mzb1-perp1,10,3,centroid,10,0.92,0.9266666666666665
human-mzb1-perp1,10,3,proto_ratio,10,0.92,0.9266666666666665
human-mzb1-perp1,10,4,full,10,1.0,1.0
human-mzb1-perp1,10,4,centroid,10,1.0,1.0
human-mzb1-perp1,10,4,proto_ratio,10,1.0,1.0
human-mzb1-perp1,10,5,full,10,0.8800000000000001,0.8766666666666667
human-mzb1-perp1,10,5,centroid,10,0.8800000000000001,0.8766666666666667
human-mzb1-perp1,10,5,proto_ratio,10,0.8800000000000001,0.8766666666666667
human-mzb1-perp1,10,6,full,10,1.0,1.0
human-mzb1-perp1,10,6,centroid,10,1.0,1.0
human-mzb1-perp1,10,6,proto_ratio,10,1.0,1.0
human-mzb1-perp1,10,7,full,10,0.9600000000000001,0.9666666666666666
human-mzb1-perp1,10,7,centroid,10,0.8400000000000001,0.911111111111111
human-mzb1-perp1,10,7,proto_ratio,10,0.8400000000000001,0.911111111111111
human-mzb1-perp1,10,8,full,10,1.0,1.0
human-mzb1-perp1,10,8,centroid,10,1.0,1.0
human-mzb1-perp1,10,8,proto_ratio,10,1.0,1.0
human-mzb1-perp1,10,9,full,10,0.8800000000000001,0.8766666666666667
human-mzb1-perp1,10,9,centroid,10,0.8400000000000001,0.81
human-mzb1-perp1,10,9,proto_ratio,10,0.8,0.71
human-mzb1-perp1,10,10,full,10,1.0,1.0
human-mzb1-perp1,10,10,centroid,10,1.0,1.0
human-mzb1-perp1,10,10,proto_ratio,10,1.0,1.0
human-mzb1-perp1,10,11,full,10,0.92,0.9428571428571428
human-mzb1-perp1,10,11,centroid,10,0.88,0.925
human-mzb1-perp1,10,11,proto_ratio,10,0.88,0.925
human-mzb1-perp1,10,12,full,10,1.0,1.0
human-mzb1-perp1,10,12,centroid,10,0.8,0.8999999999999999
human-mzb1-perp1,10,12,proto_ratio,10,0.8,0.8999999999999999
human-mzb1-perp1,10,13,full,10,0.9600000000000001,0.9666666666666666
human-mzb1-perp1,10,13,centroid,10,0.92,0.9266666666666665
human-mzb1-perp1,10,13,proto_ratio,10,0.8800000000000001,0.8766666666666667
human-mzb1-perp1,10,14,full,10,1.0,1.0
human-mzb1-perp1,10,14,centroid,10,0.8,0.8999999999999999
human-mzb1-perp1,10,14,proto_ratio,10,0.8,0.8999999999999999
human-mzb1-perp1,10,15,full,10,0.8400000000000001,0.81
human-mzb1-perp1,10,15,centroid,10,0.8800000000000001,0.8766666666666667
human-mzb1-perp1,10,15,proto_ratio,10,0.8800000000000001,0.8766666666666667
human-mzb1-perp1,10,16,full,10,1.0,1.0
human-mzb1-perp1,10,16,centroid,10,1.0,1.0
human-mzb1-perp1,10,16,proto_ratio,10,1.0,1.0
human-mzb1-perp1,10,17,full,10,1.0,1.0
human-mzb1-perp1,10,17,centroid,10,1.0,1.0
human-mzb1-perp1,10,17,proto_ratio,10,1.0,1.0
human-mzb1-perp1,10,18,full,10,0.8800000000000001,0.8766666666666667
human-mzb1-perp1,10,18,centroid,10,0.8400000000000001,0.81
human-mzb1-perp1,10,18,proto_ratio,10,0.8400000000000001,0.81
human-mzb1-perp1,10,19,full,10,1.0,1.0
human-mzb1-perp1,10,19,centroid,10,1.0,1.0
human-mzb1-perp1,10,19,proto_ratio,10,1.0,1.0
human-mzb1-perp1,10,20,full,10,1.0,1.0
human-mzb1-perp1,10,20,centroid,10,1.0,1.0
human-mzb1-perp1,10,20,proto_ratio,10,1.0,1.0
human-mzb1-perp1,10,21,full,10,0.9600000000000001,0.9666666666666666
human-mzb1-perp1,10,21,centroid,10,0.8,0.8999999999999999
human-mzb1-perp1,10,21,proto_ratio,10,0.8,0.8999999999999999
human-mzb1-perp1,10,22,full,10,1.0,1.0
human-mzb1-perp1,10,22,centroid,10,1.0,1.0
human-mzb1-perp1,10,22,proto_ratio,10,1.0,1.0
human-mzb1-perp1,10,23,full,10,0.92,0.9266666666666665
human-mzb1-perp1,10,23,centroid,10,0.9600000000000001,0.9666666666666666
human-mzb1-perp1,10,23,proto_ratio,10,0.92,0.9266666666666665
human-mzb1-perp1,10,24,full,10,1.0,1.0
human-mzb1-perp1,10,24,centroid,10,1.0,1.0
human-mzb1-perp1,10,24,proto_ratio,10,1.0,1.0
human-mzb1-perp1,10,25,full,10,1.0,1.0
human-mzb1-perp1,10,25,centroid,10,1.0,1.0
human-mzb1-perp1,10,25,proto_ratio,10,1.0,1.0
human-mzb1-perp1,10,26,full,10,0.8800000000000001,0.8766666666666667
human-mzb1-perp1,10,26,centroid,10,0.8800000000000001,0.8766666666666667
human-mzb1-perp1,10,26,proto_ratio,10,0.8800000000000001,0.8766666666666667
human-mzb1-perp1,10,27,full,10,1.0,1.0
human-mzb1-perp1,10,27,centroid,10,1.0,1.0
human-mzb1-perp1,10,27,proto_ratio,10,1.0,1.0
human-mzb1-perp1,10,28,full,10,0.92,0.9266666666666665
human-mzb1-perp1,10,28,centroid,10,0.8800000000000001,0.8766666666666667
human-mzb1-perp1,10,28,proto_ratio,10,0.8800000000000001,0.8766666666666667
human-mzb1-perp1,10,29,full,10,0.8800000000000001,0.8766666666666667
human-mzb1-perp1,10,29,centroid,10,0.8400000000000001,0.81
human-mzb1-perp1,10,29,proto_ratio,10,0.8400000000000001,0.81
human-mzb1-perp1,10,30,full,10,1.0,1.0
human-mzb1-perp1,10,30,centroid,10,1.0,1.0
human-mzb1-perp1,10,30,proto_ratio,10,1.0,1.0
human-mzb1-perp1,10,31,full,10,1.0,1.0
human-mzb1-perp1,10,31,centroid,10,1.0,1.0
human-mzb1-perp1,10,31,proto_ratio,10,1.0,1.0
human-mzb1-perp1,10,32,full,10,0.9600000000000001,0.9666666666666666
human-mzb1-perp1,10,32,centroid,10,0.8400000000000001,0.911111111111111
human-mzb1-perp1,10,32,proto_ratio,10,0.8400000000000001,0.911111111111111
human-mzb1-perp1,10,33,full,10,0.9600000000000001,0.9666666666666666
human-mzb1-perp1,10,33,centroid,10,0.8400000000000001,0.911111111111111
human-mzb1-perp1,10,33,proto_ratio,10,0.8400000000000001,0.911111111111111
human-mzb1-perp1,10,34,full,10,0.92,0.9266666666666665
human-mzb1-perp1,10,34,centroid,10,0.92,0.9266666666666665
human-mzb1-perp1,10,34,proto_ratio,10,0.8800000000000001,0.8766666666666667
human-mzb1-perp1,10,35,full,10,1.0,1.0
human-mzb1-perp1,10,35,centroid,10,1.0,1.0
human-mzb1-perp1,10,35,proto_ratio,10,1.0,1.0
human-mzb1-perp1,10,36,full,10,1.0,1.0
human-mzb1-perp1,10,36,centroid,10,1.0,1.0
human-mzb1-perp1,10,36,proto_ratio,10,1.0,1.0
human-mzb1-perp1,10,37,full,10,1.0,1.0
human-mzb1-perp1,10,37,centroid,10,0.8400000000000001,0.911111111111111
human-mzb1-perp1,10,37,proto_ratio,10,0.8400000000000001,0.911111111111111
human-mzb1-perp1,10,38,full,10,0.92,0.9428571428571428
human-mzb1-perp1,10,38,centroid,10,0.88,0.925
human-mzb1-perp1,10,38,proto_ratio,10,0.88,0.925
human-mzb1-perp1,10,39,full,10,1.0,1.0
human-mzb1-perp1,10,39,centroid,10,1.0,1.0
human-mzb1-perp1,10,39,proto_ratio,10,1.0,1.0
human-mzb1-perp1,10,40,full,10,0.9600000000000001,0.9666666666666666
human-mzb1-perp1,10,40,centroid,10,0.8,0.8999999999999999
human-mzb1-perp1,10,40,proto_ratio,10,0.8,0.8999999999999999
human-mzb1-perp1,10,41,full,10,1.0,1.0
human-mzb1-perp1,10,41,centroid,10,1.0,1.0
human-mzb1-perp1,10,41,proto_ratio,10,1.0,1.0
human-mzb1-perp1,10,42,full,10,0.8800000000000001,0.8766666666666667
human-mzb1-perp1,10,42,centroid,10,0.8,0.71
human-mzb1-perp1,10,42,proto_ratio,10,0.8,0.71
human-mzb1-perp1,10,43,full,10,1.0,1.0
human-mzb1-perp1,10,43,centroid,10,1.0,1.0
human-mzb1-perp1,10,43,proto_ratio,10,1.0,1.0
human-mzb1-perp1,10,44,full,10,0.8,0.7861904761904761
human-mzb1-perp1,10,44,centroid,10,0.8,0.835
human-mzb1-perp1,10,44,proto_ratio,10,0.8,0.835
human-mzb1-perp1,10,45,full,10,0.8,0.7861904761904761
human-mzb1-perp1,10,45,centroid,10,0.6800000000000002,0.7433333333333334
human-mzb1-perp1,10,45,proto_ratio,10,0.6800000000000002,0.7433333333333334
human-mzb1-perp1,10,46,full,10,1.0,1.0
human-mzb1-perp1,10,46,centroid,10,1.0,1.0
human-mzb1-perp1,10,46,proto_ratio,10,1.0,1.0
human-mzb1-perp1,10,47,full,10,0.9600000000000001,0.9666666666666666
human-mzb1-perp1,10,47,centroid,10,0.88,0.925
human-mzb1-perp1,10,47,proto_ratio,10,0.88,0.925
human-mzb1-perp1,10,48,full,10,1.0,1.0
human-mzb1-perp1,10,48,centroid,10,1.0,1.0
human-mzb1-perp1,10,48,proto_ratio,10,1.0,1.0
human-mzb1-perp1,10,49,full,10,1.0,1.0
human-mzb1-perp1,10,49,centroid,10,1.0,1.0
human-mzb1-perp1,10,49,proto_ratio,10,1.0,1.0
human-mzb1-perp1,10,50,full,10,0.9600000000000001,0.9666666666666666
human-mzb1-perp1,10,50,centroid,10,0.8400000000000001,0.911111111111111
human-mzb1-perp1,10,50,proto_ratio,10,0.8400000000000001,0.911111111111111
human-mzb1-perp1,10,51,full,10,0.8800000000000001,0.8766666666666667
human-mzb1-perp1,10,51,centroid,10,0.92,0.9266666666666665
human-mzb1-perp1,10,51,proto_ratio,10,0.92,0.9266666666666665
human-mzb1-perp1,10,52,full,10,0.8400000000000001,0.81
human-mzb1-perp1,10,52,centroid,10,0.68,0.6544444444444444
human-mzb1-perp1,10,52,proto_ratio,10,0.68,0.6544444444444444
human-mzb1-perp1,10,53,full,10,1.0,1.0
human-mzb1-perp1,10,53,centroid,10,1.0,1.0
human-mzb1-perp1,10,53,proto_ratio,10,1.0,1.0
human-mzb1-perp1,10,54,full,10,1.0,1.0
human-mzb1-perp1,10,54,centroid,10,1.0,1.0
human-mzb1-perp1,10,54,proto_ratio,10,1.0,1.0
human-mzb1-perp1,10,55,full,10,1.0,1.0
human-mzb1-perp1,10,55,centroid,10,1.0,1.0
human-mzb1-perp1,10,55,proto_ratio,10,1.0,1.0
human-mzb1-perp1,10,56,full,10,1.0,1.0
human-mzb1-perp1,10,56,centroid,10,1.0,1.0
human-mzb1-perp1,10,56,proto_ratio,10,1.0,1.0
human-mzb1-perp1,10,57,full,10,1.0,1.0
human-mzb1-perp1,10,57,centroid,10,1.0,1.0
human-mzb1-perp1,10,57,proto_ratio,10,1.0,1.0
human-mzb1-perp1,10,58,full,10,1.0,1.0
human-mzb1-perp1,10,58,centroid,10,1.0,1.0
human-mzb1-perp1,10,58,proto_ratio,10,1.0,1.0
human-mzb1-perp1,10,59,full,10,0.76,0.6861904761904761
human-mzb1-perp1,10,59,centroid,10,0.68,0.6544444444444444
human-mzb1-perp1,10,59,proto_ratio,10,0.68,0.6544444444444444
human-mzb1-perp1,10,60,full,10,0.8800000000000001,0.8766666666666667
human-mzb1-perp1,10,60,centroid,10,0.8400000000000001,0.81
human-mzb1-perp1,10,60,proto_ratio,10,0.8400000000000001,0.81
human-mzb1-perp1,10,61,full,10,1.0,1.0
human-mzb1-perp1,10,61,centroid,10,1.0,1.0
human-mzb1-perp1,10,61,proto_ratio,10,1.0,1.0
human-mzb1-perp1,10,62,full,10,0.92,0.9266666666666665
human-mzb1-perp1,10,62,centroid,10,0.8800000000000001,0.8766666666666667
human-mzb1-perp1,10,62,proto_ratio,10,0.8800000000000001,0.8766666666666667
human-mzb1-perp1,10,63,full,10,0.8800000000000001,0.8766666666666667
human-mzb1-perp1,10,63,centroid,10,0.6800000000000002,0.7433333333333334
human-mzb1-perp1,10,63,proto_ratio,10,0.6800000000000002,0.7433333333333334
human-mzb1-perp1,10,64,full,10,0.9600000000000001,0.9666666666666666
human-mzb1-perp1,10,64,centroid,10,0.88,0.925
human-mzb1-perp1,10,64,proto_ratio,10,0.88,0.925
human-mzb1-perp1,10,65,full,10,1.0,1.0
human-mzb1-perp1,10,65,centroid,10,1.0,1.0
human-mzb1-perp1,10,65,proto_ratio,10,1.0,1.0
human-mzb1-perp1,10,66,full,10,1.0,1.0
human-mzb1-perp1,10,66,centroid,10,1.0,1.0
human-mzb1-perp1,10,66,proto_ratio,10,1.0,1.0
human-mzb1-perp1,10,67,full,10,1.0,1.0
human-mzb1-perp1,10,67,centroid,10,1.0,1.0
human-mzb1-perp1,10,67,proto_ratio,10,1.0,1.0
human-mzb1-perp1,10,68,full,10,0.9600000000000001,0.9666666666666666
human-mzb1-perp1,10,68,centroid,10,0.8800000000000001,0.8766666666666667
human-mzb1-perp1,10,68,proto_ratio,10,0.8800000000000001,0.8766666666666667
human-mzb1-perp1,10,69,full,10,0.88,0.9028571428571428
human-mzb1-perp1,10,69,centroid,10,0.8,0.8711111111111112
human-mzb1-perp1,10,69,proto_ratio,10,0.76,0.8211111111111111
human-mzb1-perp1,10,70,full,10,1.0,1.0
human-mzb1-perp1,10,70,centroid,10,1.0,1.0
human-mzb1-perp1,10,70,proto_ratio,10,1.0,1.0
human-mzb1-perp1,10,71,full,10,1.0,1.0
human-mzb1-perp1,10,71,centroid,10,0.8,0.8999999999999999
human-mzb1-perp1,10,71,proto_ratio,10,0.8,0.8999999999999999
human-mzb1-perp1,10,72,full,10,1.0,1.0
human-mzb1-perp1,10,72,centroid,10,0.8400000000000001,0.911111111111111
human-mzb1-perp1,10,72,proto_ratio,10,0.8400000000000001,0.911111111111111
human-mzb1-perp1,10,73,full,10,1.0,1.0
human-mzb1-perp1,10,73,centroid,10,0.92,0.9266666666666665
human-mzb1-perp1,10,73,proto_ratio,10,0.8800000000000001,0.8766666666666667
human-mzb1-perp1,10,74,full,10,0.8400000000000001,0.8528571428571428
human-mzb1-perp1,10,74,centroid,10,0.7200000000000002,0.81
human-mzb1-perp1,10,74,proto_ratio,10,0.7200000000000002,0.81
human-mzb1-perp1,10,75,full,10,1.0,1.0
human-mzb1-perp1,10,75,centroid,10,1.0,1.0
human-mzb1-perp1,10,75,proto_ratio,10,1.0,1.0
human-mzb1-perp1,10,76,full,10,0.8800000000000001,0.8766666666666667
human-mzb1-perp1,10,76,centroid,10,0.8800000000000001,0.8766666666666667
human-mzb1-perp1,10,76,proto_ratio,10,0.8800000000000001,0.8766666666666667
human-mzb1-perp1,10,77,full,10,0.8,0.7861904761904761
human-mzb1-perp1,10,77,centroid,10,0.76,0.8211111111111111
human-mzb1-perp1,10,77,proto_ratio,10,0.76,0.8211111111111111
human-mzb1-perp1,10,78,full,10,1.0,1.0
human-mzb1-perp1,10,78,centroid,10,1.0,1.0
human-mzb1-perp1,10,78,proto_ratio,10,1.0,1.0
human-mzb1-perp1,10,79,full,10,1.0,1.0
human-mzb1-perp1,10,79,centroid,10,1.0,1.0
human-mzb1-perp1,10,79,proto_ratio,10,1.0,1.0
human-mzb1-perp1,10,80,full,10,1.0,1.0
human-mzb1-perp1,10,80,centroid,10,1.0,1.0
human-mzb1-perp1,10,80,proto_ratio,10,1.0,1.0
human-mzb1-perp1,10,81,full,10,0.92,0.9428571428571428
human-mzb1-perp1,10,81,centroid,10,0.88,0.925
human-mzb1-perp1,10,81,proto_ratio,10,0.88,0.925
human-mzb1-perp1,10,82,full,10,0.9600000000000001,0.9666666666666666
human-mzb1-perp1,10,82,centroid,10,0.88,0.925
human-mzb1-perp1,10,82,proto_ratio,10,0.88,0.925
human-mzb1-perp1,10,83,full,10,0.92,0.9266666666666665
human-mzb1-perp1,10,83,centroid,10,0.9600000000000001,0.9666666666666666
human-mzb1-perp1,10,83,proto_ratio,10,0.92,0.9266666666666665
human-mzb1-perp1,10,84,full,10,1.0,1.0
human-mzb1-perp1,10,84,centroid,10,1.0,1.0
human-mzb1-perp1,10,84,proto_ratio,10,1.0,1.0
human-mzb1-perp1,10,85,full,10,1.0,1.0
human-mzb1-perp1,10,85,centroid,10,1.0,1.0
human-mzb1-perp1,10,85,proto_ratio,10,1.0,1.0
human-mzb1-perp1,10,86,full,10,1.0,1.0
human-mzb1-perp1,10,86,centroid,10,1.0,1.0
human-mzb1-perp1,10,86,proto_ratio,10,1.0,1.0
human-mzb1-perp1,10,87,full,10,0.9600000000000001,0.9666666666666666
human-mzb1-perp1,10,87,centroid,10,0.8,0.8999999999999999
human-mzb1-perp1,10,87,proto_ratio,10,0.8,0.8999999999999999
human-mzb1-perp1,10,88,full,10,1.0,1.0
human-mzb1-perp1,10,88,centroid,10,1.0,1.0
human-mzb1-perp1,10,88,proto_ratio,10,1.0,1.0
human-mzb1-perp1,10,89,full,10,0.92,0.9428571428571428
human-mzb1-perp1,10,89,centroid,10,0.8400000000000001,0.911111111111111
human-mzb1-perp1,10,89,proto_ratio,10,0.8400000000000001,0.911111111111111
human-mzb1-perp1,10,90,full,10,0.9600000000000001,0.9666666666666666
human-mzb1-perp1,10,90,centroid,10,0.8,0.8999999999999999
human-mzb1-perp1,10,90,proto_ratio,10,0.8,0.8999999999999999
human-mzb1-perp1,10,91,full,10,0.9600000000000001,0.9666666666666666
human-mzb1-perp1,10,91,centroid,10,0.88,0.925
human-mzb1-perp1,10,91,proto_ratio,10,0.88,0.925
human-mzb1-perp1,10,92,full,10,1.0,1.0
human-mzb1-perp1,10,92,centroid,10,1.0,1.0
human-mzb1-perp1,10,92,proto_ratio,10,1.0,1.0
human-mzb1-perp1,10,93,full,10,1.0,1.0
human-mzb1-perp1,10,93,centroid,10,0.8400000000000001,0.911111111111111
human-mzb1-perp1,10,93,proto_ratio,10,0.8400000000000001,0.911111111111111
human-mzb1-perp1,10,94,full,10,1.0,1.0
human-mzb1-perp1,10,94,centroid,10,0.8,0.8999999999999999
human-mzb1-perp1,10,94,proto_ratio,10,0.8,0.8999999999999999
human-mzb1-perp1,10,95,full,10,1.0,1.0
human-mzb1-perp1,10,95,centroid,10,1.0,1.0
human-mzb1-perp1,10,95,proto_ratio,10,1.0,1.0
human-mzb1-perp1,10,96,full,10,1.0,1.0
human-mzb1-perp1,10,96,centroid,10,1.0,1.0
human-mzb1-perp1,10,96,proto_ratio,10,1.0,1.0
human-mzb1-perp1,10,97,full,10,1.0,1.0
human-mzb1-perp1,10,97,centroid,10,1.0,1.0
human-mzb1-perp1,10,97,proto_ratio,10,1.0,1.0
human-mzb1-perp1,10,98,full,10,0.92,0.9266666666666665
human-mzb1-perp1,10,98,centroid,10,0.7200000000000002,0.81
human-mzb1-perp1,10,98,proto_ratio,10,0.7200000000000002,0.81
human-mzb1-perp1,10,99,full,10,1.0,1.0
human-mzb1-perp1,10,99,centroid,10,1.0,1.0
human-mzb1-perp1,10,99,proto_ratio,10,1.0,1.0
il7r,0,0,full,97,0.6147465437788018,0.756302850712598
il7r,1,0,full,95,0.5853423336547734,0.7537905836127623
il7r,1,0,centroid,95,0.5226615236258438,0.7054778126612925
il7r,1,0,proto_ratio,95,0.5202507232401157,0.7020298007712442
il7r,1,1,full,95,0.5781099324975891,0.6609830509960437
il7r,1,1,centroid,95,0.40742526518804245,0.5972685484752289
il7r,1,1,proto_ratio,95,0.4402121504339441,0.6060746316773595
il7r,1,2,full,95,0.579556412729026,0.7469221521366713
il7r,1,2,centroid,95,0.5183220829315331,0.6750905117188909
il7r,1,2,proto_ratio,95,0.5265188042430087,0.6784525817470716
il7r,1,3,full,95,0.5935390549662488,0.7021703768971709
il7r,1,3,centroid,95,0.46624879459980717,0.6227224636440347
il7r,1,3,proto_ratio,95,0.4889103182256509,0.6300780219840952
il7r,1,4,full,95,0.5453230472516876,0.6307222147473415
il7r,1,4,centroid,95,0.48167791706846674,0.6261829218260178
il7r,1,4,proto_ratio,95,0.49132111861137895,0.6295524767978424
il7r,1,5,full,95,0.6644165863066538,0.7999969089510445
il7r,1,5,centroid,95,0.5993249758919962,0.7359519697795468
il7r,1,5,proto_ratio,95,0.6055930568948892,0.7387808634189755
il7r,1,6,full,95,0.7068466730954677,0.8329047294784188
il7r,1,6,centroid,95,0.5983606557377048,0.7173839040303256
il7r,1,6,proto_ratio,95,0.581967213114754,0.6849812266682567
il7r,1,7,full,95,0.6340405014464803,0.780663718132542
il7r,1,7,centroid,95,0.5506268081002892,0.6843655146441127
il7r,1,7,proto_ratio,95,0.5453230472516875,0.673701477602619
il7r,1,8,full,95,0.7087753134040502,0.8383918529796579
il7r,1,8,centroid,95,0.5602700096432015,0.6779681169887133
il7r,1,8,proto_ratio,95,0.5424300867888139,0.6276939288272814
il7r,1,9,full,95,0.6644165863066538,0.8086439607533836
il7r,1,9,centroid,95,0.517357762777242,0.6822253057122263
il7r,1,9,proto_ratio,95,0.5192864030858245,0.6823065231006507
il7r,1,10,full,95,0.5120540019286403,0.6922757981625902
il7r,1,10,centroid,95,0.4006750241080038,0.6266430511588598
il7r,1,10,proto_ratio,95,0.3944069431051109,0.602760756747923
il7r,1,11,full,95,0.5814850530376084,0.7325667239315077
il7r,1,11,centroid,95,0.4889103182256509,0.6142907496713615
il7r,1,11,proto_ratio,95,0.49083895853423337,0.6152746007572913
il7r,1,12,full,95,0.5163934426229508,0.6095810292401291
il7r,1,12,centroid,95,0.4546769527483125,0.5801644841377761
il7r,1,12,proto_ratio,95,0.4575699132111861,0.5815113077993477
il7r,1,13,full,95,0.6012536162005786,0.7318613135314679
il7r,1,13,centroid,95,0.5168756027000965,0.6214330129074294
il7r,1,13,proto_ratio,95,0.5221793635486982,0.6333859411031243
il7r,1,14,full,95,0.759884281581485,0.8735294244995442
il7r,1,14,centroid,95,0.596914175506268,0.7130663110959765
il7r,1,14,proto_ratio,95,0.5781099324975892,0.6502729572465923
il7r,1,15,full,95,0.7073288331726133,0.8240779348934062
il7r,1,15,centroid,95,0.448891031822565,0.5871056464358104
il7r,1,15,proto_ratio,95,0.446480231436837,0.5853555866206586
il7r,1,16,full,95,0.6914175506268081,0.8170376842786149
il7r,1,16,centroid,95,0.4879459980713597,0.6115902419139745
il7r,1,16,proto_ratio,95,0.4869816779170685,0.6025739183992243
il7r,1,17,full,95,0.6996142719382836,0.8438660657908661
il7r,1,17,centroid,95,0.5776277724204435,0.7078843684527467
il7r,1,17,proto_ratio,95,0.5689488910318226,0.6928761792311716
il7r,1,18,full,95,0.5993249758919962,0.7065466084515077
il7r,1,18,centroid,95,0.4411764705882353,0.6240994364065798
il7r,1,18,proto_ratio,95,0.4633558341369335,0.6371431487148514
il7r,1,19,full,95,0.7285438765670202,0.8417459564709338
il7r,1,19,centroid,95,0.654291224686596,0.7464648726563513
il7r,1,19,proto_ratio,95,0.656702025072324,0.747490767667213
il7r,1,20,full,95,0.5429122468659594,0.6326756064066328
il7r,1,20,centroid,95,0.48939247830279653,0.6266619874634496
il7r,1,20,proto_ratio,95,0.5,0.6302086402280758
il7r,1,21,full,95,0.549662487945998,0.7359955850661098
il7r,1,21,centroid,95,0.4720347155255544,0.6655440764252935
il7r,1,21,proto_ratio,95,0.47299903567984564,0.6658128667954814
il7r,1,22,full,95,0.64175506268081,0.7780661614396023
il7r,1,22,centroid,95,0.5578592092574735,0.7207553016542609
il7r,1,22,proto_ratio,95,0.5679845708775313,0.7237393980665112
il7r,1,23,full,95,0.5332690453230472,0.6234868407907471
il7r,1,23,centroid,95,0.5043394406943106,0.6325380113291665
il7r,1,23,proto_ratio,95,0.5057859209257474,0.6329205675250642
il7r,1,24,full,95,0.45226615236258433,0.6651450906597804
il7r,1,24,centroid,95,0.3702989392478302,0.6052966558979319
il7r,1,24,proto_ratio,95,0.37078109932497594,0.6034109312170365
il7r,1,25,full,95,0.5554484088717454,0.6413798322428693
il7r,1,25,centroid,95,0.47926711668273864,0.6282588924862009
il7r,1,25,proto_ratio,95,0.5101253616200578,0.6421899495821581
il7r,1,26,full,95,0.5255544840887174,0.6906462964392518
il7r,1,26,centroid,95,0.5212150433944069,0.6201842991771628
il7r,1,26,proto_ratio,95,0.5231436837029895,0.615569780822351
il7r,1,27,full,95,0.6957569913211186,0.831487406648717
il7r,1,27,centroid,95,0.5776277724204435,0.7230252497491965
il7r,1,27,proto_ratio,95,0.5631629701060752,0.6937214344284328
il7r,1,28,full,95,0.6219864995178399,0.7640182676963254
il7r,1,28,centroid,95,0.46432015429122464,0.5993683532935606
il7r,1,28,proto_ratio,95,0.46673095467695275,0.6026546990407308
il7r,1,29,full,95,0.6812921890067503,0.7929907640698235
il7r,1,29,centroid,95,0.5265188042430087,0.6306168558266483
il7r,1,29,proto_ratio,95,0.5216972034715526,0.6204845090247588
il7r,1,30,full,95,0.5564127290260367,0.7000506294411754
il7r,1,30,centroid,95,0.5154291224686596,0.6079647094117285
il7r,1,30,proto_ratio,95,0.5231436837029895,0.6230997565139889
il7r,1,31,full,95,0.6022179363548699,0.7423360767650276
il7r,1,31,centroid,95,0.537126325940212,0.6483645697616605
il7r,1,31,proto_ratio,95,0.5337512054001928,0.6261871582352536
il7r,1,32,full,95,0.6499517839922854,0.7832901237032519
il7r,1,32,centroid,95,0.5183220829315333,0.6679817786154615
il7r,1,32,proto_ratio,95,0.4908389585342333,0.6448624457260997
il7r,1,33,full,95,0.7304725168756027,0.8581435249481604
il7r,1,33,centroid,95,0.588235294117647,0.7205012774735035
il7r,1,33,proto_ratio,95,0.585824493731919,0.7229406216428983
il7r,1,34,full,95,0.5578592092574735,0.6697383217063866
il7r,1,34,centroid,95,0.49758919961427195,0.6352722451364828
il7r,1,34,proto_ratio,95,0.49855351976856316,0.6344144436860447
il7r,1,35,full,95,0.5978784956605594,0.7020553239969026
il7r,1,35,centroid,95,0.47878495660559306,0.6280113067963599
il7r,1,35,proto_ratio,95,0.47733847637415616,0.6208315436055498
il7r,1,36,full,95,0.5617164898746384,0.6934294554356037
il7r,1,36,centroid,95,0.5188042430086788,0.6302191290386371
il7r,1,36,proto_ratio,95,0.5139826422372227,0.6209149807445506
il7r,1,37,full,95,0.5467695274831244,0.6296203456018183
il7r,1,37,centroid,95,0.373191899710704,0.585989743725678
il7r,1,37,proto_ratio,95,0.4136933461909354,0.6032687778800434
il7r,1,38,full,95,0.5838958534233365,0.7055402014614406
il7r,1,38,centroid,95,0.4710703953712633,0.6298780256323406
il7r,1,38,proto_ratio,95,0.5053037608486017,0.6489874003116434
il7r,1,39,full,95,0.6750241080038573,0.81787754772311
il7r,1,39,centroid,95,0.5790742526518804,0.6968748694559371
il7r,1,39,proto_ratio,95,0.577145612343298,0.6974558802291169
il7r,1,40,full,95,0.6027000964320154,0.7356610804181851
il7r,1,40,centroid,95,0.559787849566056,0.6682562258581634
il7r,1,40,proto_ratio,95,0.553519768563163,0.6562123032268877
il7r,1,41,full,95,0.7174541947926711,0.8300708116365727
il7r,1,41,centroid,95,0.5959498553519769,0.7693298496060037
il7r,1,41,proto_ratio,95,0.6065573770491803,0.7717918625106838
il7r,1,42,full,95,0.5660559305689489,0.751112759604758
il7r,1,42,centroid,95,0.48746383799421406,0.6745691173234488
il7r,1,42,proto_ratio,95,0.47637415621986506,0.6377461689718998
il7r,1,43,full,95,0.6957569913211187,0.8343594253600929
il7r,1,43,centroid,95,0.6022179363548699,0.7651134507222415
il7r,1,43,proto_ratio,95,0.607039537126326,0.7686354254276313
il7r,1,44,full,95,0.6436837029893925,0.7802851805406982
il7r,1,44,centroid,95,0.4985535197685631,0.6412604416647552
il7r,1,44,proto_ratio,95,0.48553519768563164,0.6213934219781417
il7r,1,45,full,95,0.6658630665380906,0.8005394756878272
il7r,1,45,centroid,95,0.5135004821600772,0.6206962321686321
il7r,1,45,proto_ratio,95,0.5106075216972035,0.6124636361515727
il7r,1,46,full,95,0.5540019286403086,0.6552462731745256
il7r,1,46,centroid,95,0.46383799421407906,0.610360459482091
il7r,1,46,proto_ratio,95,0.46865959498553517,0.6184788481821744
il7r,1,47,full,95,0.648023143683703,0.7912280388613491
il7r,1,47,centroid,95,0.5043394406943105,0.6139874421188869
il7r,1,47,proto_ratio,95,0.5091610414657666,0.6313702869607482
il7r,1,48,full,95,0.5279652844744455,0.6737631143012072
il7r,1,48,centroid,95,0.37656702025072325,0.5541219139253202
il7r,1,48,proto_ratio,95,0.3789778206364513,0.5553881005764909
il7r,1,49,full,95,0.5356798457087754,0.6255998656607933
il7r,1,49,centroid,95,0.5212150433944069,0.6411472726836047
il7r,1,49,proto_ratio,95,0.5197685631629702,0.6406646916518353
il7r,1,50,full,95,0.662970106075217,0.80430951783799
il7r,1,50,centroid,95,0.4729990356798457,0.6159744752910119
il7r,1,50,proto_ratio,95,0.46817743490838953,0.6113121810406186
il7r,1,51,full,95,0.6928640308582449,0.8249813509005631
il7r,1,51,centroid,95,0.5462873674059788,0.6550268316351654
il7r,1,51,proto_ratio,95,0.5414657666345227,0.6295155682210446
il7r,1,52,full,95,0.6113789778206364,0.7708067423218415
il7r,1,52,centroid,95,0.5043394406943105,0.6700065682146803
il7r,1,52,proto_ratio,95,0.49855351976856316,0.6631949369794329
il7r,1,53,full,95,0.6673095467695275,0.8019296112695498
il7r,1,53,centroid,95,0.4840887174541948,0.6394544425683485
il7r,1,53,proto_ratio,95,0.4729990356798457,0.6278965687694257
il7r,1,54,full,95,0.6962391513982642,0.8174715044039129
il7r,1,54,centroid,95,0.5718418514946962,0.6774920554808999
il7r,1,54,proto_ratio,95,0.5549662487945998,0.6622017242056207
il7r,1,55,full,95,0.5448408871745419,0.6319865894485706
il7r,1,55,centroid,95,0.51976856316297,0.6348231414086937
il7r,1,55,proto_ratio,95,0.5212150433944069,0.6359532026681358
il7r,1,56,full,95,0.5226615236258437,0.6500203271743669
il7r,1,56,centroid,95,0.4710703953712632,0.590614950285807
il7r,1,56,proto_ratio,95,0.46962391513982643,0.5900666535300926
il7r,1,57,full,95,0.6253616200578592,0.7810204929678728
il7r,1,57,centroid,95,0.5072324011571843,0.6610276981643735
il7r,1,57,proto_ratio,95,0.5024108003857282,0.65902136672499
il7r,1,58,full,95,0.7092574734811958,0.8384957620000637
il7r,1,58,centroid,95,0.5139826422372227,0.6115134570734693
il7r,1,58,proto_ratio,95,0.5183220829315333,0.6195281200061651
il7r,1,59,full,95,0.6340405014464803,0.7970747332389919
il7r,1,59,centroid,95,0.4725168756027001,0.6269103544926451
il7r,1,59,proto_ratio,95,0.4686595949855352,0.6256183152439845
il7r,1,60,full,95,0.5486981677917068,0.6301299527798305
il7r,1,60,centroid,95,0.422854387656702,0.6011738643903566
il7r,1,60,proto_ratio,95,0.4484088717454195,0.6112897253574954
il7r,1,61,full,95,0.44358727097396333,0.5960363918134279
il7r,1,61,centroid,95,0.3746383799421408,0.5664391777340468
il7r,1,61,proto_ratio,95,0.3857280617164899,0.5830594427149676
il7r,1,62,full,95,0.6832208293153328,0.8239486941714775
il7r,1,62,centroid,95,0.6513982642237224,0.77746501652634
il7r,1,62,proto_ratio,95,0.6239151398264224,0.7552366212182984
il7r,1,63,full,95,0.5308582449373193,0.6285643116036707
il7r,1,63,centroid,95,0.4426229508196721,0.5725793062084846
il7r,1,63,proto_ratio,95,0.4411764705882353,0.5740243616799939
il7r,1,64,full,95,0.6094503375120539,0.7489554746197677
il7r,1,64,centroid,95,0.5462873674059788,0.6289954995456247
il7r,1,64,proto_ratio,95,0.5520732883317261,0.6457627941817718
il7r,1,65,full,95,0.6682738669238187,0.8375320516543848
il7r,1,65,centroid,95,0.6046287367405978,0.7824114846870966
il7r,1,65,proto_ratio,95,0.600771456123433,0.7781097407407449
il7r,1,66,full,95,0.636933461909354,0.7553884598602925
il7r,1,66,centroid,95,0.4889103182256509,0.6291354447938361
il7r,1,66,proto_ratio,95,0.47974927675988427,0.6175140119025986
il7r,1,67,full,95,0.603182256509161,0.7379462049842422
il7r,1,67,centroid,95,0.5766634522661523,0.6981897241853602
il7r,1,67,proto_ratio,95,0.577145612343298,0.6982895818145912
il7r,1,68,full,95,0.7073288331726133,0.8316177241429233
il7r,1,68,centroid,95,0.6446480231436837,0.7715648303685917
il7r,1,68,proto_ratio,95,0.6219864995178399,0.7585231830238767
il7r,1,69,full,95,0.5583413693346191,0.6395118035647053
il7r,1,69,centroid,95,0.5173577627772421,0.6428873696104436
il7r,1,69,proto_ratio,95,0.536162005785921,0.649794607843617
il7r,1,70,full,95,0.6465766634522662,0.7864685313718444
il7r,1,70,centroid,95,0.5477338476374156,0.7027463882567679
il7r,1,70,proto_ratio,95,0.5438765670202508,0.686003281185472
il7r,1,71,full,95,0.5429122468659594,0.6326756064066328
il7r,1,71,centroid,95,0.48939247830279653,0.6266619874634496
il7r,1,71,proto_ratio,95,0.5,0.6302086402280758
il7r,1,72,full,95,0.5491803278688525,0.6708221841549782
il7r,1,72,centroid,95,0.4729990356798457,0.6093969401481197
il7r,1,72,proto_ratio,95,0.4758919961427194,0.608478444363279
il7r,1,73,full,95,0.5486981677917069,0.7115828784030118
il7r,1,73,centroid,95,0.5149469623915139,0.631925417051564
il7r,1,73,proto_ratio,95,0.5149469623915139,0.6291526433771512
il7r,1,74,full,95,0.6523625843780134,0.7892444337230979
il7r,1,74,centroid,95,0.6407907425265187,0.7564744665170476
il7r,1,74,proto_ratio,95,0.6094503375120541,0.7337815307239196
il7r,1,75,full,95,0.6615236258437801,0.7842637971231061
il7r,1,75,centroid,95,0.45178399228543875,0.5980942125445726
il7r,1,75,proto_ratio,95,0.4474445515911283,0.5943308035619429
il7r,1,76,full,95,0.6634522661523626,0.7831475182627741
il7r,1,76,centroid,95,0.512536162005786,0.6924076267720308
il7r,1,76,proto_ratio,95,0.5202507232401157,0.6974216885024523
il7r,1,77,full,95,0.5559305689488909,0.698639871050308
il7r,1,77,centroid,95,0.461427193828351,0.5876142459520548
il7r,1,77,proto_ratio,95,0.46335583413693343,0.5933858689404642
il7r,1,78,full,95,0.538572806171649,0.7420438309367853
il7r,1,78,centroid,95,0.48023143683702985,0.6630044697387828
il7r,1,78,proto_ratio,95,0.48264223722275795,0.6634614424386522
il7r,1,79,full,95,0.667791706846673,0.8008728050878905
il7r,1,79,centroid,95,0.555930568948891,0.6977518638834226
il7r,1,79,proto_ratio,95,0.5284474445515912,0.6872725535687619
il7r,1,80,full,95,0.603182256509161,0.7439826297513178
il7r,1,80,centroid,95,0.5429122468659594,0.6810020879343638
il7r,1,80,proto_ratio,95,0.543394406943105,0.6812498832548558
il7r,1,81,full,95,0.7058823529411765,0.8313946129539742
il7r,1,81,centroid,95,0.5993249758919961,0.7252641812395907
il7r,1,81,proto_ratio,95,0.5626808100289296,0.6876256314299963
il7r,1,82,full,95,0.5515911282545806,0.6394314935252868
il7r,1,82,centroid,95,0.5062680810028929,0.6320202369761985
il7r,1,82,proto_ratio,95,0.5139826422372227,0.6352764021780104
il7r,1,83,full,95,0.5356798457087754,0.6307947652840046
il7r,1,83,centroid,95,0.5270009643201543,0.6424848082420298
il7r,1,83,proto_ratio,95,0.5245901639344263,0.6415326626526532
il7r,1,84,full,95,0.6253616200578592,0.7897038629399596
il7r,1,84,centroid,95,0.5178399228543877,0.6785749220758663
il7r,1,84,proto_ratio,95,0.5192864030858245,0.6783397684144097
il7r,1,85,full,95,0.549662487945998,0.7359955850661098
il7r,1,85,centroid,95,0.4720347155255544,0.6655440764252935
il7r,1,85,proto_ratio,95,0.47299903567984564,0.6658128667954814
il7r,1,86,full,95,0.5694310511089682,0.7193612489210899
il7r,1,86,centroid,95,0.4932497589199614,0.6517366362778055
il7r,1,86,proto_ratio,95,0.4961427193828351,0.6543949253783775
il7r,1,87,full,95,0.6219864995178399,0.7822609090523845
il7r,1,87,centroid,95,0.5742526518804243,0.7200977062938708
il7r,1,87,proto_ratio,95,0.570877531340405,0.7108683171240228
il7r,1,88,full,95,0.5255544840887174,0.6866083892229475
il7r,1,88,centroid,95,0.481195756991321,0.6221453186986715
il7r,1,88,proto_ratio,95,0.4778206364513018,0.6184993518777133
il7r,1,89,full,95,0.6186113789778206,0.7562099401705695
il7r,1,89,centroid,95,0.508678881388621,0.6083722556725806
il7r,1,89,proto_ratio,95,0.5106075216972035,0.6104957161615185
il7r,1,90,full,95,0.6899710703953713,0.8066055220182857
il7r,1,90,centroid,95,0.51976856316297,0.6462354622581095
il7r,1,90,proto_ratio,95,0.5091610414657666,0.605830317974059
il7r,1,91,full,95,0.7107039537126325,0.8242288855778584
il7r,1,91,centroid,95,0.5617164898746384,0.637199724637482
il7r,1,91,proto_ratio,95,0.5660559305689489,0.6485357953350712
il7r,1,92,full,95,0.686595949855352,0.8205964426129138
il7r,1,92,centroid,95,0.506268081002893,0.6325718824389928
il7r,1,92,proto_ratio,95,0.4869816779170684,0.621510082783568
il7r,1,93,full,95,0.6263259402121505,0.7834341861234966
il7r,1,93,centroid,95,0.5901639344262295,0.7292650004595072
il7r,1,93,proto_ratio,95,0.5838958534233365,0.708995477255922
il7r,1,94,full,95,0.6219864995178399,0.7762480040790967
il7r,1,94,centroid,95,0.4995178399228544,0.6090245863390409
il7r,1,94,proto_ratio,95,0.5048216007714561,0.6167227783184579
il7r,1,95,full,95,0.6142719382835101,0.7224953334338214
il7r,1,95,centroid,95,0.4570877531340405,0.6010543395959448
il7r,1,95,proto_ratio,95,0.45467695274831244,0.596586094576337
il7r,1,96,full,95,0.7140790742526518,0.8175916977371996
il7r,1,96,centroid,95,0.5255544840887174,0.658759861903041
il7r,1,96,proto_ratio,95,0.5429122468659595,0.6687890136642617
il7r,1,97,full,95,0.6489874638379942,0.7797603621113665
il7r,1,97,centroid,95,0.5043394406943105,0.660842832534675
il7r,1,97,proto_ratio,95,0.48264223722275795,0.6463761320497698
il7r,1,98,full,95,0.6369334619093538,0.7812225178858687
il7r,1,98,centroid,95,0.5761812921890067,0.7280258877765031
il7r,1,98,proto_ratio,95,0.5361620057859209,0.715247830562858
il7r,1,99,full,95,0.6393442622950819,0.7881354175175211
il7r,1,99,centroid,95,0.5120540019286403,0.611676692126425
il7r,1,99,proto_ratio,95,0.5144648023143683,0.6181067256234578
il7r,2,0,full,93,0.6616161616161617,0.8151865570522953
il7r,2,0,centroid,93,0.6393939393939394,0.8155448802499851
il7r,2,0,proto_ratio,93,0.6353535353535353,0.8132065769858609
il7r,2,1,full,93,0.502020202020202,0.6733667896965038
il7r,2,1,centroid,93,0.4207070707070707,0.5772876294586965
il7r,2,1,proto_ratio,93,0.4212121212121212,0.5774018726421927
il7r,2,2,full,93,0.6914141414141414,0.8093110641856486
il7r,2,2,centroid,93,0.44747474747474747,0.6367052857549589
il7r,2,2,proto_ratio,93,0.4444444444444444,0.6343619762363693
il7r,2,3,full,93,0.6616161616161617,0.789089173284632
il7r,2,3,centroid,93,0.5202020202020202,0.6412205630006487
il7r,2,3,proto_ratio,93,0.5232323232323233,0.644324631429114
il7r,2,4,full,93,0.5696969696969696,0.6556800236172169
il7r,2,4,centroid,93,0.4742424242424242,0.6242279996780388
il7r,2,4,proto_ratio,93,0.4732323232323232,0.6239861297031185
il7r,2,5,full,93,0.6217171717171717,0.7546538211212549
il7r,2,5,centroid,93,0.5823232323232324,0.6899176614755435
il7r,2,5,proto_ratio,93,0.5853535353535353,0.6921408894158716
il7r,2,6,full,93,0.6919191919191919,0.8366629122716135
il7r,2,6,centroid,93,0.5515151515151515,0.6880285827274816
il7r,2,6,proto_ratio,93,0.545959595959596,0.6825616537084499
il7r,2,7,full,93,0.7045454545454545,0.8204858702986614
il7r,2,7,centroid,93,0.6075757575757575,0.7591330264226762
il7r,2,7,proto_ratio,93,0.6055555555555555,0.7586727161135463
il7r,2,8,full,93,0.6722222222222223,0.8224236815897686
il7r,2,8,centroid,93,0.6393939393939394,0.7513952878629009
il7r,2,8,proto_ratio,93,0.6383838383838384,0.7493980176109571
il7r,2,9,full,93,0.44545454545454544,0.6623019996530309
il7r,2,9,centroid,93,0.38737373737373737,0.6098006161004158
il7r,2,9,proto_ratio,93,0.3893939393939394,0.6108823728449937
il7r,2,10,full,93,0.6707070707070707,0.7916907553120903
il7r,2,10,centroid,93,0.5166666666666666,0.6165165758677008
il7r,2,10,proto_ratio,93,0.5222222222222221,0.625214267065392
il7r,2,11,full,93,0.6494949494949496,0.795550230092627
il7r,2,11,centroid,93,0.4621212121212121,0.6098707528917914
il7r,2,11,proto_ratio,93,0.4606060606060606,0.6090244007955815
il7r,2,12,full,93,0.5515151515151515,0.6861010091393411
il7r,2,12,centroid,93,0.4722222222222222,0.5916288401729184
il7r,2,12,proto_ratio,93,0.4732323232323232,0.591892505558017
il7r,2,13,full,93,0.5863636363636364,0.6659710872717697
il7r,2,13,centroid,93,0.5090909090909091,0.6426336225857258
il7r,2,13,proto_ratio,93,0.5136363636363637,0.6447139339357426
il7r,2,14,full,93,0.5722222222222222,0.6567869343050907
il7r,2,14,centroid,93,0.5272727272727273,0.6473820326015268
il7r,2,14,proto_ratio,93,0.5303030303030303,0.6505541813458372
il7r,2,15,full,93,0.5848484848484848,0.7245573143975385
il7r,2,15,centroid,93,0.4762626262626263,0.6684096378875118
il7r,2,15,proto_ratio,93,0.47828282828282825,0.6695009839905298
il7r,2,16,full,93,0.6535353535353535,0.7883370795495493
il7r,2,16,centroid,93,0.496969696969697,0.6266046762013538
il7r,2,16,proto_ratio,93,0.49141414141414147,0.6108144602371538
il7r,2,17,full,93,0.6510101010101011,0.8160416093166806
il7r,2,17,centroid,93,0.5101010101010102,0.6550271953424477
il7r,2,17,proto_ratio,93,0.5050505050505051,0.6430563948001151
il7r,2,18,full,93,0.6696969696969698,0.798039651056807
il7r,2,18,centroid,93,0.4626262626262626,0.6115543414993687
il7r,2,18,proto_ratio,93,0.4494949494949495,0.6004862533541575
il7r,2,19,full,93,0.6373737373737374,0.7892781994722801
il7r,2,19,centroid,93,0.5398989898989899,0.6546070223796072
il7r,2,19,proto_ratio,93,0.5358585858585858,0.6540687386101369
il7r,2,20,full,93,0.5545454545454546,0.6511136110870052
il7r,2,20,centroid,93,0.47878787878787876,0.6204626230014554
il7r,2,20,proto_ratio,93,0.5060606060606061,0.6295348738651335
il7r,2,21,full,93,0.5762626262626263,0.735423205670192
il7r,2,21,centroid,93,0.4409090909090909,0.6425151181194292
il7r,2,21,proto_ratio,93,0.4398989898989899,0.6408790624065613
il7r,2,22,full,93,0.6363636363636364,0.774630278302623
il7r,2,22,centroid,93,0.5025252525252526,0.6199135903780194
il7r,2,22,proto_ratio,93,0.5055555555555555,0.6194695572231699
il7r,2,23,full,93,0.5656565656565657,0.6459909453575798
il7r,2,23,centroid,93,0.5025252525252526,0.6337865885598698
il7r,2,23,proto_ratio,93,0.502020202020202,0.6334489798768845
il7r,2,24,full,93,0.6277777777777778,0.7771855200573369
il7r,2,24,centroid,93,0.4626262626262626,0.6226187766773758
il7r,2,24,proto_ratio,93,0.4590909090909091,0.6072440676024796
il7r,2,25,full,93,0.608080808080808,0.6880709707569265
il7r,2,25,centroid,93,0.3454545454545455,0.5764800415605367
il7r,2,25,proto_ratio,93,0.3464646464646465,0.5772929171250184
il7r,2,26,full,93,0.6803030303030304,0.8011535326600617
il7r,2,26,centroid,93,0.5702020202020202,0.6612261061704449
il7r,2,26,proto_ratio,93,0.5686868686868688,0.6618457710388429
il7r,2,27,full,93,0.6595959595959595,0.8088291519664333
il7r,2,27,centroid,93,0.5575757575757576,0.7160915434876417
il7r,2,27,proto_ratio,93,0.546969696969697,0.701531250243717
il7r,2,28,full,93,0.6904040404040405,0.8109578280375388
il7r,2,28,centroid,93,0.4762626262626262,0.6113645034754611
il7r,2,28,proto_ratio,93,0.47424242424242424,0.609774767519974
il7r,2,29,full,93,0.6782828282828284,0.8108066934133614
il7r,2,29,centroid,93,0.5075757575757576,0.6082276338508147
il7r,2,29,proto_ratio,93,0.5090909090909091,0.6215222567254665
il7r,2,30,full,93,0.6343434343434343,0.7564787114640724
il7r,2,30,centroid,93,0.5454545454545454,0.6692691013359491
il7r,2,30,proto_ratio,93,0.5454545454545454,0.6739826559953892
il7r,2,31,full,93,0.5681818181818181,0.6476518667158286
il7r,2,31,centroid,93,0.5242424242424242,0.6480488966174075
il7r,2,31,proto_ratio,93,0.5252525252525253,0.6486845414931145
il7r,2,32,full,93,0.6828282828282828,0.8207398914775449
il7r,2,32,centroid,93,0.6444444444444445,0.7728263432509354
il7r,2,32,proto_ratio,93,0.6429292929292929,0.772021960883004
il7r,2,33,full,93,0.711111111111111,0.8378630334941718
il7r,2,33,centroid,93,0.595959595959596,0.7145822777741427
il7r,2,33,proto_ratio,93,0.5838383838383838,0.6905663157286711
il7r,2,34,full,93,0.5797979797979799,0.7031440711143279
il7r,2,34,centroid,93,0.43585858585858583,0.6351157114234635
il7r,2,34,proto_ratio,93,0.43585858585858583,0.6352729478075897
il7r,2,35,full,93,0.6762626262626262,0.8242199403587226
il7r,2,35,centroid,93,0.5252525252525252,0.6455558690463156
il7r,2,35,proto_ratio,93,0.5282828282828282,0.6547976256793765
il7r,2,36,full,93,0.6823232323232323,0.8304308097236778
il7r,2,36,centroid,93,0.6232323232323232,0.7389572635262203
il7r,2,36,proto_ratio,93,0.6257575757575756,0.739255662666917
il7r,2,37,full,93,0.5934343434343434,0.6640455603645645
il7r,2,37,centroid,93,0.41515151515151516,0.6077842183732006
il7r,2,37,proto_ratio,93,0.4202020202020202,0.6100555195466929
il7r,2,38,full,93,0.602020202020202,0.6880637187114795
il7r,2,38,centroid,93,0.5303030303030303,0.6509527392603539
il7r,2,38,proto_ratio,93,0.5303030303030303,0.6511682355127921
il7r,2,39,full,93,0.6318181818181818,0.7344958251001773
il7r,2,39,centroid,93,0.5388888888888889,0.6407067819535744
il7r,2,39,proto_ratio,93,0.5338383838383838,0.6391014157231019
il7r,2,40,full,93,0.5651515151515151,0.6520122102275939
il7r,2,40,centroid,93,0.5232323232323233,0.6410712718420322
il7r,2,40,proto_ratio,93,0.5202020202020202,0.6402001159963967
il7r,2,41,full,93,0.6792929292929293,0.8078470017369522
il7r,2,41,centroid,93,0.5601010101010101,0.7488306129094758
il7r,2,41,proto_ratio,93,0.5712121212121213,0.7519158389803723
il7r,2,42,full,93,0.6358585858585859,0.7816484821878725
il7r,2,42,centroid,93,0.5025252525252524,0.6090189785205025
il7r,2,42,proto_ratio,93,0.5025252525252525,0.6089298213578427
il7r,2,43,full,93,0.6828282828282829,0.8268058688993122
il7r,2,43,centroid,93,0.6116161616161616,0.7674647095498573
il7r,2,43,proto_ratio,93,0.603030303030303,0.7436177411313921
il7r,2,44,full,93,0.585858585858586,0.7314124060279762
il7r,2,44,centroid,93,0.47272727272727266,0.6263989584352957
il7r,2,44,proto_ratio,93,0.46212121212121215,0.6196952106424332
il7r,2,45,full,93,0.7090909090909091,0.8440639183819024
il7r,2,45,centroid,93,0.6540404040404041,0.7359893434987776
il7r,2,45,proto_ratio,93,0.6530303030303031,0.7344381759650633
il7r,2,46,full,93,0.5626262626262626,0.6620490821956463
il7r,2,46,centroid,93,0.4303030303030303,0.5824858337600524
il7r,2,46,proto_ratio,93,0.4434343434343434,0.5871628211519011
il7r,2,47,full,93,0.6282828282828282,0.7816681998745644
il7r,2,47,centroid,93,0.5808080808080808,0.7396387911628671
il7r,2,47,proto_ratio,93,0.5808080808080808,0.7352131329437528
il7r,2,48,full,93,0.5873737373737373,0.6730530696453954
il7r,2,48,centroid,93,0.31969696969696976,0.5648884969094544
il7r,2,48,proto_ratio,93,0.3196969696969697,0.5650333552551753
il7r,2,49,full,93,0.5136363636363637,0.6169677064941635
il7r,2,49,centroid,93,0.48535353535353537,0.6258709858964989
il7r,2,49,proto_ratio,93,0.4934343434343434,0.6286132332092278
il7r,2,50,full,93,0.6166666666666667,0.7730958113065104
il7r,2,50,centroid,93,0.4823232323232323,0.6605722254392602
il7r,2,50,proto_ratio,93,0.47777777777777775,0.6535572165302637
il7r,2,51,full,93,0.5702020202020202,0.6466215206398777
il7r,2,51,centroid,93,0.5262626262626262,0.6447490022266128
il7r,2,51,proto_ratio,93,0.5247474747474747,0.6442994054038816
il7r,2,52,full,93,0.5348484848484848,0.7061432521758578
il7r,2,52,centroid,93,0.48484848484848486,0.673507654790034
il7r,2,52,proto_ratio,93,0.48838383838383836,0.6739494551934284
il7r,2,53,full,93,0.6843434343434344,0.8252650048873128
il7r,2,53,centroid,93,0.6540404040404041,0.8013137115300629
il7r,2,53,proto_ratio,93,0.6494949494949495,0.7975855844449621
il7r,2,54,full,93,0.7075757575757576,0.8423850623320647
il7r,2,54,centroid,93,0.5707070707070707,0.7140498863318832
il7r,2,54,proto_ratio,93,0.5707070707070707,0.7139926795453184
il7r,2,55,full,93,0.5303030303030304,0.6336310444158524
il7r,2,55,centroid,93,0.506060606060606,0.6287249182614943
il7r,2,55,proto_ratio,93,0.503030303030303,0.6277423678720877
il7r,2,56,full,93,0.5101010101010102,0.6337594859327462
il7r,2,56,centroid,93,0.447979797979798,0.588735536974029
il7r,2,56,proto_ratio,93,0.4595959595959596,0.5922874988797155
il7r,2,57,full,93,0.5313131313131313,0.7046066371177299
il7r,2,57,centroid,93,0.4818181818181818,0.6245764577671438
il7r,2,57,proto_ratio,93,0.4808080808080808,0.6238759803130134
il7r,2,58,full,93,0.6247474747474748,0.7775098035344951
il7r,2,58,centroid,93,0.5247474747474747,0.6219503487307986
il7r,2,58,proto_ratio,93,0.5333333333333333,0.6407822888933838
il7r,2,59,full,93,0.5808080808080809,0.6534343410162216
il7r,2,59,centroid,93,0.4065656565656565,0.603992242299749
il7r,2,59,proto_ratio,93,0.40808080808080804,0.6044395417131809
il7r,2,60,full,93,0.5005050505050505,0.677502291652769
il7r,2,60,centroid,93,0.39040404040404036,0.6213242437314338
il7r,2,60,proto_ratio,93,0.39090909090909093,0.6190559271581183
il7r,2,61,full,93,0.693939393939394,0.8187686355710099
il7r,2,61,centroid,93,0.5464646464646465,0.7015193747177931
il7r,2,61,proto_ratio,93,0.5419191919191919,0.6861895175463212
il7r,2,62,full,93,0.6904040404040405,0.8232293176723108
il7r,2,62,centroid,93,0.6106060606060606,0.750791842044031
il7r,2,62,proto_ratio,93,0.6025252525252526,0.7458972740841742
il7r,2,63,full,93,0.6156565656565656,0.7367644579484973
il7r,2,63,centroid,93,0.4424242424242424,0.5918458833098414
il7r,2,63,proto_ratio,93,0.4419191919191919,0.5916640050029632
il7r,2,64,full,93,0.6838383838383838,0.8220639609849961
il7r,2,64,centroid,93,0.6611111111111111,0.7916360669633947
il7r,2,64,proto_ratio,93,0.6570707070707069,0.7858832973515474
il7r,2,65,full,93,0.6464646464646465,0.7892849566351566
il7r,2,65,centroid,93,0.5656565656565656,0.708368841429914
il7r,2,65,proto_ratio,93,0.5601010101010102,0.7012442775232751
il7r,2,66,full,93,0.6121212121212122,0.7384872977180214
il7r,2,66,centroid,93,0.4621212121212121,0.6040866826037238
il7r,2,66,proto_ratio,93,0.46212121212121215,0.6044375123295535
il7r,2,67,full,93,0.5712121212121213,0.6568771450064649
il7r,2,67,centroid,93,0.555050505050505,0.667439889961473
il7r,2,67,proto_ratio,93,0.557070707070707,0.668311558143777
il7r,2,68,full,93,0.6171717171717171,0.7848710291238002
il7r,2,68,centroid,93,0.5883838383838385,0.7603709791856385
il7r,2,68,proto_ratio,93,0.5939393939393939,0.7604340250810461
il7r,2,69,full,93,0.5833333333333334,0.7477554962462106
il7r,2,69,centroid,93,0.5252525252525253,0.6981689550121111
il7r,2,69,proto_ratio,93,0.5257575757575758,0.6953421618192863
il7r,2,70,full,93,0.6227272727272728,0.7786172445884022
il7r,2,70,centroid,93,0.5398989898989899,0.6713244510030164
il7r,2,70,proto_ratio,93,0.5434343434343434,0.6749157208442861
il7r,2,71,full,93,0.5616161616161617,0.6428127329824227
il7r,2,71,centroid,93,0.552020202020202,0.6535584806837467
il7r,2,71,proto_ratio,93,0.5520202020202021,0.6534985228986357
il7r,2,72,full,93,0.5691919191919191,0.646030951876409
il7r,2,72,centroid,93,0.47979797979797983,0.6282195466156884
il7r,2,72,proto_ratio,93,0.47979797979797983,0.6281655123326744
il7r,2,73,full,93,0.6151515151515151,0.7721901874316058
il7r,2,73,centroid,93,0.4919191919191919,0.6311896799594625
il7r,2,73,proto_ratio,93,0.4823232323232323,0.6251707917232167
il7r,2,74,full,93,0.6257575757575758,0.7849914850930552
il7r,2,74,centroid,93,0.5702020202020203,0.726999708406569
il7r,2,74,proto_ratio,93,0.5489898989898989,0.6786407656466114
il7r,2,75,full,93,0.7141414141414142,0.8367734153791412
il7r,2,75,centroid,93,0.5792929292929293,0.7353034220445817
il7r,2,75,proto_ratio,93,0.5823232323232322,0.7378867443432467
il7r,2,76,full,93,0.742929292929293,0.8519929882015457
il7r,2,76,centroid,93,0.654040404040404,0.7998921718279922
il7r,2,76,proto_ratio,93,0.657070707070707,0.800511509869351
il7r,2,77,full,93,0.5595959595959595,0.7351678282206447
il7r,2,77,centroid,93,0.43939393939393934,0.582763930402626
il7r,2,77,proto_ratio,93,0.4404040404040404,0.5838085226667306
il7r,2,78,full,93,0.4282828282828283,0.6411054984526003
il7r,2,78,centroid,93,0.36818181818181817,0.6199601401286174
il7r,2,78,proto_ratio,93,0.36969696969696964,0.6240198815799051
il7r,2,79,full,93,0.6737373737373737,0.8208237991465285
il7r,2,79,centroid,93,0.5919191919191918,0.7228735518495805
il7r,2,79,proto_ratio,93,0.5914141414141414,0.721544764794279
il7r,2,80,full,93,0.598989898989899,0.7474106787546234
il7r,2,80,centroid,93,0.4974747474747475,0.65770565091145
il7r,2,80,proto_ratio,93,0.495959595959596,0.6568275564985596
il7r,2,81,full,93,0.6843434343434343,0.8265986436486651
il7r,2,81,centroid,93,0.655050505050505,0.7885511434189835
il7r,2,81,proto_ratio,93,0.645959595959596,0.7829727453340182
il7r,2,82,full,93,0.6545454545454545,0.777952298312173
il7r,2,82,centroid,93,0.5015151515151515,0.7090101821386589
il7r,2,82,proto_ratio,93,0.503030303030303,0.7090793122456428
il7r,2,83,full,93,0.5742424242424242,0.6503090359661112
il7r,2,83,centroid,93,0.447979797979798,0.6199783418921311
il7r,2,83,proto_ratio,93,0.45606060606060606,0.623277796952161
il7r,2,84,full,93,0.704040404040404,0.8312856797474554
il7r,2,84,centroid,93,0.5196969696969695,0.6718105136989975
il7r,2,84,proto_ratio,93,0.5146464646464646,0.6692650525258791
il7r,2,85,full,93,0.5333333333333333,0.7248440384165943
il7r,2,85,centroid,93,0.4297979797979798,0.6139576472849905
il7r,2,85,proto_ratio,93,0.43585858585858583,0.6153101859378279
il7r,2,86,full,93,0.5535353535353535,0.7012112347060683
il7r,2,86,centroid,93,0.4666666666666666,0.6317855846592383
il7r,2,86,proto_ratio,93,0.4636363636363636,0.6231803845200315
il7r,2,87,full,93,0.6434343434343435,0.7709681697391325
il7r,2,87,centroid,93,0.5515151515151514,0.7416994823269419
il7r,2,87,proto_ratio,93,0.5525252525252525,0.7424545823722605
il7r,2,88,full,93,0.5904040404040404,0.7645255352343886
il7r,2,88,centroid,93,0.5590909090909091,0.7254496336662585
il7r,2,88,proto_ratio,93,0.5555555555555556,0.71945086764598
il7r,2,89,full,93,0.686868686868687,0.8264252431126428
il7r,2,89,centroid,93,0.5227272727272727,0.6536115246530375
il7r,2,89,proto_ratio,93,0.5176767676767677,0.6267306210120902
il7r,2,90,full,93,0.6616161616161617,0.8127040213900584
il7r,2,90,centroid,93,0.48787878787878786,0.6098725556345851
il7r,2,90,proto_ratio,93,0.49444444444444446,0.619908971832766
il7r,2,91,full,93,0.6323232323232323,0.7786945139645821
il7r,2,91,centroid,93,0.5409090909090909,0.6545967158076326
il7r,2,91,proto_ratio,93,0.5368686868686868,0.6465467627713594
il7r,2,92,full,93,0.6974747474747475,0.8282919440018218
il7r,2,92,centroid,93,0.5757575757575757,0.7024694719768909
il7r,2,92,proto_ratio,93,0.5747474747474748,0.7029010766031305
il7r,2,93,full,93,0.7126262626262625,0.8341770222747021
il7r,2,93,centroid,93,0.5994949494949495,0.7442390527244667
il7r,2,93,proto_ratio,93,0.5888888888888889,0.7356189494090357
il7r,2,94,full,93,0.6479797979797981,0.7723185450455798
il7r,2,94,centroid,93,0.46515151515151515,0.6126268998161848
il7r,2,94,proto_ratio,93,0.46565656565656566,0.6044943993293014
il7r,2,95,full,93,0.656060606060606,0.807209094056018
il7r,2,95,centroid,93,0.6186868686868686,0.7555756809192389
il7r,2,95,proto_ratio,93,0.6141414141414141,0.7487394632220709
il7r,2,96,full,93,0.5702020202020202,0.6521102604945522
il7r,2,96,centroid,93,0.5404040404040404,0.6507339512478968
il7r,2,96,proto_ratio,93,0.5419191919191919,0.6536197139364625
il7r,2,97,full,93,0.656060606060606,0.7850426750467323
il7r,2,97,centroid,93,0.4676767676767677,0.6187504968890504
il7r,2,97,proto_ratio,93,0.45151515151515154,0.6119408648208561
il7r,2,98,full,93,0.6368686868686869,0.7949132125170689
il7r,2,98,centroid,93,0.5914141414141414,0.7829177902768524
il7r,2,98,proto_ratio,93,0.5893939393939394,0.7822590892964602
il7r,2,99,full,93,0.6828282828282829,0.8251710487942924
il7r,2,99,centroid,93,0.6348484848484848,0.751644451990376
il7r,2,99,proto_ratio,93,0.6333333333333333,0.7501169399786977
il7r,5,0,full,87,0.6146198830409356,0.7658041320994267
il7r,5,0,centroid,87,0.48070175438596485,0.6532914325909122
il7r,5,0,proto_ratio,87,0.4801169590643275,0.6513372767955872
il7r,5,1,full,87,0.6976608187134503,0.8333046908993369
il7r,5,1,centroid,87,0.41578947368421054,0.5772701353013068
il7r,5,1,proto_ratio,87,0.4169590643274854,0.5783919848040446
il7r,5,2,full,87,0.6742690058479531,0.8174310257974617
il7r,5,2,centroid,87,0.47426900584795323,0.6590412881275403
il7r,5,2,proto_ratio,87,0.47251461988304094,0.6581291282987694
il7r,5,3,full,87,0.6970760233918128,0.8277186037518842
il7r,5,3,centroid,87,0.660233918128655,0.7823012385365602
il7r,5,3,proto_ratio,87,0.6578947368421053,0.7810949597776906
il7r,5,4,full,87,0.6368421052631579,0.7704694276904476
il7r,5,4,centroid,87,0.5584795321637427,0.6806657482292542
il7r,5,4,proto_ratio,87,0.5561403508771929,0.6787948139382145
il7r,5,5,full,87,0.6321637426900585,0.7671329254644792
il7r,5,5,centroid,87,0.5187134502923976,0.6494035294762417
il7r,5,5,proto_ratio,87,0.5116959064327484,0.6424834908444788
il7r,5,6,full,87,0.7111111111111111,0.8481098870948536
il7r,5,6,centroid,87,0.6169590643274854,0.7383365088735117
il7r,5,6,proto_ratio,87,0.6175438596491227,0.7384765005268394
il7r,5,7,full,87,0.6912280701754385,0.8431710766193854
il7r,5,7,centroid,87,0.6748538011695906,0.8139637350536055
il7r,5,7,proto_ratio,87,0.6748538011695906,0.8139951303988056
il7r,5,8,full,87,0.5982456140350878,0.7719687232216288
il7r,5,8,centroid,87,0.5777777777777777,0.768221702723493
il7r,5,8,proto_ratio,87,0.5783625730994152,0.7686234529867391
il7r,5,9,full,87,0.5502923976608187,0.7471315081012606
il7r,5,9,centroid,87,0.45087719298245615,0.6484634755771017
il7r,5,9,proto_ratio,87,0.4461988304093567,0.6439925843295677
il7r,5,10,full,87,0.6719298245614035,0.8074849096058725
il7r,5,10,centroid,87,0.5783625730994152,0.7229915025721769
il7r,5,10,proto_ratio,87,0.5766081871345029,0.7132250615191862
il7r,5,11,full,87,0.6625730994152047,0.8177169866453686
il7r,5,11,centroid,87,0.6321637426900585,0.7559343304210993
il7r,5,11,proto_ratio,87,0.627485380116959,0.7501565302878606
il7r,5,12,full,87,0.5216374269005848,0.6549039298492436
il7r,5,12,centroid,87,0.456140350877193,0.6103702467404521
il7r,5,12,proto_ratio,87,0.4678362573099415,0.6135332336306327
il7r,5,13,full,87,0.5912280701754387,0.7366289965951103
il7r,5,13,centroid,87,0.5035087719298246,0.6440522743088571
il7r,5,13,proto_ratio,87,0.5040935672514619,0.6463914555954069
il7r,5,14,full,87,0.6245614035087719,0.7661288481228798
il7r,5,14,centroid,87,0.5701754385964912,0.6798286630767683
il7r,5,14,proto_ratio,87,0.5695906432748539,0.6796815389373057
il7r,5,15,full,87,0.6596491228070175,0.8155432794092674
il7r,5,15,centroid,87,0.552046783625731,0.7038782561293828
il7r,5,15,proto_ratio,87,0.5526315789473684,0.7050759536579141
il7r,5,16,full,87,0.6900584795321637,0.820197214348461
il7r,5,16,centroid,87,0.6046783625730994,0.7400605052923719
il7r,5,16,proto_ratio,87,0.6005847953216373,0.7356151894485612
il7r,5,17,full,87,0.6824561403508771,0.8209165488516867
il7r,5,17,centroid,87,0.6497076023391813,0.76972189650348
il7r,5,17,proto_ratio,87,0.6491228070175439,0.7683439940677042
il7r,5,18,full,87,0.7058479532163743,0.8259340430451017
il7r,5,18,centroid,87,0.49415204678362573,0.6680315485890789
il7r,5,18,proto_ratio,87,0.49356725146198827,0.6678413586774941
il7r,5,19,full,87,0.5888888888888889,0.7720067847895216
il7r,5,19,centroid,87,0.4128654970760234,0.5893661474150146
il7r,5,19,proto_ratio,87,0.419298245614035,0.5959525592258845
il7r,5,20,full,87,0.57953216374269,0.6672134830097654
il7r,5,20,centroid,87,0.4058479532163743,0.6053140803865692
il7r,5,20,proto_ratio,87,0.408187134502924,0.6059684586511324
il7r,5,21,full,87,0.6947368421052631,0.8349362418114705
il7r,5,21,centroid,87,0.5877192982456141,0.7365761466910943
il7r,5,21,proto_ratio,87,0.5865497076023393,0.7362746071481154
il7r,5,22,full,87,0.6684210526315789,0.7923593672457676
il7r,5,22,centroid,87,0.6198830409356725,0.7498639096959088
il7r,5,22,proto_ratio,87,0.6175438596491228,0.7487503291626001
il7r,5,23,full,87,0.5912280701754385,0.7528257382321233
il7r,5,23,centroid,87,0.5228070175438597,0.6554050608386615
il7r,5,23,proto_ratio,87,0.5222222222222221,0.6552293231141284
il7r,5,24,full,87,0.6304093567251462,0.7832203881098663
il7r,5,24,centroid,87,0.5140350877192982,0.7028197809053438
il7r,5,24,proto_ratio,87,0.5128654970760234,0.7007636114669029
il7r,5,25,full,87,0.7076023391812866,0.829833566672632
il7r,5,25,centroid,87,0.5017543859649123,0.6467876986165435
il7r,5,25,proto_ratio,87,0.4964912280701754,0.644098515516428
il7r,5,26,full,87,0.591812865497076,0.7160167914672972
il7r,5,26,centroid,87,0.395906432748538,0.5974213556763293
il7r,5,26,proto_ratio,87,0.395906432748538,0.5964203224785959
il7r,5,27,full,87,0.6590643274853801,0.8174689508250006
il7r,5,27,centroid,87,0.5941520467836257,0.7184261203068945
il7r,5,27,proto_ratio,87,0.5947368421052631,0.7180390019498986
il7r,5,28,full,87,0.6719298245614035,0.8206297897540507
il7r,5,28,centroid,87,0.5555555555555556,0.7134043326635262
il7r,5,28,proto_ratio,87,0.552046783625731,0.7122535999742459
il7r,5,29,full,87,0.6754385964912281,0.8294351184639299
il7r,5,29,centroid,87,0.6093567251461988,0.7252285153841125
il7r,5,29,proto_ratio,87,0.6087719298245614,0.7249075911222385
il7r,5,30,full,87,0.5508771929824561,0.77501556984368
il7r,5,30,centroid,87,0.44385964912280695,0.664591832674583
il7r,5,30,proto_ratio,87,0.4327485380116959,0.6518509132025516
il7r,5,31,full,87,0.5783625730994152,0.726578303023266
il7r,5,31,centroid,87,0.5216374269005847,0.6600002727006133
il7r,5,31,proto_ratio,87,0.5222222222222221,0.6601661804276775
il7r,5,32,full,87,0.5982456140350877,0.7754478338190114
il7r,5,32,centroid,87,0.5111111111111111,0.6719125269150439
il7r,5,32,proto_ratio,87,0.5111111111111111,0.6720840438700038
il7r,5,33,full,87,0.7502923976608188,0.86063867059494
il7r,5,33,centroid,87,0.6912280701754386,0.7561066777953941
il7r,5,33,proto_ratio,87,0.691812865497076,0.7564318635528343
il7r,5,34,full,87,0.5660818713450292,0.7171555294353444
il7r,5,34,centroid,87,0.44327485380116954,0.6518783733485576
il7r,5,34,proto_ratio,87,0.45146198830409356,0.6547067858000173
il7r,5,35,full,87,0.7116959064327484,0.8576513117493088
il7r,5,35,centroid,87,0.5842105263157894,0.7558111495847248
il7r,5,35,proto_ratio,87,0.5649122807017543,0.716752357853017
il7r,5,36,full,87,0.7526315789473684,0.8684550323214131
il7r,5,36,centroid,87,0.7105263157894737,0.8433902644284117
il7r,5,36,proto_ratio,87,0.7076023391812866,0.8412122645920488
il7r,5,37,full,87,0.4929824561403509,0.6903736839403023
il7r,5,37,centroid,87,0.32923976608187133,0.579507792490461
il7r,5,37,proto_ratio,87,0.33040935672514626,0.5812189833463888
il7r,5,38,full,87,0.5853801169590643,0.7109515436908548
il7r,5,38,centroid,87,0.4625730994152047,0.6237917199258551
il7r,5,38,proto_ratio,87,0.46257309941520464,0.6209430194593661
il7r,5,39,full,87,0.6421052631578947,0.7453504497284997
il7r,5,39,centroid,87,0.5614035087719298,0.6635104514713417
il7r,5,39,proto_ratio,87,0.5602339181286549,0.6635637126467762
il7r,5,40,full,87,0.5204678362573099,0.624502511697581
il7r,5,40,centroid,87,0.49532163742690055,0.6287276972741187
il7r,5,40,proto_ratio,87,0.49298245614035086,0.6277017568798088
il7r,5,41,full,87,0.6584795321637427,0.8127358257450683
il7r,5,41,centroid,87,0.5456140350877193,0.719524319352912
il7r,5,41,proto_ratio,87,0.5415204678362573,0.7110470682986536
il7r,5,42,full,87,0.6941520467836257,0.8359778222074516
il7r,5,42,centroid,87,0.5081871345029241,0.6489439655769018
il7r,5,42,proto_ratio,87,0.4970760233918129,0.624967502783887
il7r,5,43,full,87,0.7181286549707602,0.8448069728650078
il7r,5,43,centroid,87,0.623391812865497,0.734302569924355
il7r,5,43,proto_ratio,87,0.623391812865497,0.734302569924355
il7r,5,44,full,87,0.6549707602339181,0.8145054523818209
il7r,5,44,centroid,87,0.4421052631578947,0.6181145564114245
il7r,5,44,proto_ratio,87,0.43859649122807015,0.6154976749280345
il7r,5,45,full,87,0.7228070175438596,0.8369530331422379
il7r,5,45,centroid,87,0.5736842105263158,0.6981229771499156
il7r,5,45,proto_ratio,87,0.5719298245614035,0.696569569672638
il7r,5,46,full,87,0.6526315789473683,0.7924090460904314
il7r,5,46,centroid,87,0.4339181286549707,0.5892872093177584
il7r,5,46,proto_ratio,87,0.4333333333333333,0.5887877940157116
il7r,5,47,full,87,0.671345029239766,0.8258613034700537
il7r,5,47,centroid,87,0.5111111111111111,0.6789854584727852
il7r,5,47,proto_ratio,87,0.5035087719298246,0.6747940613536199
il7r,5,48,full,87,0.41520467836257313,0.6556241774561573
il7r,5,48,centroid,87,0.335672514619883,0.5640778862058354
il7r,5,48,proto_ratio,87,0.3380116959064327,0.5650780751329852
il7r,5,49,full,87,0.495906432748538,0.6164150122005587
il7r,5,49,centroid,87,0.483625730994152,0.6317803048833426
il7r,5,49,proto_ratio,87,0.4842105263157895,0.6319732606347523
il7r,5,50,full,87,0.5883040935672516,0.7632303163694447
il7r,5,50,centroid,87,0.4678362573099415,0.6641155303335131
il7r,5,50,proto_ratio,87,0.46842105263157896,0.6637063687569726
il7r,5,51,full,87,0.6959064327485379,0.8373253733268322
il7r,5,51,centroid,87,0.5286549707602339,0.6770321413422606
il7r,5,51,proto_ratio,87,0.5245614035087719,0.6712825644349798
il7r,5,52,full,87,0.6070175438596492,0.7642945156691667
il7r,5,52,centroid,87,0.4964912280701754,0.684064911580018
il7r,5,52,proto_ratio,87,0.4970760233918129,0.6837096699037623
il7r,5,53,full,87,0.660233918128655,0.811848086479773
il7r,5,53,centroid,87,0.5573099415204678,0.736265892897777
il7r,5,53,proto_ratio,87,0.5549707602339181,0.7349479815035496
il7r,5,54,full,87,0.6935672514619882,0.8528974908541378
il7r,5,54,centroid,87,0.5766081871345029,0.7082592324120573
il7r,5,54,proto_ratio,87,0.5684210526315788,0.7075428461123479
il7r,5,55,full,87,0.5473684210526316,0.6521748711224669
il7r,5,55,centroid,87,0.5070175438596491,0.6397003411765344
il7r,5,55,proto_ratio,87,0.5087719298245614,0.6433230079616878
il7r,5,56,full,87,0.6011695906432748,0.732898813854604
il7r,5,56,centroid,87,0.5403508771929825,0.6624725020600751
il7r,5,56,proto_ratio,87,0.5409356725146199,0.6648265017248796
il7r,5,57,full,87,0.4076023391812865,0.6247557007283835
il7r,5,57,centroid,87,0.28654970760233917,0.5667045226699096
il7r,5,57,proto_ratio,87,0.2871345029239766,0.5668425993430739
il7r,5,58,full,87,0.6011695906432748,0.750305756676426
il7r,5,58,centroid,87,0.5508771929824562,0.6775333075031886
il7r,5,58,proto_ratio,87,0.5502923976608187,0.6687613776786272
il7r,5,59,full,87,0.6514619883040935,0.795191429384281
il7r,5,59,centroid,87,0.5690058479532163,0.6694403029434197
il7r,5,59,proto_ratio,87,0.5742690058479532,0.6690481208078165
il7r,5,60,full,87,0.5678362573099416,0.6618979962089862
il7r,5,60,centroid,87,0.5157894736842106,0.643885408560088
il7r,5,60,proto_ratio,87,0.5140350877192983,0.6432177696248325
il7r,5,61,full,87,0.6748538011695907,0.8218293721569929
il7r,5,61,centroid,87,0.6286549707602339,0.7453675336243177
il7r,5,61,proto_ratio,87,0.6292397660818713,0.7450480244920791
il7r,5,62,full,87,0.7204678362573099,0.8519968095575869
il7r,5,62,centroid,87,0.5929824561403508,0.7484860026665392
il7r,5,62,proto_ratio,87,0.5654970760233918,0.7257943104106557
il7r,5,63,full,87,0.660233918128655,0.8077228492869077
il7r,5,63,centroid,87,0.48888888888888893,0.6539508909987386
il7r,5,63,proto_ratio,87,0.4847953216374269,0.6528797143768379
il7r,5,64,full,87,0.6742690058479532,0.8309814245453273
il7r,5,64,centroid,87,0.5736842105263157,0.7049896362332718
il7r,5,64,proto_ratio,87,0.5707602339181287,0.7010252884608746
il7r,5,65,full,87,0.6099415204678362,0.7649536149067155
il7r,5,65,centroid,87,0.5473684210526315,0.6822059163589038
il7r,5,65,proto_ratio,87,0.5491228070175439,0.6860743264342757
il7r,5,66,full,87,0.6654970760233917,0.8117696401493377
il7r,5,66,centroid,87,0.5923976608187135,0.7629755263036335
il7r,5,66,proto_ratio,87,0.591812865497076,0.7622710511018456
il7r,5,67,full,87,0.6432748538011697,0.8146037553967511
il7r,5,67,centroid,87,0.6309941520467836,0.8034065024113357
il7r,5,67,proto_ratio,87,0.6239766081871345,0.7994604087912844
il7r,5,68,full,87,0.6187134502923977,0.7503723233225426
il7r,5,68,centroid,87,0.5754385964912281,0.686045472167298
il7r,5,68,proto_ratio,87,0.5760233918128655,0.6863421970662261
il7r,5,69,full,87,0.6444444444444444,0.7921161323228445
il7r,5,69,centroid,87,0.5690058479532164,0.7301753993323907
il7r,5,69,proto_ratio,87,0.567251461988304,0.7315255342553586
il7r,5,70,full,87,0.6947368421052632,0.8294496103874851
il7r,5,70,centroid,87,0.5555555555555556,0.7087644523795582
il7r,5,70,proto_ratio,87,0.5409356725146199,0.6920349442909339
il7r,5,71,full,87,0.6035087719298244,0.7230610046329893
il7r,5,71,centroid,87,0.4649122807017544,0.5954353247718625
il7r,5,71,proto_ratio,87,0.45906432748538006,0.5934433024464119
il7r,5,72,full,87,0.5385964912280702,0.6732436548757783
il7r,5,72,centroid,87,0.47134502923976607,0.6302070955815953
il7r,5,72,proto_ratio,87,0.47309941520467835,0.6317173269142453
il7r,5,73,full,87,0.7368421052631577,0.8547670357677926
il7r,5,73,centroid,87,0.5134502923976608,0.6634174752541873
il7r,5,73,proto_ratio,87,0.5023391812865498,0.6457642656696063
il7r,5,74,full,87,0.6269005847953216,0.789403668780438
il7r,5,74,centroid,87,0.5403508771929824,0.6948889604474331
il7r,5,74,proto_ratio,87,0.5321637426900585,0.6719235486662318
il7r,5,75,full,87,0.7263157894736841,0.8655204876405636
il7r,5,75,centroid,87,0.6269005847953216,0.7478037488315248
il7r,5,75,proto_ratio,87,0.6269005847953216,0.7478037488315248
il7r,5,76,full,87,0.6883040935672515,0.8340144856580625
il7r,5,76,centroid,87,0.6070175438596491,0.7427601503021117
il7r,5,76,proto_ratio,87,0.6070175438596491,0.7412722863213272
il7r,5,77,full,87,0.6280701754385966,0.7765002636785963
il7r,5,77,centroid,87,0.552046783625731,0.6928376548891928
il7r,5,77,proto_ratio,87,0.5514619883040935,0.6934102796737702
il7r,5,78,full,87,0.6953216374269006,0.8346507695109802
il7r,5,78,centroid,87,0.619298245614035,0.7467573807475163
il7r,5,78,proto_ratio,87,0.6187134502923975,0.746119777614046
il7r,5,79,full,87,0.6385964912280702,0.8053372542833297
il7r,5,79,centroid,87,0.6356725146198831,0.7601498660515252
il7r,5,79,proto_ratio,87,0.6356725146198831,0.7596808818511337
il7r,5,80,full,87,0.6719298245614035,0.8161358562055914
il7r,5,80,centroid,87,0.464327485380117,0.5996966030092201
il7r,5,80,proto_ratio,87,0.46491228070175444,0.5997401122978039
il7r,5,81,full,87,0.6385964912280702,0.8148895447781346
il7r,5,81,centroid,87,0.4941520467836257,0.6826853768241563
il7r,5,81,proto_ratio,87,0.4830409356725146,0.6647080550364366
il7r,5,82,full,87,0.6152046783625731,0.7799603241015831
il7r,5,82,centroid,87,0.5555555555555556,0.7102673930605174
il7r,5,82,proto_ratio,87,0.543859649122807,0.6910874127098994
il7r,5,83,full,87,0.5847953216374269,0.6846391800599738
il7r,5,83,centroid,87,0.5409356725146198,0.6583219228257131
il7r,5,83,proto_ratio,87,0.5421052631578948,0.6606229150088936
il7r,5,84,full,87,0.6906432748538012,0.8472326533511192
il7r,5,84,centroid,87,0.6093567251461988,0.7482299261699787
il7r,5,84,proto_ratio,87,0.6081871345029239,0.747842811202382
il7r,5,85,full,87,0.5526315789473684,0.7515541582383023
il7r,5,85,centroid,87,0.5380116959064327,0.710329477617478
il7r,5,85,proto_ratio,87,0.5374269005847954,0.7096022454932494
il7r,5,86,full,87,0.5859649122807017,0.7538418100388247
il7r,5,86,centroid,87,0.4947368421052632,0.6460458692789794
il7r,5,86,proto_ratio,87,0.491812865497076,0.6393336345490117
il7r,5,87,full,87,0.6245614035087719,0.8056783350266328
il7r,5,87,centroid,87,0.6216374269005848,0.7811811645551336
il7r,5,87,proto_ratio,87,0.6175438596491228,0.78031194859647
il7r,5,88,full,87,0.6929824561403509,0.8355887629332472
il7r,5,88,centroid,87,0.6555555555555556,0.8084306162069372
il7r,5,88,proto_ratio,87,0.6543859649122806,0.8079086636453328
il7r,5,89,full,87,0.7403508771929824,0.8672388822657908
il7r,5,89,centroid,87,0.635672514619883,0.7528810346706672
il7r,5,89,proto_ratio,87,0.6362573099415204,0.7531263994783338
il7r,5,90,full,87,0.6403508771929824,0.7988392870181764
il7r,5,90,centroid,87,0.5421052631578946,0.6767234972174323
il7r,5,90,proto_ratio,87,0.5444444444444445,0.6676787963678115
il7r,5,91,full,87,0.5339181286549708,0.7085140298914119
il7r,5,91,centroid,87,0.4742690058479531,0.634756864306292
il7r,5,91,proto_ratio,87,0.47368421052631576,0.6343391533622652
il7r,5,92,full,87,0.6847953216374268,0.8254069628049034
il7r,5,92,centroid,87,0.6502923976608187,0.747705496585539
il7r,5,92,proto_ratio,87,0.6497076023391813,0.7475655049322112
il7r,5,93,full,87,0.7035087719298245,0.8489588640205323
il7r,5,93,centroid,87,0.6415204678362572,0.7553644935953536
il7r,5,93,proto_ratio,87,0.6257309941520468,0.7489657811942758
il7r,5,94,full,87,0.6339181286549708,0.7753511672452713
il7r,5,94,centroid,87,0.5023391812865496,0.6709880836213387
il7r,5,94,proto_ratio,87,0.4994152046783626,0.667808967012095
il7r,5,95,full,87,0.7058479532163744,0.8450492560301552
il7r,5,95,centroid,87,0.639766081871345,0.7864891966282217
il7r,5,95,proto_ratio,87,0.639766081871345,0.7857626329442884
il7r,5,96,full,87,0.6263157894736842,0.7783032760189241
il7r,5,96,centroid,87,0.4707602339181286,0.6547719791332967
il7r,5,96,proto_ratio,87,0.47076023391812866,0.6511470410917197
il7r,5,97,full,87,0.643859649122807,0.7968936706850593
il7r,5,97,centroid,87,0.3713450292397661,0.5705270072708584
il7r,5,97,proto_ratio,87,0.3666666666666667,0.5690793190440802
il7r,5,98,full,87,0.7111111111111111,0.8556075293735528
il7r,5,98,centroid,87,0.5608187134502924,0.6776921246327876
il7r,5,98,proto_ratio,87,0.5573099415204679,0.6753897645520444
il7r,5,99,full,87,0.704093567251462,0.8489328096167414
il7r,5,99,centroid,87,0.6707602339181287,0.7889542188225265
il7r,5,99,proto_ratio,87,0.6707602339181287,0.7884841137610543
il7r,10,0,full,77,0.6576923076923077,0.8257057323064875
il7r,10,0,centroid,77,0.5923076923076923,0.7817549678179601
il7r,10,0,proto_ratio,77,0.59,0.780982713912119
il7r,10,1,full,77,0.6815384615384616,0.8398119939763412
il7r,10,1,centroid,77,0.5846153846153845,0.6983452181540175
il7r,10,1,proto_ratio,77,0.5823076923076924,0.6965049595002317
il7r,10,2,full,77,0.7376923076923076,0.8577962585530639
il7r,10,2,centroid,77,0.6169230769230769,0.7386224348050842
il7r,10,2,proto_ratio,77,0.6146153846153847,0.736644429446861
il7r,10,3,full,77,0.7192307692307691,0.8582055338903439
il7r,10,3,centroid,77,0.653846153846154,0.7712781443418764
il7r,10,3,proto_ratio,77,0.653846153846154,0.7722846133773602
il7r,10,4,full,77,0.6799999999999999,0.8348640724472206
il7r,10,4,centroid,77,0.5776923076923077,0.6982219422469786
il7r,10,4,proto_ratio,77,0.576923076923077,0.69803900113938
il7r,10,5,full,77,0.7184615384615384,0.8634525834672703
il7r,10,5,centroid,77,0.6661538461538461,0.7693749512422441
il7r,10,5,proto_ratio,77,0.6630769230769231,0.7656075600199592
il7r,10,6,full,77,0.6361538461538462,0.7939141955265728
il7r,10,6,centroid,77,0.5184615384615385,0.6732632459478949
il7r,10,6,proto_ratio,77,0.5176923076923077,0.672962158146807
il7r,10,7,full,77,0.6207692307692306,0.8093739364136997
il7r,10,7,centroid,77,0.5469230769230768,0.6951717417762849
il7r,10,7,proto_ratio,77,0.5384615384615384,0.6687398403443835
il7r,10,8,full,77,0.6061538461538463,0.7935724416911304
il7r,10,8,centroid,77,0.5346153846153846,0.7392468004057969
il7r,10,8,proto_ratio,77,0.5361538461538462,0.7434562886233824
il7r,10,9,full,77,0.6584615384615384,0.7905044602492207
il7r,10,9,centroid,77,0.5546153846153846,0.6920069620146733
il7r,10,9,proto_ratio,77,0.5553846153846154,0.6926982641765637
il7r,10,10,full,77,0.6838461538461538,0.8381060458769471
il7r,10,10,centroid,77,0.5007692307692307,0.6419405640217049
il7r,10,10,proto_ratio,77,0.5015384615384615,0.6406779377590786
il7r,10,11,full,77,0.7392307692307691,0.8613884133250368
il7r,10,11,centroid,77,0.5599999999999999,0.6632518577648574
il7r,10,11,proto_ratio,77,0.563076923076923,0.6695018577648573
il7r,10,12,full,77,0.5992307692307692,0.7722461609871172
il7r,10,12,centroid,77,0.5176923076923077,0.7098717076436905
il7r,10,12,proto_ratio,77,0.5153846153846153,0.7092302010410494
il7r,10,13,full,77,0.7184615384615385,0.8543449206774786
il7r,10,13,centroid,77,0.5815384615384614,0.7326027780807522
il7r,10,13,proto_ratio,77,0.5815384615384616,0.739637236693763
il7r,10,14,full,77,0.71,0.8583704470129653
il7r,10,14,centroid,77,0.5861538461538461,0.7813689084677283
il7r,10,14,proto_ratio,77,0.5853846153846154,0.7807387503271933
il7r,10,15,full,77,0.67,0.8250028409809133
il7r,10,15,centroid,77,0.6007692307692307,0.7298759987964546
il7r,10,15,proto_ratio,77,0.6000000000000001,0.7294656694387568
il7r,10,16,full,77,0.7153846153846154,0.8520474083151415
il7r,10,16,centroid,77,0.6630769230769231,0.7853712214265036
il7r,10,16,proto_ratio,77,0.6623076923076923,0.784779141093044
il7r,10,17,full,77,0.6923076923076923,0.8423441162183544
il7r,10,17,centroid,77,0.6361538461538462,0.7796777627202678
il7r,10,17,proto_ratio,77,0.6346153846153846,0.7789550520601456
il7r,10,18,full,77,0.7015384615384614,0.8493070534184372
il7r,10,18,centroid,77,0.6307692307692307,0.7664064508045739
il7r,10,18,proto_ratio,77,0.6307692307692307,0.7664064508045739
il7r,10,19,full,77,0.6884615384615385,0.8589426022579871
il7r,10,19,centroid,77,0.5376923076923077,0.7069429391436602
il7r,10,19,proto_ratio,77,0.5092307692307693,0.6552652291629899
il7r,10,20,full,77,0.7730769230769231,0.8866588291225855
il7r,10,20,centroid,77,0.6269230769230769,0.7263932507390192
il7r,10,20,proto_ratio,77,0.6261538461538461,0.7106120686442776
il7r,10,21,full,77,0.6338461538461538,0.7927182202962729
il7r,10,21,centroid,77,0.46307692307692305,0.6387948903430317
il7r,10,21,proto_ratio,77,0.4615384615384615,0.637592364798401
il7r,10,22,full,77,0.6823076923076923,0.8320339068846553
il7r,10,22,centroid,77,0.52,0.6652240541719113
il7r,10,22,proto_ratio,77,0.5207692307692308,0.6668266182744754
il7r,10,23,full,77,0.5415384615384615,0.6926419942124061
il7r,10,23,centroid,77,0.493076923076923,0.6588329303093498
il7r,10,23,proto_ratio,77,0.493076923076923,0.6588329303093498
il7r,10,24,full,77,0.5961538461538461,0.7598246539461421
il7r,10,24,centroid,77,0.5315384615384615,0.6789166363025332
il7r,10,24,proto_ratio,77,0.5307692307692308,0.6787280993492903
il7r,10,25,full,77,0.69,0.8463921548266318
il7r,10,25,centroid,77,0.44384615384615383,0.6263694784156947
il7r,10,25,proto_ratio,77,0.4392307692307692,0.6239786986701542
il7r,10,26,full,77,0.6653846153846154,0.8190946675691563
il7r,10,26,centroid,77,0.5292307692307692,0.6740548437477547
il7r,10,26,proto_ratio,77,0.5284615384615384,0.6738375730376955
il7r,10,27,full,77,0.6253846153846154,0.8025014918796564
il7r,10,27,centroid,77,0.6330769230769231,0.7864528256056479
il7r,10,27,proto_ratio,77,0.6330769230769231,0.7869311395306157
il7r,10,28,full,77,0.7546153846153846,0.8798847726396112
il7r,10,28,centroid,77,0.6584615384615385,0.7481589061257816
il7r,10,28,proto_ratio,77,0.6569230769230769,0.7469697197253276
il7r,10,29,full,77,0.7369230769230769,0.8731978028882511
il7r,10,29,centroid,77,0.6900000000000001,0.8251162913382247
il7r,10,29,proto_ratio,77,0.6892307692307692,0.8249331411550745
il7r,10,30,full,77,0.5784615384615385,0.7551446528127308
il7r,10,30,centroid,77,0.4738461538461539,0.6573109990788739
il7r,10,30,proto_ratio,77,0.47615384615384615,0.6578529406332729
il7r,10,31,full,77,0.6761538461538461,0.8389546070825954
il7r,10,31,centroid,77,0.5261538461538462,0.7140226215391277
il7r,10,31,proto_ratio,77,0.5269230769230769,0.714163700793635
il7r,10,32,full,77,0.6753846153846154,0.8243708666984831
il7r,10,32,centroid,77,0.5169230769230769,0.6534748947665396
il7r,10,32,proto_ratio,77,0.5223076923076924,0.6736147079894458
il7r,10,33,full,77,0.7207692307692307,0.8620014336166216
il7r,10,33,centroid,77,0.6100000000000001,0.7154573887944563
il7r,10,33,proto_ratio,77,0.6092307692307692,0.7152264726093307
il7r,10,34,full,77,0.7423076923076924,0.8730867596442391
il7r,10,34,centroid,77,0.6476923076923077,0.7621340723491475
il7r,10,34,proto_ratio,77,0.6476923076923077,0.7621340723491475
il7r,10,35,full,77,0.6692307692307692,0.8174187775214141
il7r,10,35,centroid,77,0.6307692307692307,0.7861840408551496
il7r,10,35,proto_ratio,77,0.6292307692307693,0.784390962138994
il7r,10,36,full,77,0.7007692307692308,0.8544515980395954
il7r,10,36,centroid,77,0.6576923076923077,0.8174293691655942
il7r,10,36,proto_ratio,77,0.6523076923076924,0.8133764756473257
il7r,10,37,full,77,0.64,0.8111232775070859
il7r,10,37,centroid,77,0.47692307692307695,0.6462943659508227
il7r,10,37,proto_ratio,77,0.47538461538461535,0.6446162808811362
il7r,10,38,full,77,0.7176923076923076,0.8208404716103328
il7r,10,38,centroid,77,0.5030769230769231,0.6641424479247967
il7r,10,38,proto_ratio,77,0.48615384615384616,0.6580316171316446
il7r,10,39,full,77,0.7015384615384616,0.8367603513304869
il7r,10,39,centroid,77,0.6553846153846155,0.7830870745642065
il7r,10,39,proto_ratio,77,0.6553846153846155,0.7830870745642065
il7r,10,40,full,77,0.5438461538461539,0.6695375647190764
il7r,10,40,centroid,77,0.47923076923076924,0.6408089698187329
il7r,10,40,proto_ratio,77,0.48000000000000004,0.6411879012321471
il7r,10,41,full,77,0.6523076923076924,0.8270669082993417
il7r,10,41,centroid,77,0.6246153846153847,0.8033866289051281
il7r,10,41,proto_ratio,77,0.6253846153846154,0.8041992067842383
il7r,10,42,full,77,0.6753846153846154,0.8274579624468266
il7r,10,42,centroid,77,0.6169230769230769,0.7715201293260381
il7r,10,42,proto_ratio,77,0.6169230769230769,0.7715201293260381
il7r,10,43,full,77,0.6846153846153847,0.8330969942766695
il7r,10,43,centroid,77,0.5646153846153846,0.7097923899885884
il7r,10,43,proto_ratio,77,0.5638461538461539,0.708742706702063
il7r,10,44,full,77,0.666923076923077,0.827958159732667
il7r,10,44,centroid,77,0.5646153846153846,0.7090425155373138
il7r,10,44,proto_ratio,77,0.5653846153846154,0.7095750599160121
il7r,10,45,full,77,0.6930769230769231,0.8420535865747651
il7r,10,45,centroid,77,0.6176923076923077,0.7619784499725599
il7r,10,45,proto_ratio,77,0.6192307692307693,0.7622978443051853
il7r,10,46,full,77,0.6692307692307692,0.8273332166619397
il7r,10,46,centroid,77,0.4146153846153846,0.5998502438964117
il7r,10,46,proto_ratio,77,0.41230769230769226,0.5987544157192727
il7r,10,47,full,77,0.6607692307692308,0.8288420172496554
il7r,10,47,centroid,77,0.4553846153846154,0.6517351025148032
il7r,10,47,proto_ratio,77,0.4492307692307692,0.644344913835504
il7r,10,48,full,77,0.6138461538461538,0.8017923852464316
il7r,10,48,centroid,77,0.4176923076923077,0.6383436095882988
il7r,10,48,proto_ratio,77,0.41538461538461535,0.6318093466986618
il7r,10,49,full,77,0.6984615384615385,0.8437079267573153
il7r,10,49,centroid,77,0.5253846153846153,0.6777893433396558
il7r,10,49,proto_ratio,77,0.5215384615384615,0.6644119340867404
il7r,10,50,full,77,0.5961538461538461,0.7847720244435884
il7r,10,50,centroid,77,0.5123076923076922,0.7229398336615315
il7r,10,50,proto_ratio,77,0.5138461538461538,0.7231493954131553
il7r,10,51,full,77,0.7076923076923076,0.8591417167066506
il7r,10,51,centroid,77,0.6069230769230769,0.7403669486523925
il7r,10,51,proto_ratio,77,0.6069230769230769,0.7405124410379398
il7r,10,52,full,77,0.5861538461538461,0.7951300146897141
il7r,10,52,centroid,77,0.556923076923077,0.7567984342871882
il7r,10,52,proto_ratio,77,0.5561538461538461,0.7562860671476864
il7r,10,53,full,77,0.7015384615384616,0.8539510671055416
il7r,10,53,centroid,77,0.6215384615384616,0.7675258881891249
il7r,10,53,proto_ratio,77,0.6207692307692307,0.7673427380059747
il7r,10,54,full,77,0.7115384615384615,0.8560678089824351
il7r,10,54,centroid,77,0.6684615384615384,0.8171515374621315
il7r,10,54,proto_ratio,77,0.6684615384615384,0.816329747785214
il7r,10,55,full,77,0.5353846153846153,0.6818319049131074
il7r,10,55,centroid,77,0.48846153846153845,0.644222678957669
il7r,10,55,proto_ratio,77,0.48846153846153845,0.644222678957669
il7r,10,56,full,77,0.6346153846153846,0.7832440667046486
il7r,10,56,centroid,77,0.5284615384615385,0.680944333184772
il7r,10,56,proto_ratio,77,0.5292307692307693,0.681159759834625
il7r,10,57,full,77,0.48923076923076925,0.6561410589591942
il7r,10,57,centroid,77,0.3838461538461539,0.5838340757691496
il7r,10,57,proto_ratio,77,0.39384615384615385,0.586595822454206
il7r,10,58,full,77,0.6223076923076923,0.7917846627411509
il7r,10,58,centroid,77,0.5738461538461539,0.7024103297522202
il7r,10,58,proto_ratio,77,0.5753846153846154,0.7113312699231605
il7r,10,59,full,77,0.7569230769230768,0.8781083717045871
il7r,10,59,centroid,77,0.5846153846153845,0.7399967725811981
il7r,10,59,proto_ratio,77,0.5669230769230769,0.7244554254725782
il7r,10,60,full,77,0.546923076923077,0.6753717349032152
il7r,10,60,centroid,77,0.5130769230769231,0.6536884473214231
il7r,10,60,proto_ratio,77,0.5115384615384615,0.6531225094433899
il7r,10,61,full,77,0.6438461538461538,0.8130293054576199
il7r,10,61,centroid,77,0.553076923076923,0.7186448062672034
il7r,10,61,proto_ratio,77,0.5507692307692308,0.7169503377538543
il7r,10,62,full,77,0.7107692307692308,0.8482806639297497
il7r,10,62,centroid,77,0.6638461538461538,0.817152076325947
il7r,10,62,proto_ratio,77,0.6638461538461538,0.8176174785036779
il7r,10,63,full,77,0.6969230769230769,0.8391756310544203
il7r,10,63,centroid,77,0.5676923076923077,0.707275948291795
il7r,10,63,proto_ratio,77,0.566923076923077,0.7071279823168384
il7r,10,64,full,77,0.6415384615384616,0.8237966280305723
il7r,10,64,centroid,77,0.6146153846153846,0.788798784601
il7r,10,64,proto_ratio,77,0.6123076923076922,0.7866734611521472
il7r,10,65,full,77,0.7184615384615385,0.8625085892889682
il7r,10,65,centroid,77,0.6338461538461538,0.756834806861827
il7r,10,65,proto_ratio,77,0.6338461538461538,0.756834806861827
il7r,10,66,full,77,0.6499999999999999,0.8160232851042624
il7r,10,66,centroid,77,0.42846153846153845,0.6088696671350581
il7r,10,66,proto_ratio,77,0.4292307692307692,0.6098579092988573
il7r,10,67,full,77,0.6407692307692308,0.8084726609305589
il7r,10,67,centroid,77,0.6353846153846154,0.822510497277105
il7r,10,67,proto_ratio,77,0.6361538461538462,0.8232810487285743
il7r,10,68,full,77,0.7107692307692307,0.8201538852633622
il7r,10,68,centroid,77,0.5438461538461539,0.7001614432857227
il7r,10,68,proto_ratio,77,0.5438461538461539,0.6996577802820597
il7r,10,69,full,77,0.7176923076923077,0.8679558107943632
il7r,10,69,centroid,77,0.6584615384615384,0.7823218558208982
il7r,10,69,proto_ratio,77,0.66,0.7843687672428095
il7r,10,70,full,77,0.7084615384615385,0.8577752914907669
il7r,10,70,centroid,77,0.6515384615384616,0.7775929575392259
il7r,10,70,proto_ratio,77,0.65,0.7753528899145429
il7r,10,71,full,77,0.6961538461538461,0.8422722077635274
il7r,10,71,centroid,77,0.5976923076923077,0.735490345454318
il7r,10,71,proto_ratio,77,0.5892307692307692,0.727551294170641
il7r,10,72,full,77,0.6484615384615384,0.8114851688167369
il7r,10,72,centroid,77,0.49923076923076914,0.6759854822998912
il7r,10,72,proto_ratio,77,0.4923076923076922,0.6673049980310027
il7r,10,73,full,77,0.6761538461538461,0.8311833649362889
il7r,10,73,centroid,77,0.6753846153846154,0.8023996322381254
il7r,10,73,proto_ratio,77,0.6723076923076923,0.8006490942589076
il7r,10,74,full,77,0.6030769230769231,0.7813212480139357
il7r,10,74,centroid,77,0.4961538461538461,0.6612063459126316
il7r,10,74,proto_ratio,77,0.49461538461538457,0.6607644535205637
il7r,10,75,full,77,0.7576923076923078,0.8817589315477906
il7r,10,75,centroid,77,0.6923076923076923,0.7958530022130346
il7r,10,75,proto_ratio,77,0.6923076923076923,0.7958530022130346
il7r,10,76,full,77,0.6607692307692308,0.8209250767455677
il7r,10,76,centroid,77,0.6376923076923077,0.7826928245143807
il7r,10,76,proto_ratio,77,0.6361538461538462,0.7815543226611616
il7r,10,77,full,77,0.6607692307692308,0.8178208294981412
il7r,10,77,centroid,77,0.7092307692307692,0.8635942957433438
il7r,10,77,proto_ratio,77,0.7084615384615385,0.8626972861404275
il7r,10,78,full,77,0.7446153846153847,0.8828438898902672
il7r,10,78,centroid,77,0.6761538461538461,0.7884509024630878
il7r,10,78,proto_ratio,77,0.6753846153846155,0.7880888614033724
il7r,10,79,full,77,0.5684615384615385,0.7732050904955607
il7r,10,79,centroid,77,0.43846153846153846,0.626369443523023
il7r,10,79,proto_ratio,77,0.43923076923076926,0.6295745717281512
il7r,10,80,full,77,0.6607692307692308,0.8307783491286009
il7r,10,80,centroid,77,0.48307692307692307,0.6644357634461948
il7r,10,80,proto_ratio,77,0.4776923076923077,0.6663827627299278
il7r,10,81,full,77,0.6461538461538462,0.8145904879665965
il7r,10,81,centroid,77,0.4507692307692308,0.6768779636931073
il7r,10,81,proto_ratio,77,0.44846153846153847,0.6755269998421434
il7r,10,82,full,77,0.6646153846153846,0.8233470618870612
il7r,10,82,centroid,77,0.6184615384615384,0.7332585730083796
il7r,10,82,proto_ratio,77,0.6161538461538462,0.7307854256727176
il7r,10,83,full,77,0.6884615384615385,0.8369629434831879
il7r,10,83,centroid,77,0.6746153846153846,0.8029239139343767
il7r,10,83,proto_ratio,77,0.6761538461538461,0.8071254500878889
il7r,10,84,full,77,0.7138461538461539,0.8498245996376405
il7r,10,84,centroid,77,0.6499999999999999,0.7860151287860943
il7r,10,84,proto_ratio,77,0.6492307692307693,0.7858345581829884
il7r,10,85,full,77,0.6407692307692309,0.8289056249453977
il7r,10,85,centroid,77,0.6223076923076923,0.7762535958770582
il7r,10,85,proto_ratio,77,0.6223076923076923,0.7762535958770582
il7r,10,86,full,77,0.6561538461538461,0.8360932038230601
il7r,10,86,centroid,77,0.5507692307692308,0.7293155457590492
il7r,10,86,proto_ratio,77,0.5323076923076924,0.7123581775285873
il7r,10,87,full,77,0.7246153846153847,0.8689501491726389
il7r,10,87,centroid,77,0.6392307692307693,0.8001477005486316
il7r,10,87,proto_ratio,77,0.6261538461538462,0.7943424070200021
il7r,10,88,full,77,0.6969230769230769,0.8374475754729541
il7r,10,88,centroid,77,0.6115384615384616,0.7851468982360211
il7r,10,88,proto_ratio,77,0.6107692307692307,0.78404799713712
il7r,10,89,full,77,0.6530769230769231,0.8096409528067469
il7r,10,89,centroid,77,0.5846153846153845,0.7743868738534445
il7r,10,89,proto_ratio,77,0.5846153846153845,0.775415257234769
il7r,10,90,full,77,0.5569230769230769,0.7020425376200065
il7r,10,90,centroid,77,0.5315384615384615,0.6704149488870099
il7r,10,90,proto_ratio,77,0.53,0.6698511898502844
il7r,10,91,full,77,0.6576923076923076,0.8221442011535481
il7r,10,91,centroid,77,0.6015384615384616,0.7727979682812965
il7r,10,91,proto_ratio,77,0.6023076923076923,0.7732984264769894
il7r,10,92,full,77,0.6653846153846154,0.8241884969730829
il7r,10,92,centroid,77,0.6561538461538461,0.7861037585202582
il7r,10,92,proto_ratio,77,0.6553846153846153,0.783639747715793
il7r,10,93,full,77,0.666923076923077,0.8218433466335232
il7r,10,93,centroid,77,0.5853846153846154,0.7400034936371436
il7r,10,93,proto_ratio,77,0.5838461538461539,0.7385640289623847
il7r,10,94,full,77,0.6138461538461538,0.7899172267925904
il7r,10,94,centroid,77,0.52,0.7366200345501853
il7r,10,94,proto_ratio,77,0.5161538461538462,0.7346080341070834
il7r,10,95,full,77,0.6461538461538462,0.8273431025191127
il7r,10,95,centroid,77,0.5707692307692309,0.7884520404742478
il7r,10,95,proto_ratio,77,0.5684615384615385,0.7871807290075125
il7r,10,96,full,77,0.7115384615384616,0.8418688538550322
il7r,10,96,centroid,77,0.6446153846153846,0.7774605704938591
il7r,10,96,proto_ratio,77,0.6476923076923077,0.7783805606791545
il7r,10,97,full,77,0.6469230769230769,0.8221629691494216
il7r,10,97,centroid,77,0.38461538461538464,0.6114575438104168
il7r,10,97,proto_ratio,77,0.38076923076923075,0.6096480989355431
il7r,10,98,full,77,0.6507692307692309,0.8226388365702838
il7r,10,98,centroid,77,0.5007692307692307,0.6675853659262498
il7r,10,98,proto_ratio,77,0.49153846153846154,0.6568110041696797
il7r,10,99,full,77,0.6853846153846154,0.8381535326788982
il7r,10,99,centroid,77,0.6007692307692307,0.7453857676393562
il7r,10,99,proto_ratio,77,0.6015384615384616,0.7457375500033337
nipah-glycoprotein-g,0,0,full,1030,0.44976487468711046,0.08686546764306075
nipah-glycoprotein-g,1,0,full,1028,0.5855778596535807,0.3156676901403311
nipah-glycoprotein-g,1,0,centroid,1028,0.5953288442806929,0.30491024070965034
nipah-glycoprotein-g,1,0,proto_ratio,1028,0.5979756913564563,0.24716623531082116
nipah-glycoprotein-g,1,1,full,1028,0.4938804895608352,0.15635484907149
nipah-glycoprotein-g,1,1,centroid,1028,0.48762334307373056,0.1683789606586912
nipah-glycoprotein-g,1,1,proto_ratio,1028,0.49094778300088937,0.16570119687288354
nipah-glycoprotein-g,1,2,full,1028,0.47521492398255205,0.10633085064005907
nipah-glycoprotein-g,1,2,centroid,1028,0.4883538728666412,0.09830760254555249
nipah-glycoprotein-g,1,2,proto_ratio,1028,0.4914136280862237,0.09803949642891396
nipah-glycoprotein-g,1,3,full,1028,0.49539448608817177,0.1514599959753779
nipah-glycoprotein-g,1,3,centroid,1028,0.49975649006902984,0.17136735047489865
nipah-glycoprotein-g,1,3,proto_ratio,1028,0.5029009443950366,0.1686642718998227
nipah-glycoprotein-g,1,4,full,1028,0.5773196967771989,0.12539939360509592
nipah-glycoprotein-g,1,4,centroid,1028,0.4595350019057299,0.10630867970990157
nipah-glycoprotein-g,1,4,proto_ratio,1028,0.46039258035827724,0.1046147474715848
nipah-glycoprotein-g,1,5,full,1028,0.4925464786346504,0.1511131262071911
nipah-glycoprotein-g,1,5,centroid,1028,0.5474420869859823,0.17384026135310465
nipah-glycoprotein-g,1,5,proto_ratio,1028,0.542624825308093,0.17195436001269326
nipah-glycoprotein-g,1,6,full,1028,0.4863422690890611,0.1470079338257413
nipah-glycoprotein-g,1,6,centroid,1028,0.4847012239020878,0.16976254853776268
nipah-glycoprotein-g,1,6,proto_ratio,1028,0.49362639224156185,0.16829123505306032
nipah-glycoprotein-g,1,7,full,1028,0.5980815652394866,0.32579644594048307
nipah-glycoprotein-g,1,7,centroid,1028,0.5999449455808241,0.3329718647129339
nipah-glycoprotein-g,1,7,proto_ratio,1028,0.6027294287045273,0.3250113612035388
nipah-glycoprotein-g,1,8,full,1028,0.6831618176428239,0.16287086000961543
nipah-glycoprotein-g,1,8,centroid,1028,0.538675729471054,0.22387348823552622
nipah-glycoprotein-g,1,8,proto_ratio,1028,0.5397027061364502,0.2174480127857945
nipah-glycoprotein-g,1,9,full,1028,0.49214415787913435,0.14961833151403814
nipah-glycoprotein-g,1,9,centroid,1028,0.5338690551814679,0.18008375364378132
nipah-glycoprotein-g,1,9,proto_ratio,1028,0.5288188709609113,0.17680323174802204
nipah-glycoprotein-g,1,10,full,1028,0.4762207258713421,0.10353316188050281
nipah-glycoprotein-g,1,10,centroid,1028,0.4953415491466565,0.16064388957819192
nipah-glycoprotein-g,1,10,proto_ratio,1028,0.49590268072671834,0.1598538655196262
nipah-glycoprotein-g,1,11,full,1028,0.4892432134840977,0.1516764476426178
nipah-glycoprotein-g,1,11,centroid,1028,0.5175538898064626,0.17190966935222807
nipah-glycoprotein-g,1,11,proto_ratio,1028,0.5225511370855038,0.17007107932760823
nipah-glycoprotein-g,1,12,full,1028,0.5619044594079533,0.13449315952958865
nipah-glycoprotein-g,1,12,centroid,1028,0.5122284334900267,0.14104979686753621
nipah-glycoprotein-g,1,12,proto_ratio,1028,0.5052725193749206,0.13915082668282858
nipah-glycoprotein-g,1,13,full,1028,0.6708804472112819,0.27582964753887873
nipah-glycoprotein-g,1,13,centroid,1028,0.7131770634819803,0.27477167171826583
nipah-glycoprotein-g,1,13,proto_ratio,1028,0.7427794011773176,0.27904903120167507
nipah-glycoprotein-g,1,14,full,1028,0.4984754160843603,0.15857187550825508
nipah-glycoprotein-g,1,14,centroid,1028,0.5390886376148731,0.17720661960198178
nipah-glycoprotein-g,1,14,proto_ratio,1028,0.533487909202558,0.17407578165445037
nipah-glycoprotein-g,1,15,full,1028,0.5915173844915936,0.20236726891383194
nipah-glycoprotein-g,1,15,centroid,1028,0.5202324990471351,0.10583652184290235
nipah-glycoprotein-g,1,15,proto_ratio,1028,0.5129483758946343,0.1033038251790144
nipah-glycoprotein-g,1,16,full,1028,0.4963897005886587,0.13956354486781972
nipah-glycoprotein-g,1,16,centroid,1028,0.4713717020285436,0.1634082158465086
nipah-glycoprotein-g,1,16,proto_ratio,1028,0.4797145640113497,0.16301209917010623
nipah-glycoprotein-g,1,17,full,1028,0.5208359801804091,0.15701435776790063
nipah-glycoprotein-g,1,17,centroid,1028,0.5610045314021938,0.21354472374527622
nipah-glycoprotein-g,1,17,proto_ratio,1028,0.5588341168000679,0.2087025030000213
nipah-glycoprotein-g,1,18,full,1028,0.6115910727141829,0.1342234994085475
nipah-glycoprotein-g,1,18,centroid,1028,0.4790581459365604,0.09458664585598967
nipah-glycoprotein-g,1,18,proto_ratio,1028,0.4902490153728878,0.10914064410366053
nipah-glycoprotein-g,1,19,full,1028,0.5319739126752212,0.12693659104722257
nipah-glycoprotein-g,1,19,centroid,1028,0.4476241900647948,0.08413187997224233
nipah-glycoprotein-g,1,19,proto_ratio,1028,0.46120780925761234,0.08665969657273694
nipah-glycoprotein-g,1,20,full,1028,0.5085016728073519,0.1618150679201481
nipah-glycoprotein-g,1,20,centroid,1028,0.5532757379409647,0.17314329122902955
nipah-glycoprotein-g,1,20,proto_ratio,1028,0.5413543387117266,0.17066568182880834
nipah-glycoprotein-g,1,21,full,1028,0.5082581628763816,0.17719139254359456
nipah-glycoprotein-g,1,21,centroid,1028,0.5635455045949265,0.17701307650484574
nipah-glycoprotein-g,1,21,proto_ratio,1028,0.5515711684241731,0.17406832062236188
nipah-glycoprotein-g,1,22,full,1028,0.6810337525939102,0.31292071944949995
nipah-glycoprotein-g,1,22,centroid,1028,0.6825689238978527,0.2256774325291671
nipah-glycoprotein-g,1,22,proto_ratio,1028,0.6673760216829712,0.2911625007047973
nipah-glycoprotein-g,1,23,full,1028,0.5593528988269173,0.1466333385459877
nipah-glycoprotein-g,1,23,centroid,1028,0.5388980646254182,0.13372687931965097
nipah-glycoprotein-g,1,23,proto_ratio,1028,0.5350019057298945,0.13364230569697388
nipah-glycoprotein-g,1,24,full,1028,0.5376487528056579,0.15558070689972914
nipah-glycoprotein-g,1,24,centroid,1028,0.5621479693389235,0.13518923337484426
nipah-glycoprotein-g,1,24,proto_ratio,1028,0.5443082200482785,0.13113333863242277
nipah-glycoprotein-g,1,25,full,1028,0.60905009952145,0.149336266004752
nipah-glycoprotein-g,1,25,centroid,1028,0.6619235167068986,0.15525759195002892
nipah-glycoprotein-g,1,25,proto_ratio,1028,0.6716745013340109,0.16470137573908908
nipah-glycoprotein-g,1,26,full,1028,0.5173103798754922,0.1355508263323331
nipah-glycoprotein-g,1,26,centroid,1028,0.5779549400753822,0.13119298187121006
nipah-glycoprotein-g,1,26,proto_ratio,1028,0.5837144793122433,0.13326371412720656
nipah-glycoprotein-g,1,27,full,1028,0.5124190064794816,0.14168064437855582
nipah-glycoprotein-g,1,27,centroid,1028,0.5406238089188158,0.20365642929299155
nipah-glycoprotein-g,1,27,proto_ratio,1028,0.5399568034557236,0.20020777683101834
nipah-glycoprotein-g,1,28,full,1028,0.6837123618345826,0.1609310898946562
nipah-glycoprotein-g,1,28,centroid,1028,0.5358065472409266,0.23804056512070237
nipah-glycoprotein-g,1,28,proto_ratio,1028,0.5366217761402617,0.2220694039582416
nipah-glycoprotein-g,1,29,full,1028,0.5617668233600136,0.13673192874462242
nipah-glycoprotein-g,1,29,centroid,1028,0.4609325371617329,0.09342208910376817
nipah-glycoprotein-g,1,29,proto_ratio,1028,0.4557447168932368,0.09057166398173974
nipah-glycoprotein-g,1,30,full,1028,0.5917926565874729,0.3157655875060764
nipah-glycoprotein-g,1,30,centroid,1028,0.46439461313683145,0.1478388210611384
nipah-glycoprotein-g,1,30,proto_ratio,1028,0.4595773514589421,0.12152041861744269
nipah-glycoprotein-g,1,31,full,1028,0.5245521534747808,0.12999653377302256
nipah-glycoprotein-g,1,31,centroid,1028,0.5321433108880701,0.1033377070180623
nipah-glycoprotein-g,1,31,proto_ratio,1028,0.5338584677931648,0.10340102668767243
nipah-glycoprotein-g,1,32,full,1028,0.36237453944860887,0.07823475066831098
nipah-glycoprotein-g,1,32,centroid,1028,0.3967623766569263,0.07716793687196
nipah-glycoprotein-g,1,32,proto_ratio,1028,0.3900499724727904,0.0771499470266667
nipah-glycoprotein-g,1,33,full,1028,0.5587070681404311,0.12175342863530059
nipah-glycoprotein-g,1,33,centroid,1028,0.5923326133909288,0.15132194107528946
nipah-glycoprotein-g,1,33,proto_ratio,1028,0.5958476263075424,0.187934569165335
nipah-glycoprotein-g,1,34,full,1028,0.49471689323677637,0.15097213387287176
nipah-glycoprotein-g,1,34,centroid,1028,0.49673908440265957,0.16736482250444273
nipah-glycoprotein-g,1,34,proto_ratio,1028,0.5048172616778893,0.16599302115403786
nipah-glycoprotein-g,1,35,full,1028,0.6067632236479906,0.3050527822012644
nipah-glycoprotein-g,1,35,centroid,1028,0.5715072205988228,0.3360426824868312
nipah-glycoprotein-g,1,35,proto_ratio,1028,0.5722800999449457,0.33756343613952927
nipah-glycoprotein-g,1,36,full,1028,0.5694744420446365,0.17247352106987127
nipah-glycoprotein-g,1,36,centroid,1028,0.5568119256341846,0.18101981014752233
nipah-glycoprotein-g,1,36,proto_ratio,1028,0.5510735611739297,0.1697728369737728
nipah-glycoprotein-g,1,37,full,1028,0.6754330241815949,0.33141828900934167
nipah-glycoprotein-g,1,37,centroid,1028,0.6265192902214881,0.22470001478937174
nipah-glycoprotein-g,1,37,proto_ratio,1028,0.6294096472282218,0.21528977092669294
nipah-glycoprotein-g,1,38,full,1028,0.4874962944140939,0.09973261855349932
nipah-glycoprotein-g,1,38,centroid,1028,0.5552449921653326,0.14522255679983254
nipah-glycoprotein-g,1,38,proto_ratio,1028,0.5565684157032142,0.15241111137800026
nipah-glycoprotein-g,1,39,full,1028,0.49559564646592974,0.15157340856757806
nipah-glycoprotein-g,1,39,centroid,1028,0.5483949519332572,0.17676887788379045
nipah-glycoprotein-g,1,39,proto_ratio,1028,0.5444458560962182,0.17345152750952386
nipah-glycoprotein-g,1,40,full,1028,0.5018316181764283,0.11334794277524926
nipah-glycoprotein-g,1,40,centroid,1028,0.6063714902807774,0.12318056784172743
nipah-glycoprotein-g,1,40,proto_ratio,1028,0.6176788209884385,0.12410845855654049
nipah-glycoprotein-g,1,41,full,1028,0.5936136873755982,0.3006560349939788
nipah-glycoprotein-g,1,41,centroid,1028,0.608256045398721,0.34203212456491694
nipah-glycoprotein-g,1,41,proto_ratio,1028,0.6094524202769661,0.32720431700488717
nipah-glycoprotein-g,1,42,full,1028,0.5470185914538601,0.11941310045245165
nipah-glycoprotein-g,1,42,centroid,1028,0.4267458603311735,0.08188190591723477
nipah-glycoprotein-g,1,42,proto_ratio,1028,0.419705247109643,0.08063125842039243
nipah-glycoprotein-g,1,43,full,1028,0.48211790115614295,0.10843178818387958
nipah-glycoprotein-g,1,43,centroid,1028,0.4766653961800703,0.09838379224529924
nipah-glycoprotein-g,1,43,proto_ratio,1028,0.48263668318299247,0.09699824213119165
nipah-glycoprotein-g,1,44,full,1028,0.555901410240122,0.12674440949619664
nipah-glycoprotein-g,1,44,centroid,1028,0.5153093634862153,0.09970245354700338
nipah-glycoprotein-g,1,44,proto_ratio,1028,0.5085440223605641,0.09750590577852022
nipah-glycoprotein-g,1,45,full,1028,0.48801507644094355,0.1412196314370281
nipah-glycoprotein-g,1,45,centroid,1028,0.46462753567949855,0.16597629389658275
nipah-glycoprotein-g,1,45,proto_ratio,1028,0.4745267437428535,0.16496346875264295
nipah-glycoprotein-g,1,46,full,1028,0.4949392283911406,0.15124883274897144
nipah-glycoprotein-g,1,46,centroid,1028,0.510905009952145,0.17091867866204852
nipah-glycoprotein-g,1,46,proto_ratio,1028,0.5076335069665016,0.16870191151193142
nipah-glycoprotein-g,1,47,full,1028,0.564815991191293,0.28948659979183605
nipah-glycoprotein-g,1,47,centroid,1028,0.5622750179985602,0.31507600369902766
nipah-glycoprotein-g,1,47,proto_ratio,1028,0.5606339728115868,0.2968946105241179
nipah-glycoprotein-g,1,48,full,1028,0.5743975776055562,0.28918669564501076
nipah-glycoprotein-g,1,48,centroid,1028,0.5339008173463771,0.2155117171601511
nipah-glycoprotein-g,1,48,proto_ratio,1028,0.5496972006945327,0.20061393964323854
nipah-glycoprotein-g,1,49,full,1028,0.5490301952314404,0.12182178729140336
nipah-glycoprotein-g,1,49,centroid,1028,0.5011328505484267,0.1125456350466221
nipah-glycoprotein-g,1,49,proto_ratio,1028,0.5013445983144877,0.11485519971635669
nipah-glycoprotein-g,1,50,full,1028,0.4874751196374878,0.1412044767593911
nipah-glycoprotein-g,1,50,centroid,1028,0.5432918307711854,0.1821280675049526
nipah-glycoprotein-g,1,50,proto_ratio,1028,0.5373205437682633,0.17738162033103744
nipah-glycoprotein-g,1,51,full,1028,0.4901960784313726,0.15245654933279534
nipah-glycoprotein-g,1,51,centroid,1028,0.5367699995765045,0.17892137203060238
nipah-glycoprotein-g,1,51,proto_ratio,1028,0.5334773218142548,0.1755303134499014
nipah-glycoprotein-g,1,52,full,1028,0.4834519120823275,0.10609232756541681
nipah-glycoprotein-g,1,52,centroid,1028,0.5717930800830051,0.13544799023820822
nipah-glycoprotein-g,1,52,proto_ratio,1028,0.5680663194003304,0.13411859766679393
nipah-glycoprotein-g,1,53,full,1028,0.4788781603354085,0.10637895734395299
nipah-glycoprotein-g,1,53,centroid,1028,0.45554355651547873,0.0929686749968416
nipah-glycoprotein-g,1,53,proto_ratio,1028,0.4570046161013001,0.09319062378895415
nipah-glycoprotein-g,1,54,full,1028,0.5090839791640198,0.13068545982438512
nipah-glycoprotein-g,1,54,centroid,1028,0.5380828357260831,0.10634165877345503
nipah-glycoprotein-g,1,54,proto_ratio,1028,0.5406767458603311,0.10840811917964371
nipah-glycoprotein-g,1,55,full,1028,0.503165629102613,0.11273118295969119
nipah-glycoprotein-g,1,55,centroid,1028,0.48862914496252063,0.10117474298241078
nipah-glycoprotein-g,1,55,proto_ratio,1028,0.48465887434887567,0.1005871548411807
nipah-glycoprotein-g,1,56,full,1028,0.48325075170456955,0.11004228027632518
nipah-glycoprotein-g,1,56,centroid,1028,0.48901029094143056,0.09978959247356381
nipah-glycoprotein-g,1,56,proto_ratio,1028,0.49099013255410157,0.09954996205962827
nipah-glycoprotein-g,1,57,full,1028,0.520825392792106,0.1380578417206351
nipah-glycoprotein-g,1,57,centroid,1028,0.5607821962478295,0.20091897907164996
nipah-glycoprotein-g,1,57,proto_ratio,1028,0.5590246897895227,0.1979443058869199
nipah-glycoprotein-g,1,58,full,1028,0.5470080040655572,0.12228873776565242
nipah-glycoprotein-g,1,58,centroid,1028,0.5048596112311015,0.11419941695768629
nipah-glycoprotein-g,1,58,proto_ratio,1028,0.49507686443908017,0.10408535556202528
nipah-glycoprotein-g,1,59,full,1028,0.5902257231186211,0.33006735531537196
nipah-glycoprotein-g,1,59,centroid,1028,0.5490196078431373,0.23710106539660902
nipah-glycoprotein-g,1,59,proto_ratio,1028,0.54122729005209,0.1697576534375448
nipah-glycoprotein-g,1,60,full,1028,0.7073010629737855,0.22871568491680766
nipah-glycoprotein-g,1,60,centroid,1028,0.7299051370008047,0.25193622172697117
nipah-glycoprotein-g,1,60,proto_ratio,1028,0.7443251598695633,0.25931577817180185
nipah-glycoprotein-g,1,61,full,1028,0.4907254478465252,0.14772160340691406
nipah-glycoprotein-g,1,61,centroid,1028,0.4414729174607208,0.12834516190923467
nipah-glycoprotein-g,1,61,proto_ratio,1028,0.435363994409859,0.1276701657190918
nipah-glycoprotein-g,1,62,full,1028,0.49003726760682675,0.15331302013691053
nipah-glycoprotein-g,1,62,centroid,1028,0.5343984245966206,0.1803004304635167
nipah-glycoprotein-g,1,62,proto_ratio,1028,0.5327891415745564,0.17754188052482095
nipah-glycoprotein-g,1,63,full,1028,0.5945877270994789,0.3074653511583113
nipah-glycoprotein-g,1,63,centroid,1028,0.5398615169609959,0.1782257590363821
nipah-glycoprotein-g,1,63,proto_ratio,1028,0.5330644136704358,0.13884032491959747
nipah-glycoprotein-g,1,64,full,1028,0.6235654088849363,0.14088630653928164
nipah-glycoprotein-g,1,64,centroid,1028,0.5392262736628128,0.1047414389943637
nipah-glycoprotein-g,1,64,proto_ratio,1028,0.5455151823148265,0.10829332578417794
nipah-glycoprotein-g,1,65,full,1028,0.501979841612671,0.15076587579661113
nipah-glycoprotein-g,1,65,centroid,1028,0.525981450895693,0.15999976188916512
nipah-glycoprotein-g,1,65,proto_ratio,1028,0.5205395333079236,0.15926503811067438
nipah-glycoprotein-g,1,66,full,1028,0.6008872231397958,0.20395582800656506
nipah-glycoprotein-g,1,66,centroid,1028,0.4405835768432643,0.1058948444494584
nipah-glycoprotein-g,1,66,proto_ratio,1028,0.43916486681065514,0.09323954549957414
nipah-glycoprotein-g,1,67,full,1028,0.5679922076822089,0.13387228503618562
nipah-glycoprotein-g,1,67,centroid,1028,0.5743658154406471,0.1265299076325807
nipah-glycoprotein-g,1,67,proto_ratio,1028,0.5683310041079066,0.12224239890198267
nipah-glycoprotein-g,1,68,full,1028,0.5346313471392877,0.2796437003389617
nipah-glycoprotein-g,1,68,centroid,1028,0.4702917884216322,0.13828585671043908
nipah-glycoprotein-g,1,68,proto_ratio,1028,0.45981027400160934,0.12547127612814424
nipah-glycoprotein-g,1,69,full,1028,0.4827213822894169,0.16390735365416892
nipah-glycoprotein-g,1,69,centroid,1028,0.5307987125735824,0.16015237900151802
nipah-glycoprotein-g,1,69,proto_ratio,1028,0.5373099563799603,0.16095605755646633
nipah-glycoprotein-g,1,70,full,1028,0.5619573963494685,0.1374714967851632
nipah-glycoprotein-g,1,70,centroid,1028,0.5475691356456189,0.14722563439761355
nipah-glycoprotein-g,1,70,proto_ratio,1028,0.5434929911489433,0.14399626754793243
nipah-glycoprotein-g,1,71,full,1028,0.554323889382967,0.12863796352528903
nipah-glycoprotein-g,1,71,centroid,1028,0.5611633422267395,0.11969646134314649
nipah-glycoprotein-g,1,71,proto_ratio,1028,0.5506183034768983,0.11583963574872364
nipah-glycoprotein-g,1,72,full,1028,0.6216279168254775,0.14700990472716843
nipah-glycoprotein-g,1,72,centroid,1028,0.5850908397916402,0.17784987540748765
nipah-glycoprotein-g,1,72,proto_ratio,1028,0.5797759708635074,0.24013966874328657
nipah-glycoprotein-g,1,73,full,1028,0.6567886333799179,0.1620545449700827
nipah-glycoprotein-g,1,73,centroid,1028,0.659191970524711,0.1617901339432148
nipah-glycoprotein-g,1,73,proto_ratio,1028,0.6704357769025537,0.21967577479841
nipah-glycoprotein-g,1,74,full,1028,0.48398128149748026,0.10584626341561329
nipah-glycoprotein-g,1,74,centroid,1028,0.48890441705840004,0.09821136916418205
nipah-glycoprotein-g,1,74,proto_ratio,1028,0.49113835599034433,0.09870263674575946
nipah-glycoprotein-g,1,75,full,1028,0.5128001524583915,0.1332301120990111
nipah-glycoprotein-g,1,75,centroid,1028,0.5301211197221869,0.13422216599835146
nipah-glycoprotein-g,1,75,proto_ratio,1028,0.5176385889128869,0.1306283984336937
nipah-glycoprotein-g,1,76,full,1028,0.6499385931478423,0.2999382398149657
nipah-glycoprotein-g,1,76,centroid,1028,0.6256193622157287,0.30509273758553834
nipah-glycoprotein-g,1,76,proto_ratio,1028,0.6308918815906492,0.28020258789196373
nipah-glycoprotein-g,1,77,full,1028,0.6865391945114979,0.1621485325633514
nipah-glycoprotein-g,1,77,centroid,1028,0.5424871892601533,0.2355693006771695
nipah-glycoprotein-g,1,77,proto_ratio,1028,0.5431118451700334,0.22403370403248807
nipah-glycoprotein-g,1,78,full,1028,0.5252932706559945,0.11520899124574095
nipah-glycoprotein-g,1,78,centroid,1028,0.5524499216533265,0.106389130907101
nipah-glycoprotein-g,1,78,proto_ratio,1028,0.5493266421039258,0.10607042323097965
nipah-glycoprotein-g,1,79,full,1028,0.589219921229831,0.1249667663681158
nipah-glycoprotein-g,1,79,centroid,1028,0.5675792995383899,0.1128065563520751
nipah-glycoprotein-g,1,79,proto_ratio,1028,0.577309109388896,0.1234877349932144
nipah-glycoprotein-g,1,80,full,1028,0.6727544149409224,0.15663301975197697
nipah-glycoprotein-g,1,80,centroid,1028,0.542211917164274,0.2734639230413019
nipah-glycoprotein-g,1,80,proto_ratio,1028,0.5420531063397281,0.2564859914566725
nipah-glycoprotein-g,1,81,full,1028,0.5139118282302122,0.15586229351928416
nipah-glycoprotein-g,1,81,centroid,1028,0.5521534747808411,0.2084995751896568
nipah-glycoprotein-g,1,81,proto_ratio,1028,0.5506183034768983,0.20564815126576524
nipah-glycoprotein-g,1,82,full,1028,0.6203680176174141,0.28574381877989796
nipah-glycoprotein-g,1,82,centroid,1028,0.5415025621479693,0.3216735524733242
nipah-glycoprotein-g,1,82,proto_ratio,1028,0.5399462160674204,0.3135997015882886
nipah-glycoprotein-g,1,83,full,1028,0.6205797653834753,0.302408730110867
nipah-glycoprotein-g,1,83,centroid,1028,0.6256934739338501,0.2783953368217034
nipah-glycoprotein-g,1,83,proto_ratio,1028,0.6166094947698302,0.26975833428993967
nipah-glycoprotein-g,1,84,full,1028,0.6060221064667768,0.15248733088637492
nipah-glycoprotein-g,1,84,centroid,1028,0.6209714987506882,0.13070258995566078
nipah-glycoprotein-g,1,84,proto_ratio,1028,0.6258416973700928,0.13325427066919943
nipah-glycoprotein-g,1,85,full,1028,0.6093994833354508,0.13138187549762956
nipah-glycoprotein-g,1,85,centroid,1028,0.5276860204124847,0.10661032521718546
nipah-glycoprotein-g,1,85,proto_ratio,1028,0.550777114301444,0.1144121619510082
nipah-glycoprotein-g,1,86,full,1028,0.4802651082031085,0.1387904794672391
nipah-glycoprotein-g,1,86,centroid,1028,0.473838563503155,0.16907603059044102
nipah-glycoprotein-g,1,86,proto_ratio,1028,0.4813450218100199,0.1662916700126963
nipah-glycoprotein-g,1,87,full,1028,0.5142400372676068,0.1574707672966965
nipah-glycoprotein-g,1,87,centroid,1028,0.558897641129886,0.16485969204828416
nipah-glycoprotein-g,1,87,proto_ratio,1028,0.5445093804260365,0.1624889934383868
nipah-glycoprotein-g,1,88,full,1028,0.7017638588912887,0.331749749460814
nipah-glycoprotein-g,1,88,centroid,1028,0.6807902426629399,0.29912613207721
nipah-glycoprotein-g,1,88,proto_ratio,1028,0.6856604412823445,0.295683252901402
nipah-glycoprotein-g,1,89,full,1028,0.6302566382924659,0.16754733809256941
nipah-glycoprotein-g,1,89,centroid,1028,0.6779210604328124,0.18238284360770446
nipah-glycoprotein-g,1,89,proto_ratio,1028,0.6769364333206284,0.18364269658709498
nipah-glycoprotein-g,1,90,full,1028,0.6867932918307712,0.16136642486384442
nipah-glycoprotein-g,1,90,centroid,1028,0.5482784906619236,0.2525509298906842
nipah-glycoprotein-g,1,90,proto_ratio,1028,0.5481408546139839,0.22999143883805281
nipah-glycoprotein-g,1,91,full,1028,0.5511794350569601,0.19203721186741157
nipah-glycoprotein-g,1,91,centroid,1028,0.5518570279083556,0.19076503392704353
nipah-glycoprotein-g,1,91,proto_ratio,1028,0.5480879176724686,0.18869733584636056
nipah-glycoprotein-g,1,92,full,1028,0.5545991614788464,0.12523232077706414
nipah-glycoprotein-g,1,92,centroid,1028,0.5246262651929021,0.11818422008395439
nipah-glycoprotein-g,1,92,proto_ratio,1028,0.5211959513827129,0.11897517673370231
nipah-glycoprotein-g,1,93,full,1028,0.48041333163935124,0.1292072352161988
nipah-glycoprotein-g,1,93,centroid,1028,0.4620548003218566,0.17559755482936865
nipah-glycoprotein-g,1,93,proto_ratio,1028,0.4695400838521154,0.1701652694517873
nipah-glycoprotein-g,1,94,full,1028,0.5954135433871173,0.30358365006043264
nipah-glycoprotein-g,1,94,centroid,1028,0.6049845424130774,0.25920112450616706
nipah-glycoprotein-g,1,94,proto_ratio,1028,0.6015330538262821,0.2034319184789879
nipah-glycoprotein-g,1,95,full,1028,0.5098250963452335,0.14532947583143946
nipah-glycoprotein-g,1,95,centroid,1028,0.624920594587727,0.1582403945159085
nipah-glycoprotein-g,1,95,proto_ratio,1028,0.6008872231397959,0.15218589849885855
nipah-glycoprotein-g,1,96,full,1028,0.5308304747384915,0.1149691827711849
nipah-glycoprotein-g,1,96,centroid,1028,0.469465972133994,0.10156039519823942
nipah-glycoprotein-g,1,96,proto_ratio,1028,0.469074238766781,0.10254744788782742
nipah-glycoprotein-g,1,97,full,1028,0.49412399949180535,0.10688484136663941
nipah-glycoprotein-g,1,97,centroid,1028,0.49537331131156565,0.10152605060885195
nipah-glycoprotein-g,1,97,proto_ratio,1028,0.4837271841782069,0.10027278009205279
nipah-glycoprotein-g,1,98,full,1028,0.487316308812942,0.10984707400289526
nipah-glycoprotein-g,1,98,centroid,1028,0.458370389192394,0.09372075276720174
nipah-glycoprotein-g,1,98,proto_ratio,1028,0.4605831533477322,0.09351592186832838
nipah-glycoprotein-g,1,99,full,1028,0.6275780290517934,0.13569000895034777
nipah-glycoprotein-g,1,99,centroid,1028,0.5850484902384281,0.20102717452640112
nipah-glycoprotein-g,1,99,proto_ratio,1028,0.5638948884089272,0.22027224272400528
nipah-glycoprotein-g,2,0,full,1026,0.6035643564356435,0.13565266870888235
nipah-glycoprotein-g,2,0,centroid,1026,0.5887396307198287,0.1678907921511783
nipah-glycoprotein-g,2,0,proto_ratio,1026,0.5870912496655072,0.15015676718385007
nipah-glycoprotein-g,2,1,full,1026,0.49136740701097137,0.14818551136572838
nipah-glycoprotein-g,2,1,centroid,1026,0.49858175006689853,0.16686412696893801
nipah-glycoprotein-g,2,1,proto_ratio,1026,0.49856034252073855,0.16385603308336552
nipah-glycoprotein-g,2,2,full,1026,0.4976826331281777,0.11468904624936556
nipah-glycoprotein-g,2,2,centroid,1026,0.4963981803585764,0.10061876910629607
nipah-glycoprotein-g,2,2,proto_ratio,1026,0.4990955311747391,0.10144835003552917
nipah-glycoprotein-g,2,3,full,1026,0.4906823655338507,0.14871359727211364
nipah-glycoprotein-g,2,3,centroid,1026,0.4920845598073321,0.16395298084546586
nipah-glycoprotein-g,2,3,proto_ratio,1026,0.5001980198019802,0.16234996691912174
nipah-glycoprotein-g,2,4,full,1026,0.48084559807332083,0.1197521240481467
nipah-glycoprotein-g,2,4,centroid,1026,0.5097564891624298,0.10101472968596839
nipah-glycoprotein-g,2,4,proto_ratio,1026,0.5118972437784319,0.10143926542669443
nipah-glycoprotein-g,2,5,full,1026,0.48640085630184643,0.11857342067609397
nipah-glycoprotein-g,2,5,centroid,1026,0.5401552047096602,0.18138959990492864
nipah-glycoprotein-g,2,5,proto_ratio,1026,0.5412791008830613,0.1749329087301374
nipah-glycoprotein-g,2,6,full,1026,0.48038533583088044,0.17281850533242782
nipah-glycoprotein-g,2,6,centroid,1026,0.4775060208723575,0.17286275569870843
nipah-glycoprotein-g,2,6,proto_ratio,1026,0.48232271875836225,0.16968328239659572
nipah-glycoprotein-g,2,7,full,1026,0.6400749264115602,0.1897684864498074
nipah-glycoprotein-g,2,7,centroid,1026,0.6517206315226117,0.23515695165666986
nipah-glycoprotein-g,2,7,proto_ratio,1026,0.650896440995451,0.22876655502236057
nipah-glycoprotein-g,2,8,full,1026,0.6718116135937919,0.15688755859101436
nipah-glycoprotein-g,2,8,centroid,1026,0.675054856837035,0.2643394505464908
nipah-glycoprotein-g,2,8,proto_ratio,1026,0.6747230398715547,0.2533498146184392
nipah-glycoprotein-g,2,9,full,1026,0.6448166978860048,0.14180688489772447
nipah-glycoprotein-g,2,9,centroid,1026,0.6131656408884132,0.2541792135780009
nipah-glycoprotein-g,2,9,proto_ratio,1026,0.6140861653732941,0.2312061208415199
nipah-glycoprotein-g,2,10,full,1026,0.5909232004281509,0.13482541975772305
nipah-glycoprotein-g,2,10,centroid,1026,0.6505111051645704,0.19414497447810342
nipah-glycoprotein-g,2,10,proto_ratio,1026,0.6501257693336902,0.191679458585256
nipah-glycoprotein-g,2,11,full,1026,0.48159486218892167,0.11708373281981735
nipah-glycoprotein-g,2,11,centroid,1026,0.4887449826063688,0.16668811263556027
nipah-glycoprotein-g,2,11,proto_ratio,1026,0.4912068504147712,0.16265462298120273
nipah-glycoprotein-g,2,12,full,1026,0.5638426545357238,0.1305543536524521
nipah-glycoprotein-g,2,12,centroid,1026,0.5118116135937918,0.14147995157311916
nipah-glycoprotein-g,2,12,proto_ratio,1026,0.507958255284988,0.13968480015105955
nipah-glycoprotein-g,2,13,full,1026,0.6773454642761574,0.22003382535206878
nipah-glycoprotein-g,2,13,centroid,1026,0.6624244046026224,0.18504055911715453
nipah-glycoprotein-g,2,13,proto_ratio,1026,0.6641691196146642,0.18231889435220056
nipah-glycoprotein-g,2,14,full,1026,0.6768852020337168,0.1578471018357794
nipah-glycoprotein-g,2,14,centroid,1026,0.6230880385335832,0.23620301093498033
nipah-glycoprotein-g,2,14,proto_ratio,1026,0.6218571046293819,0.22542573221410384
nipah-glycoprotein-g,2,15,full,1026,0.631105164570511,0.13753030941391542
nipah-glycoprotein-g,2,15,centroid,1026,0.5556435643564356,0.11532895921664726
nipah-glycoprotein-g,2,15,proto_ratio,1026,0.5513192400321113,0.11224891665503473
nipah-glycoprotein-g,2,16,full,1026,0.5035375970029435,0.1296683967664763
nipah-glycoprotein-g,2,16,centroid,1026,0.552057800374632,0.17698457690848382
nipah-glycoprotein-g,2,16,proto_ratio,1026,0.5562215681027564,0.17524584099473772
nipah-glycoprotein-g,2,17,full,1026,0.6472143430559272,0.2147240680991615
nipah-glycoprotein-g,2,17,centroid,1026,0.6492373561680493,0.24765269761935294
nipah-glycoprotein-g,2,17,proto_ratio,1026,0.6484773882793685,0.23462628730029236
nipah-glycoprotein-g,2,18,full,1026,0.5942413700829543,0.18296699659907653
nipah-glycoprotein-g,2,18,centroid,1026,0.5619373829274819,0.13097211675236228
nipah-glycoprotein-g,2,18,proto_ratio,1026,0.5572491303184373,0.12497006112482642
nipah-glycoprotein-g,2,19,full,1026,0.5646133261974846,0.12494641007567583
nipah-glycoprotein-g,2,19,centroid,1026,0.5168852020337169,0.12208044670184777
nipah-glycoprotein-g,2,19,proto_ratio,1026,0.5159432700026759,0.12266386473462922
nipah-glycoprotein-g,2,20,full,1026,0.47086968156275083,0.10460844962790355
nipah-glycoprotein-g,2,20,centroid,1026,0.4896762108643297,0.17683883452238142
nipah-glycoprotein-g,2,20,proto_ratio,1026,0.49121755418785124,0.171706063464414
nipah-glycoprotein-g,2,21,full,1026,0.4892266523949692,0.10018290063979099
nipah-glycoprotein-g,2,21,centroid,1026,0.5475194005887075,0.18714562738807616
nipah-glycoprotein-g,2,21,proto_ratio,1026,0.5482472571581483,0.18293545680720824
nipah-glycoprotein-g,2,22,full,1026,0.6048488092052448,0.21627269923349945
nipah-glycoprotein-g,2,22,centroid,1026,0.5676531977522077,0.21847762169395207
nipah-glycoprotein-g,2,22,proto_ratio,1026,0.5656622959593257,0.21508387543442525
nipah-glycoprotein-g,2,23,full,1026,0.5707894032646508,0.1509268646632959
nipah-glycoprotein-g,2,23,centroid,1026,0.5447899384533047,0.15976777452029406
nipah-glycoprotein-g,2,23,proto_ratio,1026,0.5383462670591384,0.15494673369491418
nipah-glycoprotein-g,2,24,full,1026,0.625111051645705,0.2066449546460437
nipah-glycoprotein-g,2,24,centroid,1026,0.5937275889751137,0.14931359009970274
nipah-glycoprotein-g,2,24,proto_ratio,1026,0.5883221835697083,0.146251930864183
nipah-glycoprotein-g,2,25,full,1026,0.5871875836232271,0.1467318819810604
nipah-glycoprotein-g,2,25,centroid,1026,0.5548086700561948,0.12830758189608246
nipah-glycoprotein-g,2,25,proto_ratio,1026,0.547968959058068,0.1262400135910941
nipah-glycoprotein-g,2,26,full,1026,0.5670858977789671,0.14069774385626743
nipah-glycoprotein-g,2,26,centroid,1026,0.581899919721702,0.12170312155198144
nipah-glycoprotein-g,2,26,proto_ratio,1026,0.5882044420658282,0.13636248071834084
nipah-glycoprotein-g,2,27,full,1026,0.47196146641691195,0.09320920941567484
nipah-glycoprotein-g,2,27,centroid,1026,0.4806315226117206,0.18855917146516132
nipah-glycoprotein-g,2,27,proto_ratio,1026,0.48324324324324325,0.18248924908983294
nipah-glycoprotein-g,2,28,full,1026,0.556125234145036,0.12190440541391057
nipah-glycoprotein-g,2,28,centroid,1026,0.6008670056194809,0.2320856737440152
nipah-glycoprotein-g,2,28,proto_ratio,1026,0.6014771206850416,0.22252457773230436
nipah-glycoprotein-g,2,29,full,1026,0.6213968423869414,0.13550360157216995
nipah-glycoprotein-g,2,29,centroid,1026,0.5815145838908216,0.1795999539139146
nipah-glycoprotein-g,2,29,proto_ratio,1026,0.5803692801712603,0.17287945974593708
nipah-glycoprotein-g,2,30,full,1026,0.6295103023815896,0.14092935676568982
nipah-glycoprotein-g,2,30,centroid,1026,0.6116350013379717,0.194494543588922
nipah-glycoprotein-g,2,30,proto_ratio,1026,0.6116028900187316,0.19806776210761246
nipah-glycoprotein-g,2,31,full,1026,0.7283275354562483,0.29056125188798027
nipah-glycoprotein-g,2,31,centroid,1026,0.7048220497725448,0.18153216423655089
nipah-glycoprotein-g,2,31,proto_ratio,1026,0.7081723307465881,0.18205751063603814
nipah-glycoprotein-g,2,32,full,1026,0.4943537597002943,0.12556966451466062
nipah-glycoprotein-g,2,32,centroid,1026,0.47491570778699493,0.17663928027828013
nipah-glycoprotein-g,2,32,proto_ratio,1026,0.47715279636071717,0.17181409388030291
nipah-glycoprotein-g,2,33,full,1026,0.529001873160289,0.13089852542874209
nipah-glycoprotein-g,2,33,centroid,1026,0.5072518062617072,0.11201912046347144
nipah-glycoprotein-g,2,33,proto_ratio,1026,0.4943323521541343,0.11079697565566415
nipah-glycoprotein-g,2,34,full,1026,0.5026598876103827,0.10159463056382448
nipah-glycoprotein-g,2,34,centroid,1026,0.49483542948889475,0.19734139571957676
nipah-glycoprotein-g,2,34,proto_ratio,1026,0.4991597538132191,0.18309518763025712
nipah-glycoprotein-g,2,35,full,1026,0.5792560877709392,0.15583676780467776
nipah-glycoprotein-g,2,35,centroid,1026,0.5184907679957185,0.10238391774489183
nipah-glycoprotein-g,2,35,proto_ratio,1026,0.5067166176077067,0.10075142862494331
nipah-glycoprotein-g,2,36,full,1026,0.5698367674605298,0.12366852155236906
nipah-glycoprotein-g,2,36,centroid,1026,0.6102649183837302,0.2635639015151987
nipah-glycoprotein-g,2,36,proto_ratio,1026,0.60989028632593,0.23166073919818586
nipah-glycoprotein-g,2,37,full,1026,0.616087770939256,0.30927955703193766
nipah-glycoprotein-g,2,37,centroid,1026,0.565030773347605,0.20929092530628007
nipah-glycoprotein-g,2,37,proto_ratio,1026,0.5716242975648916,0.1956781971123013
nipah-glycoprotein-g,2,38,full,1026,0.5043082686647044,0.13117828837778361
nipah-glycoprotein-g,2,38,centroid,1026,0.5363125501739363,0.1881314135692527
nipah-glycoprotein-g,2,38,proto_ratio,1026,0.5362804388546962,0.17945055711555918
nipah-glycoprotein-g,2,39,full,1026,0.49122825796093117,0.12271742184067784
nipah-glycoprotein-g,2,39,centroid,1026,0.5896601552047096,0.19838742263594566
nipah-glycoprotein-g,2,39,proto_ratio,1026,0.5897564891624297,0.18692274327475233
nipah-glycoprotein-g,2,40,full,1026,0.5162857907412363,0.12529434419054392
nipah-glycoprotein-g,2,40,centroid,1026,0.47754883596467756,0.09728927419719094
nipah-glycoprotein-g,2,40,proto_ratio,1026,0.4756863794487557,0.0969809446250491
nipah-glycoprotein-g,2,41,full,1026,0.5898635268932299,0.25152140540174306
nipah-glycoprotein-g,2,41,centroid,1026,0.6077067166176077,0.24359523693370516
nipah-glycoprotein-g,2,41,proto_ratio,1026,0.6030933904201231,0.20212975618224602
nipah-glycoprotein-g,2,42,full,1026,0.5524217286593524,0.12067185594102764
nipah-glycoprotein-g,2,42,centroid,1026,0.46957452502006963,0.0962763012026357
nipah-glycoprotein-g,2,42,proto_ratio,1026,0.46527160824190533,0.09494147440769453
nipah-glycoprotein-g,2,43,full,1026,0.49062884666845064,0.11002554512941609
nipah-glycoprotein-g,2,43,centroid,1026,0.52002140754616,0.1077085449868084
nipah-glycoprotein-g,2,43,proto_ratio,1026,0.522986352689323,0.10634614787818149
nipah-glycoprotein-g,2,44,full,1026,0.5556328605833556,0.12165895414130652
nipah-glycoprotein-g,2,44,centroid,1026,0.5257051110516457,0.10907808586805673
nipah-glycoprotein-g,2,44,proto_ratio,1026,0.5230612791008831,0.10872717268225063
nipah-glycoprotein-g,2,45,full,1026,0.5936312550173937,0.14698615972296322
nipah-glycoprotein-g,2,45,centroid,1026,0.5885041477120685,0.20944826867172806
nipah-glycoprotein-g,2,45,proto_ratio,1026,0.58994915707787,0.20275095341795574
nipah-glycoprotein-g,2,46,full,1026,0.4895905806796896,0.14555246958135032
nipah-glycoprotein-g,2,46,centroid,1026,0.501932031040942,0.16803898277194323
nipah-glycoprotein-g,2,46,proto_ratio,1026,0.4995557934171796,0.16457742375061085
nipah-glycoprotein-g,2,47,full,1026,0.4993096066363393,0.1283287645709501
nipah-glycoprotein-g,2,47,centroid,1026,0.562065828204442,0.18485728603903007
nipah-glycoprotein-g,2,47,proto_ratio,1026,0.5642065828204442,0.18216094505311625
nipah-glycoprotein-g,2,48,full,1026,0.6193417179555794,0.18493738615332886
nipah-glycoprotein-g,2,48,centroid,1026,0.618100080278298,0.23128798294963704
nipah-glycoprotein-g,2,48,proto_ratio,1026,0.6205405405405405,0.22212808124343902
nipah-glycoprotein-g,2,49,full,1026,0.5987262510034786,0.20475793082572688
nipah-glycoprotein-g,2,49,centroid,1026,0.5320417447150121,0.24702651437395673
nipah-glycoprotein-g,2,49,proto_ratio,1026,0.5304361787530105,0.22283382604294155
nipah-glycoprotein-g,2,50,full,1026,0.5653518865400053,0.12273818789702515
nipah-glycoprotein-g,2,50,centroid,1026,0.6158629917045759,0.22672459279657708
nipah-glycoprotein-g,2,50,proto_ratio,1026,0.6162483275354562,0.21893591569895773
nipah-glycoprotein-g,2,51,full,1026,0.5299009900990099,0.11857799039195807
nipah-glycoprotein-g,2,51,centroid,1026,0.6086593524217286,0.2275600845699931
nipah-glycoprotein-g,2,51,proto_ratio,1026,0.6093550976719294,0.22036077401704318
nipah-glycoprotein-g,2,52,full,1026,0.5725769333690126,0.12721803370443951
nipah-glycoprotein-g,2,52,centroid,1026,0.6035322451164035,0.3450668989014598
nipah-glycoprotein-g,2,52,proto_ratio,1026,0.6014878244581214,0.32939390251638656
nipah-glycoprotein-g,2,53,full,1026,0.4568584426010168,0.10439510650849017
nipah-glycoprotein-g,2,53,centroid,1026,0.4245758629917046,0.10265804318657995
nipah-glycoprotein-g,2,53,proto_ratio,1026,0.4186459727053786,0.09334725920194643
nipah-glycoprotein-g,2,54,full,1026,0.6189242708054589,0.29540536769919035
nipah-glycoprotein-g,2,54,centroid,1026,0.5690982071180091,0.19069971673891706
nipah-glycoprotein-g,2,54,proto_ratio,1026,0.5676210864329676,0.1736497394220855
nipah-glycoprotein-g,2,55,full,1026,0.5953866738025153,0.17495047944869285
nipah-glycoprotein-g,2,55,centroid,1026,0.5293015788065293,0.13970551720073388
nipah-glycoprotein-g,2,55,proto_ratio,1026,0.5263152261172064,0.13523058541104738
nipah-glycoprotein-g,2,56,full,1026,0.5039229328338239,0.11481882952235525
nipah-glycoprotein-g,2,56,centroid,1026,0.5082579609312283,0.10379802618387705
nipah-glycoprotein-g,2,56,proto_ratio,1026,0.512025689055392,0.10533727045862425
nipah-glycoprotein-g,2,57,full,1026,0.5484506288466684,0.11723646808353692
nipah-glycoprotein-g,2,57,centroid,1026,0.6186459727053787,0.21521153071924357
nipah-glycoprotein-g,2,57,proto_ratio,1026,0.6170832218356971,0.20951582157242915
nipah-glycoprotein-g,2,58,full,1026,0.551993577736152,0.12466571889436204
nipah-glycoprotein-g,2,58,centroid,1026,0.4530693069306931,0.09587975896374398
nipah-glycoprotein-g,2,58,proto_ratio,1026,0.4526839710998127,0.09606590003433524
nipah-glycoprotein-g,2,59,full,1026,0.6726143965747926,0.181308891595389
nipah-glycoprotein-g,2,59,centroid,1026,0.6799250735884399,0.2828871187805883
nipah-glycoprotein-g,2,59,proto_ratio,1026,0.6811345999464812,0.282083730670232
nipah-glycoprotein-g,2,60,full,1026,0.591051645705111,0.1703824978043907
nipah-glycoprotein-g,2,60,centroid,1026,0.5737008295424136,0.12832468119829035
nipah-glycoprotein-g,2,60,proto_ratio,1026,0.5713138881455714,0.12721904450034394
nipah-glycoprotein-g,2,61,full,1026,0.4778806529301579,0.14585788371613773
nipah-glycoprotein-g,2,61,centroid,1026,0.490971367407011,0.1451859582603658
nipah-glycoprotein-g,2,61,proto_ratio,1026,0.48549103559004547,0.14201423513872494
nipah-glycoprotein-g,2,62,full,1026,0.5082151458389083,0.12923208415805917
nipah-glycoprotein-g,2,62,centroid,1026,0.5469199892962269,0.19001993229851363
nipah-glycoprotein-g,2,62,proto_ratio,1026,0.5479154401926679,0.18687470724922417
nipah-glycoprotein-g,2,63,full,1026,0.5852930157880653,0.17660153151814253
nipah-glycoprotein-g,2,63,centroid,1026,0.5589082151458389,0.16698801212631645
nipah-glycoprotein-g,2,63,proto_ratio,1026,0.5529248059941129,0.15477996622960236
nipah-glycoprotein-g,2,64,full,1026,0.5452716082419053,0.14522018328457842
nipah-glycoprotein-g,2,64,centroid,1026,0.5212523414503614,0.11854548618276392
nipah-glycoprotein-g,2,64,proto_ratio,1026,0.5045116403532246,0.11660542024724899
nipah-glycoprotein-g,2,65,full,1026,0.5458282044420659,0.11335500082213662
nipah-glycoprotein-g,2,65,centroid,1026,0.5943484078137543,0.19775256040185277
nipah-glycoprotein-g,2,65,proto_ratio,1026,0.5944340379983943,0.19554261160694175
nipah-glycoprotein-g,2,66,full,1026,0.5971849076799571,0.12661758928438735
nipah-glycoprotein-g,2,66,centroid,1026,0.6146855766657747,0.1593775551788487
nipah-glycoprotein-g,2,66,proto_ratio,1026,0.6177254482204978,0.15978175111625081
nipah-glycoprotein-g,2,67,full,1026,0.6186673802515388,0.2182516991737733
nipah-glycoprotein-g,2,67,centroid,1026,0.6267915440192668,0.2547488836974232
nipah-glycoprotein-g,2,67,proto_ratio,1026,0.620904468825261,0.22779031779343573
nipah-glycoprotein-g,2,68,full,1026,0.5775327803050576,0.2605712560826134
nipah-glycoprotein-g,2,68,centroid,1026,0.49233074658817233,0.12983787379334794
nipah-glycoprotein-g,2,68,proto_ratio,1026,0.4914423334225314,0.1195224266589013
nipah-glycoprotein-g,2,69,full,1026,0.4876424939791277,0.16519708658565968
nipah-glycoprotein-g,2,69,centroid,1026,0.48159486218892156,0.11923047870772581
nipah-glycoprotein-g,2,69,proto_ratio,1026,0.4772170189991973,0.11882277126340371
nipah-glycoprotein-g,2,70,full,1026,0.5744179823387744,0.12813309268870807
nipah-glycoprotein-g,2,70,centroid,1026,0.5408081348675409,0.16563771542147937
nipah-glycoprotein-g,2,70,proto_ratio,1026,0.5402408348943003,0.16370717342470897
nipah-glycoprotein-g,2,71,full,1026,0.563917580947284,0.12949650302817162
nipah-glycoprotein-g,2,71,centroid,1026,0.5134278833288735,0.12710785580397063
nipah-glycoprotein-g,2,71,proto_ratio,1026,0.5082579609312282,0.1245439443450122
nipah-glycoprotein-g,2,72,full,1026,0.5123468022477924,0.11891908312144478
nipah-glycoprotein-g,2,72,centroid,1026,0.5734118276692535,0.1972747738850546
nipah-glycoprotein-g,2,72,proto_ratio,1026,0.573005084292213,0.1930405309227622
nipah-glycoprotein-g,2,73,full,1026,0.6240406743377039,0.1557204860442104
nipah-glycoprotein-g,2,73,centroid,1026,0.5987476585496387,0.1478215379978065
nipah-glycoprotein-g,2,73,proto_ratio,1026,0.5973989831415574,0.14738415754720485
nipah-glycoprotein-g,2,74,full,1026,0.500915172598341,0.10759423086289506
nipah-glycoprotein-g,2,74,centroid,1026,0.5033342253144233,0.10375057290695562
nipah-glycoprotein-g,2,74,proto_ratio,1026,0.5061065025421462,0.10378253693582626
nipah-glycoprotein-g,2,75,full,1026,0.5089322986352689,0.11099431802946536
nipah-glycoprotein-g,2,75,centroid,1026,0.5285416109178486,0.10239938097082199
nipah-glycoprotein-g,2,75,proto_ratio,1026,0.5341717955579341,0.10362864842640798
nipah-glycoprotein-g,2,76,full,1026,0.6591597538132192,0.18964890728279846
nipah-glycoprotein-g,2,76,centroid,1026,0.5966711265721167,0.269298457979362
nipah-glycoprotein-g,2,76,proto_ratio,1026,0.5975381321915976,0.2622632544163766
nipah-glycoprotein-g,2,77,full,1026,0.6022156810275622,0.13062750993130678
nipah-glycoprotein-g,2,77,centroid,1026,0.5303398447952903,0.10383422285919192
nipah-glycoprotein-g,2,77,proto_ratio,1026,0.5355525822852556,0.10553701414441752
nipah-glycoprotein-g,2,78,full,1026,0.5062777629114262,0.13386920250034162
nipah-glycoprotein-g,2,78,centroid,1026,0.49004013914905004,0.16741069489567723
nipah-glycoprotein-g,2,78,proto_ratio,1026,0.49398983141557395,0.16537712410833053
nipah-glycoprotein-g,2,79,full,1026,0.5836553385068237,0.12949443187920762
nipah-glycoprotein-g,2,79,centroid,1026,0.5955579341717956,0.12059095080552576
nipah-glycoprotein-g,2,79,proto_ratio,1026,0.6049665507091249,0.129337522705347
nipah-glycoprotein-g,2,80,full,1026,0.5576986887877977,0.1193048811415889
nipah-glycoprotein-g,2,80,centroid,1026,0.6005244848809206,0.27186633204136085
nipah-glycoprotein-g,2,80,proto_ratio,1026,0.6001712603692801,0.2586847930252341
nipah-glycoprotein-g,2,81,full,1026,0.6394969226652394,0.14433187503653955
nipah-glycoprotein-g,2,81,centroid,1026,0.6312550173936313,0.2273829062890722
nipah-glycoprotein-g,2,81,proto_ratio,1026,0.6306020872357506,0.21804221037652094
nipah-glycoprotein-g,2,82,full,1026,0.5039871554723039,0.1288317383089771
nipah-glycoprotein-g,2,82,centroid,1026,0.5474337704040674,0.18637697710360235
nipah-glycoprotein-g,2,82,proto_ratio,1026,0.5514369815359915,0.17831308206825008
nipah-glycoprotein-g,2,83,full,1026,0.6062724110248863,0.3151960631426806
nipah-glycoprotein-g,2,83,centroid,1026,0.5782071180090982,0.3221282142461769
nipah-glycoprotein-g,2,83,proto_ratio,1026,0.5525394701632325,0.31559998567982067
nipah-glycoprotein-g,2,84,full,1026,0.6251324591918652,0.21795060551302253
nipah-glycoprotein-g,2,84,centroid,1026,0.6063045223441264,0.30149963131677426
nipah-glycoprotein-g,2,84,proto_ratio,1026,0.5929890286325931,0.29588533473447876
nipah-glycoprotein-g,2,85,full,1026,0.5938881455713139,0.12341993174934247
nipah-glycoprotein-g,2,85,centroid,1026,0.5792025689055391,0.23792605163071412
nipah-glycoprotein-g,2,85,proto_ratio,1026,0.5784211934706984,0.21447531883350646
nipah-glycoprotein-g,2,86,full,1026,0.5438158951030239,0.12775577527276763
nipah-glycoprotein-g,2,86,centroid,1026,0.5373615199357773,0.1708834961597536
nipah-glycoprotein-g,2,86,proto_ratio,1026,0.5403906877174204,0.1701103818336477
nipah-glycoprotein-g,2,87,full,1026,0.5152368209793952,0.1238260978443678
nipah-glycoprotein-g,2,87,centroid,1026,0.5331549371153331,0.15819514341195606
nipah-glycoprotein-g,2,87,proto_ratio,1026,0.5353706181428954,0.15996457480203383
nipah-glycoprotein-g,2,88,full,1026,0.564913031843725,0.3188166325265821
nipah-glycoprotein-g,2,88,centroid,1026,0.6631843724913031,0.31751501085431977
nipah-glycoprotein-g,2,88,proto_ratio,1026,0.6547712068504148,0.31445008987321116
nipah-glycoprotein-g,2,89,full,1026,0.49685844260101686,0.1263966333643605
nipah-glycoprotein-g,2,89,centroid,1026,0.5492534118276693,0.18429285971229106
nipah-glycoprotein-g,2,89,proto_ratio,1026,0.5515119079475514,0.17874655955111043
nipah-glycoprotein-g,2,90,full,1026,0.543066630987423,0.11071623053476752
nipah-glycoprotein-g,2,90,centroid,1026,0.5584586566764784,0.23088321661541442
nipah-glycoprotein-g,2,90,proto_ratio,1026,0.5577629114262778,0.21545194442020904
nipah-glycoprotein-g,2,91,full,1026,0.537928819909018,0.19117675984601404
nipah-glycoprotein-g,2,91,centroid,1026,0.5437195611453037,0.18958205820610033
nipah-glycoprotein-g,2,91,proto_ratio,1026,0.5420925876371421,0.1883861522499337
nipah-glycoprotein-g,2,92,full,1026,0.5915975381321916,0.1427888663469426
nipah-glycoprotein-g,2,92,centroid,1026,0.5512764249397912,0.13727786948227944
nipah-glycoprotein-g,2,92,proto_ratio,1026,0.5476906609579877,0.14535230384324832
nipah-glycoprotein-g,2,93,full,1026,0.5905913834626706,0.14237823995243498
nipah-glycoprotein-g,2,93,centroid,1026,0.5576986887877976,0.2257626214189609
nipah-glycoprotein-g,2,93,proto_ratio,1026,0.5588011774150389,0.20402526230971094
nipah-glycoprotein-g,2,94,full,1026,0.6052127374899652,0.13557902877273142
nipah-glycoprotein-g,2,94,centroid,1026,0.5816216216216217,0.14211563916391604
nipah-glycoprotein-g,2,94,proto_ratio,1026,0.5794701632325395,0.13636135776018082
nipah-glycoprotein-g,2,95,full,1026,0.4924377843189725,0.11104840022414675
nipah-glycoprotein-g,2,95,centroid,1026,0.5471126572116671,0.12897254657938953
nipah-glycoprotein-g,2,95,proto_ratio,1026,0.5143377040406744,0.12481109341184746
nipah-glycoprotein-g,2,96,full,1026,0.5088787797698688,0.10744961467628746
nipah-glycoprotein-g,2,96,centroid,1026,0.49060743912229055,0.09640510252836554
nipah-glycoprotein-g,2,96,proto_ratio,1026,0.48804923735616806,0.09644592830907084
nipah-glycoprotein-g,2,97,full,1026,0.6305592721434305,0.16354247857192394
nipah-glycoprotein-g,2,97,centroid,1026,0.5582552849879583,0.12494802735024471
nipah-glycoprotein-g,2,97,proto_ratio,1026,0.5404870216751405,0.12296313391661676
nipah-glycoprotein-g,2,98,full,1026,0.4027936847738828,0.08354129286803212
nipah-glycoprotein-g,2,98,centroid,1026,0.4496869146374096,0.08889749827404209
nipah-glycoprotein-g,2,98,proto_ratio,1026,0.4457051110516458,0.08742593297348981
nipah-glycoprotein-g,2,99,full,1026,0.5905164570511106,0.2035910285796813
nipah-glycoprotein-g,2,99,centroid,1026,0.5982445812148782,0.20222273488123432
nipah-glycoprotein-g,2,99,proto_ratio,1026,0.5944554455445544,0.17698325653602864
nipah-glycoprotein-g,5,0,full,1020,0.6000265616007792,0.24315610951440889
nipah-glycoprotein-g,5,0,centroid,1020,0.5692483066979503,0.31172271678989855
nipah-glycoprotein-g,5,0,proto_ratio,1020,0.5702000973925362,0.3104753225037479
nipah-glycoprotein-g,5,1,full,1020,0.5304462348930896,0.12469061881586985
nipah-glycoprotein-g,5,1,centroid,1020,0.5764531409092921,0.17907742177668406
nipah-glycoprotein-g,5,1,proto_ratio,1020,0.5746048961884103,0.16547476313267195
nipah-glycoprotein-g,5,2,full,1020,0.49939129664881143,0.12807808791660774
nipah-glycoprotein-g,5,2,centroid,1020,0.520939395280889,0.16967129667854772
nipah-glycoprotein-g,5,2,proto_ratio,1020,0.5222896099871619,0.16899808195754773
nipah-glycoprotein-g,5,3,full,1020,0.505312320155828,0.12386829855623108
nipah-glycoprotein-g,5,3,centroid,1020,0.5472907167205276,0.16292317701797848
nipah-glycoprotein-g,5,3,proto_ratio,1020,0.5480654300765859,0.16055464430100164
nipah-glycoprotein-g,5,4,full,1020,0.49726636858648016,0.11295427357086898
nipah-glycoprotein-g,5,4,centroid,1020,0.5496923281243082,0.10806184487031287
nipah-glycoprotein-g,5,4,proto_ratio,1020,0.5554805436274293,0.10868830405735136
nipah-glycoprotein-g,5,5,full,1020,0.5354486697064943,0.11696169546050586
nipah-glycoprotein-g,5,5,centroid,1020,0.5886604099340387,0.17172900636830687
nipah-glycoprotein-g,5,5,proto_ratio,1020,0.5870003098853425,0.1551195558992913
nipah-glycoprotein-g,5,6,full,1020,0.49643631856213194,0.10078632268835563
nipah-glycoprotein-g,5,6,centroid,1020,0.4636106069325778,0.185646540566542
nipah-glycoprotein-g,5,6,proto_ratio,1020,0.4673070963743414,0.17994075963745895
nipah-glycoprotein-g,5,7,full,1020,0.6727610784009916,0.15141814731203165
nipah-glycoprotein-g,5,7,centroid,1020,0.6882110761875249,0.24768830368933356
nipah-glycoprotein-g,5,7,proto_ratio,1020,0.6852893001018195,0.23835931203803606
nipah-glycoprotein-g,5,8,full,1020,0.5150183717738722,0.10352458585352228
nipah-glycoprotein-g,5,8,centroid,1020,0.6034020983664615,0.18970660563502068
nipah-glycoprotein-g,5,8,proto_ratio,1020,0.601841604320687,0.17932741392921242
nipah-glycoprotein-g,5,9,full,1020,0.6501173137367745,0.14688729681548787
nipah-glycoprotein-g,5,9,centroid,1020,0.6403669927840986,0.15603201080117238
nipah-glycoprotein-g,5,9,proto_ratio,1020,0.6429235468590908,0.16278537720073913
nipah-glycoprotein-g,5,10,full,1020,0.6062464031165611,0.13880021359665412
nipah-glycoprotein-g,5,10,centroid,1020,0.5763535349063704,0.13700606742734722
nipah-glycoprotein-g,5,10,proto_ratio,1020,0.5728009208021604,0.13750055787274296
nipah-glycoprotein-g,5,11,full,1020,0.448835716499181,0.09839871581280737
nipah-glycoprotein-g,5,11,centroid,1020,0.5489397494355659,0.20088372820615952
nipah-glycoprotein-g,5,11,proto_ratio,1020,0.5497808667935722,0.19186813884087722
nipah-glycoprotein-g,5,12,full,1020,0.5904422506529727,0.12797259550802514
nipah-glycoprotein-g,5,12,centroid,1020,0.6045752357342069,0.15711821585009514
nipah-glycoprotein-g,5,12,proto_ratio,1020,0.6010779582982866,0.1561774104630841
nipah-glycoprotein-g,5,13,full,1020,0.6294546017973349,0.2356447895040123
nipah-glycoprotein-g,5,13,centroid,1020,0.6060803931116915,0.19781677277287416
nipah-glycoprotein-g,5,13,proto_ratio,1020,0.5983775288857409,0.1937728577136235
nipah-glycoprotein-g,5,14,full,1020,0.5001881446721855,0.11726470735291811
nipah-glycoprotein-g,5,14,centroid,1020,0.5625304351675594,0.1521856218595383
nipah-glycoprotein-g,5,14,proto_ratio,1020,0.5648435079020763,0.1522406851050151
nipah-glycoprotein-g,5,15,full,1020,0.5784784629687016,0.12394357492654659
nipah-glycoprotein-g,5,15,centroid,1020,0.520452432599938,0.15675831089441775
nipah-glycoprotein-g,5,15,proto_ratio,1020,0.5174199831776528,0.14536983513229898
nipah-glycoprotein-g,5,16,full,1020,0.5994842622515384,0.12848810914075115
nipah-glycoprotein-g,5,16,centroid,1020,0.49186550976138826,0.08995150061589624
nipah-glycoprotein-g,5,16,proto_ratio,1020,0.48964097569613524,0.0888397908701587
nipah-glycoprotein-g,5,17,full,1020,0.4952742485280447,0.11273958936352899
nipah-glycoprotein-g,5,17,centroid,1020,0.5593430430740627,0.19870255449430171
nipah-glycoprotein-g,5,17,proto_ratio,1020,0.5594647837443003,0.19181163444064414
nipah-glycoprotein-g,5,18,full,1020,0.5972154588516534,0.16368191973199947
nipah-glycoprotein-g,5,18,centroid,1020,0.5954668201336935,0.15887243184464117
nipah-glycoprotein-g,5,18,proto_ratio,1020,0.592035946699721,0.1579661517657755
nipah-glycoprotein-g,5,19,full,1020,0.5563216609854355,0.1436603788053963
nipah-glycoprotein-g,5,19,centroid,1020,0.5765970162468459,0.14970701995689545
nipah-glycoprotein-g,5,19,proto_ratio,1020,0.5748483775288858,0.14394836775316427
nipah-glycoprotein-g,5,20,full,1020,0.4791712780556908,0.10201116073674607
nipah-glycoprotein-g,5,20,centroid,1020,0.564500420558679,0.2192941426353323
nipah-glycoprotein-g,5,20,proto_ratio,1020,0.5651312585771835,0.210419903159414
nipah-glycoprotein-g,5,21,full,1020,0.5868010978794989,0.14492653335471767
nipah-glycoprotein-g,5,21,centroid,1020,0.547146841382974,0.10983932437066818
nipah-glycoprotein-g,5,21,proto_ratio,1020,0.5452764619947763,0.109639638687167
nipah-glycoprotein-g,5,22,full,1020,0.5808358050378503,0.12944520548380653
nipah-glycoprotein-g,5,22,centroid,1020,0.5968834388419142,0.21942044284529
nipah-glycoprotein-g,5,22,proto_ratio,1020,0.5953008101288239,0.21666584496783126
nipah-glycoprotein-g,5,23,full,1020,0.560914604453495,0.13211437582338792
nipah-glycoprotein-g,5,23,centroid,1020,0.5167891451591483,0.14190948258429098
nipah-glycoprotein-g,5,23,proto_ratio,1020,0.509717118951702,0.14352569413143013
nipah-glycoprotein-g,5,24,full,1020,0.7100026561600778,0.2157163648051923
nipah-glycoprotein-g,5,24,centroid,1020,0.6365487626720969,0.12909168954929742
nipah-glycoprotein-g,5,24,proto_ratio,1020,0.6383416707246891,0.130724997815096
nipah-glycoprotein-g,5,25,full,1020,0.49279516578865823,0.12387612469132558
nipah-glycoprotein-g,5,25,centroid,1020,0.5375403957678516,0.16846085505584188
nipah-glycoprotein-g,5,25,proto_ratio,1020,0.5410598078710878,0.16193126565616192
nipah-glycoprotein-g,5,26,full,1020,0.7149608216388508,0.1852984772018848
nipah-glycoprotein-g,5,26,centroid,1020,0.6981606091460446,0.15579231638507846
nipah-glycoprotein-g,5,26,proto_ratio,1020,0.7052215680198327,0.16000358185334643
nipah-glycoprotein-g,5,27,full,1020,0.6102417105670901,0.12883353510054638
nipah-glycoprotein-g,5,27,centroid,1020,0.5904754526539466,0.27573089331896034
nipah-glycoprotein-g,5,27,proto_ratio,1020,0.5895679312939927,0.23397655920989038
nipah-glycoprotein-g,5,28,full,1020,0.5262959847713489,0.10833218347512852
nipah-glycoprotein-g,5,28,centroid,1020,0.5685621320111559,0.20329451092817358
nipah-glycoprotein-g,5,28,proto_ratio,1020,0.5686838726813936,0.19731643306092114
nipah-glycoprotein-g,5,29,full,1020,0.5147195537651069,0.10005528274525827
nipah-glycoprotein-g,5,29,centroid,1020,0.5742507415113551,0.1830769937057291
nipah-glycoprotein-g,5,29,proto_ratio,1020,0.5749369161981496,0.17272502023200814
nipah-glycoprotein-g,5,30,full,1020,0.6146797113639382,0.13386884029480112
nipah-glycoprotein-g,5,30,centroid,1020,0.6140599406790915,0.14650869786256304
nipah-glycoprotein-g,5,30,proto_ratio,1020,0.6136172473327726,0.14660718447870646
nipah-glycoprotein-g,5,31,full,1020,0.5995506662534862,0.172127499701605
nipah-glycoprotein-g,5,31,centroid,1020,0.6087033511886317,0.27392535511168103
nipah-glycoprotein-g,5,31,proto_ratio,1020,0.6034463677010935,0.27035792647701906
nipah-glycoprotein-g,5,32,full,1020,0.5415689052193545,0.1148715406168977
nipah-glycoprotein-g,5,32,centroid,1020,0.6177342954535393,0.23336701187147688
nipah-glycoprotein-g,5,32,proto_ratio,1020,0.6150892027092832,0.2221874782695629
nipah-glycoprotein-g,5,33,full,1020,0.6778299172163442,0.1728156713807611
nipah-glycoprotein-g,5,33,centroid,1020,0.6893067422196644,0.2892473280298252
nipah-glycoprotein-g,5,33,proto_ratio,1020,0.6862964274646952,0.2577960909808151
nipah-glycoprotein-g,5,34,full,1020,0.5820310770729117,0.13011922789602093
nipah-glycoprotein-g,5,34,centroid,1020,0.6123334366284475,0.27045388283212074
nipah-glycoprotein-g,5,34,proto_ratio,1020,0.608991101863739,0.2588745697086139
nipah-glycoprotein-g,5,35,full,1020,0.610784009916331,0.15918733548270317
nipah-glycoprotein-g,5,35,centroid,1020,0.5339435123290097,0.20455270785559598
nipah-glycoprotein-g,5,35,proto_ratio,1020,0.5299371375448226,0.1976320126597489
nipah-glycoprotein-g,5,36,full,1020,0.5961861968214618,0.12920886784585375
nipah-glycoprotein-g,5,36,centroid,1020,0.6120346186196821,0.2379782488368704
nipah-glycoprotein-g,5,36,proto_ratio,1020,0.6114148479348356,0.22063703573739724
nipah-glycoprotein-g,5,37,full,1020,0.688554163530922,0.3075226383600374
nipah-glycoprotein-g,5,37,centroid,1020,0.6959692770817654,0.2909532672981656
nipah-glycoprotein-g,5,37,proto_ratio,1020,0.696146354420293,0.2932599479100709
nipah-glycoprotein-g,5,38,full,1020,0.4927840984550002,0.12316055472483795
nipah-glycoprotein-g,5,38,centroid,1020,0.5084333082473771,0.17088623183482307
nipah-glycoprotein-g,5,38,proto_ratio,1020,0.5125060870335119,0.16419242383071117
nipah-glycoprotein-g,5,39,full,1020,0.5029439107530214,0.11671225105389654
nipah-glycoprotein-g,5,39,centroid,1020,0.587133117889238,0.18055486121445546
nipah-glycoprotein-g,5,39,proto_ratio,1020,0.587620080570189,0.1771896264271097
nipah-glycoprotein-g,5,40,full,1020,0.5162579131435654,0.10825156460297097
nipah-glycoprotein-g,5,40,centroid,1020,0.545851963344991,0.18993227962460701
nipah-glycoprotein-g,5,40,proto_ratio,1020,0.5468480233742088,0.17846537958491995
nipah-glycoprotein-g,5,41,full,1020,0.6203683208641374,0.13234396171178928
nipah-glycoprotein-g,5,41,centroid,1020,0.6340918146000265,0.15844416623412458
nipah-glycoprotein-g,5,41,proto_ratio,1020,0.6435875868785692,0.15718571430961154
nipah-glycoprotein-g,5,42,full,1020,0.5629177918455885,0.1223431886033998
nipah-glycoprotein-g,5,42,centroid,1020,0.5805148523617689,0.202607898075978
nipah-glycoprotein-g,5,42,proto_ratio,1020,0.5758444375581036,0.20648424195237033
nipah-glycoprotein-g,5,43,full,1020,0.6162070034087388,0.15970233940441725
nipah-glycoprotein-g,5,43,centroid,1020,0.5378945504449069,0.10731364511826161
nipah-glycoprotein-g,5,43,proto_ratio,1020,0.5380826951170924,0.10710643077581745
nipah-glycoprotein-g,5,44,full,1020,0.6078954358315993,0.13014641101494853
nipah-glycoprotein-g,5,44,centroid,1020,0.629000841117358,0.3013643034227098
nipah-glycoprotein-g,5,44,proto_ratio,1020,0.628956571782726,0.27813611463768595
nipah-glycoprotein-g,5,45,full,1020,0.5254659347470008,0.12302151120290913
nipah-glycoprotein-g,5,45,centroid,1020,0.5861702598609944,0.19350216471860154
nipah-glycoprotein-g,5,45,proto_ratio,1020,0.5869117712160786,0.18791289989914445
nipah-glycoprotein-g,5,46,full,1020,0.5015383593784586,0.12643195323005552
nipah-glycoprotein-g,5,46,centroid,1020,0.5848753818230112,0.18026448779365722
nipah-glycoprotein-g,5,46,proto_ratio,1020,0.5842334764708486,0.17533312514314223
nipah-glycoprotein-g,5,47,full,1020,0.6409978308026031,0.3115486698559501
nipah-glycoprotein-g,5,47,centroid,1020,0.6738788791004471,0.2729931277834449
nipah-glycoprotein-g,5,47,proto_ratio,1020,0.6721413077161451,0.262161941716843
nipah-glycoprotein-g,5,48,full,1020,0.6341582186019744,0.16487075034071239
nipah-glycoprotein-g,5,48,centroid,1020,0.6776196378768428,0.2804183745199461
nipah-glycoprotein-g,5,48,proto_ratio,1020,0.6785271592367967,0.2570333610513365
nipah-glycoprotein-g,5,49,full,1020,0.5736863074947983,0.14702141815329256
nipah-glycoprotein-g,5,49,centroid,1020,0.5739740581699058,0.18729107680076937
nipah-glycoprotein-g,5,49,proto_ratio,1020,0.570299703395458,0.18649145198783654
nipah-glycoprotein-g,5,50,full,1020,0.6276506264110849,0.12838926669086864
nipah-glycoprotein-g,5,50,centroid,1020,0.6059586524414537,0.21217740924353365
nipah-glycoprotein-g,5,50,proto_ratio,1020,0.6048519190756563,0.20708915851218065
nipah-glycoprotein-g,5,51,full,1020,0.6014985169772898,0.1466882562897081
nipah-glycoprotein-g,5,51,centroid,1020,0.6047191110717606,0.20112888105406948
nipah-glycoprotein-g,5,51,proto_ratio,1020,0.6049293904112621,0.18890078628189405
nipah-glycoprotein-g,5,52,full,1020,0.4873500376289345,0.10707880076559502
nipah-glycoprotein-g,5,52,centroid,1020,0.5610363451237328,0.1878804781220631
nipah-glycoprotein-g,5,52,proto_ratio,1020,0.5635264951967771,0.1861551437193716
nipah-glycoprotein-g,5,53,full,1020,0.6864845721368806,0.16964551989149676
nipah-glycoprotein-g,5,53,centroid,1020,0.7046682013369339,0.236052043540092
nipah-glycoprotein-g,5,53,proto_ratio,1020,0.7087188454557527,0.23819130850023637
nipah-glycoprotein-g,5,54,full,1020,0.5672451193058569,0.22143458427040924
nipah-glycoprotein-g,5,54,centroid,1020,0.5121851343574306,0.25937869986804796
nipah-glycoprotein-g,5,54,proto_ratio,1020,0.5092522909380671,0.25406107150006774
nipah-glycoprotein-g,5,55,full,1020,0.584952853158617,0.23189657833790278
nipah-glycoprotein-g,5,55,centroid,1020,0.6228474036035239,0.2850543095222993
nipah-glycoprotein-g,5,55,proto_ratio,1020,0.6224157775908628,0.242418847277728
nipah-glycoprotein-g,5,56,full,1020,0.5037075567754217,0.13079065555836272
nipah-glycoprotein-g,5,56,centroid,1020,0.5090198769312497,0.154824315581006
nipah-glycoprotein-g,5,56,proto_ratio,1020,0.5123179423613263,0.15013287832117736
nipah-glycoprotein-g,5,57,full,1020,0.7014033379078313,0.2057531726158467
nipah-glycoprotein-g,5,57,centroid,1020,0.7257404046217185,0.34019776817628716
nipah-glycoprotein-g,5,57,proto_ratio,1020,0.7230510425428305,0.3082935697234007
nipah-glycoprotein-g,5,58,full,1020,0.47538624994466333,0.10280716908934553
nipah-glycoprotein-g,5,58,centroid,1020,0.5543184735933419,0.18676479752575736
nipah-glycoprotein-g,5,58,proto_ratio,1020,0.555181725618664,0.18035306696301234
nipah-glycoprotein-g,5,59,full,1020,0.5757891008898137,0.12379564132841198
nipah-glycoprotein-g,5,59,centroid,1020,0.5798508123422905,0.19428768123110499
nipah-glycoprotein-g,5,59,proto_ratio,1020,0.5776816149453273,0.19452325872940923
nipah-glycoprotein-g,5,60,full,1020,0.5975696135287085,0.16736380869202572
nipah-glycoprotein-g,5,60,centroid,1020,0.6111824339280181,0.22898116882101044
nipah-glycoprotein-g,5,60,proto_ratio,1020,0.6016534596485014,0.22271818695838363
nipah-glycoprotein-g,5,61,full,1020,0.5985767408915845,0.14080533988827384
nipah-glycoprotein-g,5,61,centroid,1020,0.5360795077249989,0.1286246140351225
nipah-glycoprotein-g,5,61,proto_ratio,1020,0.5344304750099607,0.1280332858041232
nipah-glycoprotein-g,5,62,full,1020,0.5920470140333791,0.1264932677644523
nipah-glycoprotein-g,5,62,centroid,1020,0.6129200053123202,0.21662608804524144
nipah-glycoprotein-g,5,62,proto_ratio,1020,0.6121674266235778,0.20599812805171508
nipah-glycoprotein-g,5,63,full,1020,0.48229226614723986,0.10804367233358603
nipah-glycoprotein-g,5,63,centroid,1020,0.5166231351542786,0.10521303373832236
nipah-glycoprotein-g,5,63,proto_ratio,1020,0.5164903271503829,0.1039608458610832
nipah-glycoprotein-g,5,64,full,1020,0.508898136261012,0.12282062596917948
nipah-glycoprotein-g,5,64,centroid,1020,0.543572092611448,0.16954861327692428
nipah-glycoprotein-g,5,64,proto_ratio,1020,0.5447120279782195,0.16645260617652324
nipah-glycoprotein-g,5,65,full,1020,0.6616605427420427,0.15161096056847642
nipah-glycoprotein-g,5,65,centroid,1020,0.6577869759617513,0.23909250823678588
nipah-glycoprotein-g,5,65,proto_ratio,1020,0.6540794191863297,0.22770859784747915
nipah-glycoprotein-g,5,66,full,1020,0.5889260259418301,0.11874342319299117
nipah-glycoprotein-g,5,66,centroid,1020,0.5864580105361017,0.20649461753393028
nipah-glycoprotein-g,5,66,proto_ratio,1020,0.585849307184913,0.19886490389006078
nipah-glycoprotein-g,5,67,full,1020,0.5945703661073974,0.13718686173213426
nipah-glycoprotein-g,5,67,centroid,1020,0.6029704723538005,0.18650157129027176
nipah-glycoprotein-g,5,67,proto_ratio,1020,0.5988866262340077,0.1793635214718756
nipah-glycoprotein-g,5,68,full,1020,0.6397140200982779,0.1451594912722106
nipah-glycoprotein-g,5,68,centroid,1020,0.605427420425871,0.15348335049889494
nipah-glycoprotein-g,5,68,proto_ratio,1020,0.6051507370844217,0.15327760527129453
nipah-glycoprotein-g,5,69,full,1020,0.6055602284297666,0.14749422281304927
nipah-glycoprotein-g,5,69,centroid,1020,0.5985546062242685,0.1630517422594262
nipah-glycoprotein-g,5,69,proto_ratio,1020,0.5957213688078268,0.1626875395875487
nipah-glycoprotein-g,5,70,full,1020,0.5717716587719686,0.12489839917644441
nipah-glycoprotein-g,5,70,centroid,1020,0.5704989154013015,0.15641634682134592
nipah-glycoprotein-g,5,70,proto_ratio,1020,0.568506795342866,0.15502535255946975
nipah-glycoprotein-g,5,71,full,1020,0.5740515295055115,0.1524932703978539
nipah-glycoprotein-g,5,71,centroid,1020,0.5761764575678429,0.1520866387682784
nipah-glycoprotein-g,5,71,proto_ratio,1020,0.5665700119527204,0.1472646924688582
nipah-glycoprotein-g,5,72,full,1020,0.5866682898756032,0.1303160413757771
nipah-glycoprotein-g,5,72,centroid,1020,0.5639802558767542,0.12942261433840285
nipah-glycoprotein-g,5,72,proto_ratio,1020,0.5638917172074903,0.12766322047156042
nipah-glycoprotein-g,5,73,full,1020,0.6059807871087697,0.14695933417543214
nipah-glycoprotein-g,5,73,centroid,1020,0.5116760370091638,0.13137411183087053
nipah-glycoprotein-g,5,73,proto_ratio,1020,0.5073155075479215,0.1298676782530711
nipah-glycoprotein-g,5,74,full,1020,0.5806587276993227,0.12117554064058596
nipah-glycoprotein-g,5,74,centroid,1020,0.5419119925627518,0.10333041083562458
nipah-glycoprotein-g,5,74,proto_ratio,1020,0.5379941564478286,0.10188760148375839
nipah-glycoprotein-g,5,75,full,1020,0.5171543671698615,0.15134904748722677
nipah-glycoprotein-g,5,75,centroid,1020,0.4863650449333747,0.1402032793454554
nipah-glycoprotein-g,5,75,proto_ratio,1020,0.5012616760370092,0.14167007634944725
nipah-glycoprotein-g,5,76,full,1020,0.5116981716764797,0.21119052966167384
nipah-glycoprotein-g,5,76,centroid,1020,0.5693479127008721,0.2867926591922199
nipah-glycoprotein-g,5,76,proto_ratio,1020,0.5617114524768693,0.28500269554847885
nipah-glycoprotein-g,5,77,full,1020,0.5980787108769756,0.12324283263075018
nipah-glycoprotein-g,5,77,centroid,1020,0.5954004161317455,0.25607731947359075
nipah-glycoprotein-g,5,77,proto_ratio,1020,0.5944596927708177,0.23133344923252136
nipah-glycoprotein-g,5,78,full,1020,0.5028885740847315,0.11997889769265235
nipah-glycoprotein-g,5,78,centroid,1020,0.5379830891141706,0.1614325989507482
nipah-glycoprotein-g,5,78,proto_ratio,1020,0.5383593784585418,0.16131607047627866
nipah-glycoprotein-g,5,79,full,1020,0.6088804285271592,0.155419230983311
nipah-glycoprotein-g,5,79,centroid,1020,0.5699234140510867,0.12505749050531023
nipah-glycoprotein-g,5,79,proto_ratio,1020,0.5537872415777592,0.12276850738620121
nipah-glycoprotein-g,5,80,full,1020,0.6135840453317987,0.12942334915293463
nipah-glycoprotein-g,5,80,centroid,1020,0.6010336889636549,0.26766874204070373
nipah-glycoprotein-g,5,80,proto_ratio,1020,0.5971158528487317,0.22714970136404466
nipah-glycoprotein-g,5,81,full,1020,0.6213754482270131,0.1936956420467067
nipah-glycoprotein-g,5,81,centroid,1020,0.5781132409579883,0.20124897323740404
nipah-glycoprotein-g,5,81,proto_ratio,1020,0.57919783965647,0.19579658980523046
nipah-glycoprotein-g,5,82,full,1020,0.4812740714507061,0.09475184269131012
nipah-glycoprotein-g,5,82,centroid,1020,0.5403847005179512,0.19098703811147533
nipah-glycoprotein-g,5,82,proto_ratio,1020,0.5423436185754128,0.18181786437863925
nipah-glycoprotein-g,5,83,full,1020,0.4898512550356368,0.1145087384412303
nipah-glycoprotein-g,5,83,centroid,1020,0.5838239851255036,0.17681336790656788
nipah-glycoprotein-g,5,83,proto_ratio,1020,0.5850192571605648,0.17368459900091077
nipah-glycoprotein-g,5,84,full,1020,0.6640953561467972,0.19162133551447597
nipah-glycoprotein-g,5,84,centroid,1020,0.6111602992607021,0.15891974276788515
nipah-glycoprotein-g,5,84,proto_ratio,1020,0.6107176059143831,0.15417262694357015
nipah-glycoprotein-g,5,85,full,1020,0.6876023728363363,0.15430019893956998
nipah-glycoprotein-g,5,85,centroid,1020,0.6571893399442207,0.1582829574976737
nipah-glycoprotein-g,5,85,proto_ratio,1020,0.6607751560494047,0.16012811259047252
nipah-glycoprotein-g,5,86,full,1020,0.5473792553897915,0.12034316417633942
nipah-glycoprotein-g,5,86,centroid,1020,0.5828611270972598,0.19382984447739338
nipah-glycoprotein-g,5,86,proto_ratio,1020,0.5831488777723671,0.1884353680605425
nipah-glycoprotein-g,5,87,full,1020,0.49631457789189426,0.09593362040137371
nipah-glycoprotein-g,5,87,centroid,1020,0.5930098720616228,0.1778547605107524
nipah-glycoprotein-g,5,87,proto_ratio,1020,0.5915600513524282,0.1762804482015011
nipah-glycoprotein-g,5,88,full,1020,0.6417946788259773,0.2582798412433144
nipah-glycoprotein-g,5,88,centroid,1020,0.5983996635530568,0.2716305474140296
nipah-glycoprotein-g,5,88,proto_ratio,1020,0.5959095134800123,0.26251544000531496
nipah-glycoprotein-g,5,89,full,1020,0.5656735579264244,0.12464044811176753
nipah-glycoprotein-g,5,89,centroid,1020,0.5956328301385629,0.20010670859140509
nipah-glycoprotein-g,5,89,proto_ratio,1020,0.5949023861171365,0.19243946807693654
nipah-glycoprotein-g,5,90,full,1020,0.455974146708575,0.09676360681925664
nipah-glycoprotein-g,5,90,centroid,1020,0.5135574837310195,0.19963191633548819
nipah-glycoprotein-g,5,90,proto_ratio,1020,0.5128823763778829,0.19258506461785452
nipah-glycoprotein-g,5,91,full,1020,0.6439528088892825,0.1377193257375563
nipah-glycoprotein-g,5,91,centroid,1020,0.6683894816060915,0.2743444487186981
nipah-glycoprotein-g,5,91,proto_ratio,1020,0.6670281995661606,0.25416170475723443
nipah-glycoprotein-g,5,92,full,1020,0.49618176988799856,0.11467319420718086
nipah-glycoprotein-g,5,92,centroid,1020,0.4964031165611581,0.11063309046018813
nipah-glycoprotein-g,5,92,proto_ratio,1020,0.5028775067510736,0.109394740878139
nipah-glycoprotein-g,5,93,full,1020,0.5933861614059941,0.129434900010777
nipah-glycoprotein-g,5,93,centroid,1020,0.5425317632475984,0.1660040432999719
nipah-glycoprotein-g,5,93,proto_ratio,1020,0.5440701226260569,0.16606757188693866
nipah-glycoprotein-g,5,94,full,1020,0.5731108061445837,0.12416667260238709
nipah-glycoprotein-g,5,94,centroid,1020,0.5658617025986099,0.13181761375287904
nipah-glycoprotein-g,5,94,proto_ratio,1020,0.5654522112532648,0.1337407619012339
nipah-glycoprotein-g,5,95,full,1020,0.5895236619593608,0.172610753886436
nipah-glycoprotein-g,5,95,centroid,1020,0.5242263933773075,0.15134172391505046
nipah-glycoprotein-g,5,95,proto_ratio,1020,0.5208508566116251,0.14787477912367158
nipah-glycoprotein-g,5,96,full,1020,0.5191575545619549,0.11106500581018922
nipah-glycoprotein-g,5,96,centroid,1020,0.535116649696755,0.18861365396351387
nipah-glycoprotein-g,5,96,proto_ratio,1020,0.5355261410421002,0.17674562669440058
nipah-glycoprotein-g,5,97,full,1020,0.6024281730045598,0.1607094275487687
nipah-glycoprotein-g,5,97,centroid,1020,0.5514298995086104,0.13075127625601546
nipah-glycoprotein-g,5,97,proto_ratio,1020,0.5475120633936872,0.13048968827415774
nipah-glycoprotein-g,5,98,full,1020,0.6471180663154632,0.13517477167977568
nipah-glycoprotein-g,5,98,centroid,1020,0.6725950683961219,0.1357692351021271
nipah-glycoprotein-g,5,98,proto_ratio,1020,0.673458320421444,0.13747522701875242
nipah-glycoprotein-g,5,99,full,1020,0.6048629864093142,0.19795494881307935
nipah-glycoprotein-g,5,99,centroid,1020,0.5665368099517464,0.3105737989903
nipah-glycoprotein-g,5,99,proto_ratio,1020,0.5646885652308645,0.3094221696362864
nipah-glycoprotein-g,10,0,full,1010,0.6625743131529884,0.22256280622904084
nipah-glycoprotein-g,10,0,centroid,1010,0.6291084766829657,0.23404561078738306
nipah-glycoprotein-g,10,0,proto_ratio,1010,0.6273378595466752,0.2231238974689833
nipah-glycoprotein-g,10,1,full,1010,0.6241953072782918,0.14070471311225355
nipah-glycoprotein-g,10,1,centroid,1010,0.5707015630679753,0.14694911526010618
nipah-glycoprotein-g,10,1,proto_ratio,1010,0.5685439898687867,0.1459424441688867
nipah-glycoprotein-g,10,2,full,1010,0.6016932259237111,0.1433468180054619
nipah-glycoprotein-g,10,2,centroid,1010,0.593391259483355,0.15010095617675756
nipah-glycoprotein-g,10,2,proto_ratio,1010,0.5875869185398858,0.1480843985722143
nipah-glycoprotein-g,10,3,full,1010,0.5133617101112792,0.11845185839129657
nipah-glycoprotein-g,10,3,centroid,1010,0.560558623843529,0.17436725613962328
nipah-glycoprotein-g,10,3,proto_ratio,1010,0.560769690786928,0.16355484612739185
nipah-glycoprotein-g,10,4,full,1010,0.6023967824017071,0.13674310912219284
nipah-glycoprotein-g,10,4,centroid,1010,0.6314419390016532,0.3245005393532769
nipah-glycoprotein-g,10,4,proto_ratio,1010,0.6273261336053753,0.31682608148150593
nipah-glycoprotein-g,10,5,full,1010,0.5156834464886668,0.12896795595286953
nipah-glycoprotein-g,10,5,centroid,1010,0.6060787279698877,0.15875827282099034
nipah-glycoprotein-g,10,5,proto_ratio,1010,0.6051758304897925,0.1475889808480374
nipah-glycoprotein-g,10,6,full,1010,0.4894876936246058,0.10229645494119334
nipah-glycoprotein-g,10,6,centroid,1010,0.5103598691384951,0.1573281838174265
nipah-glycoprotein-g,10,6,proto_ratio,1010,0.5131740950504803,0.15616641984401577
nipah-glycoprotein-g,10,7,full,1010,0.6152601400077391,0.14563178003218913
nipah-glycoprotein-g,10,7,centroid,1010,0.573785485629859,0.12573671320338453
nipah-glycoprotein-g,10,7,proto_ratio,1010,0.5686612492817862,0.12376637704431565
nipah-glycoprotein-g,10,8,full,1010,0.5115559151510888,0.11695227031655808
nipah-glycoprotein-g,10,8,centroid,1010,0.5475076511766983,0.1585896823065774
nipah-glycoprotein-g,10,8,proto_ratio,1010,0.5472614064093995,0.15587482230019356
nipah-glycoprotein-g,10,9,full,1010,0.7141919067553149,0.17638630516335901
nipah-glycoprotein-g,10,9,centroid,1010,0.7132772833339196,0.25991398816103695
nipah-glycoprotein-g,10,9,proto_ratio,1010,0.7120108816735263,0.25516432954559126
nipah-glycoprotein-g,10,10,full,1010,0.6515636542723466,0.18242610220267602
nipah-glycoprotein-g,10,10,centroid,1010,0.5738441153363586,0.16971791305323225
nipah-glycoprotein-g,10,10,proto_ratio,1010,0.5708540003048745,0.16660776448694872
nipah-glycoprotein-g,10,11,full,1010,0.5184390426941522,0.10265974917108038
nipah-glycoprotein-g,10,11,centroid,1010,0.5145343042412729,0.18484351865549714
nipah-glycoprotein-g,10,11,proto_ratio,1010,0.5146984674194721,0.17328357950706993
nipah-glycoprotein-g,10,12,full,1010,0.6136654119909476,0.13153081946926876
nipah-glycoprotein-g,10,12,centroid,1010,0.5527022431725707,0.12746545739256704
nipah-glycoprotein-g,10,12,proto_ratio,1010,0.5420785403548269,0.12607356170678913
nipah-glycoprotein-g,10,13,full,1010,0.65850541152191,0.19174302835888377
nipah-glycoprotein-g,10,13,centroid,1010,0.6023967824017074,0.1683640378296904
nipah-glycoprotein-g,10,13,proto_ratio,1010,0.5919606946447626,0.1595463036100733
nipah-glycoprotein-g,10,14,full,1010,0.49808280859746024,0.11568818167221752
nipah-glycoprotein-g,10,14,centroid,1010,0.4822762397251439,0.10412669289058081
nipah-glycoprotein-g,10,14,proto_ratio,1010,0.49013262039610234,0.10912323325571341
nipah-glycoprotein-g,10,15,full,1010,0.6262942507709807,0.2050108899292066
nipah-glycoprotein-g,10,15,centroid,1010,0.5921834875294615,0.25881773780098044
nipah-glycoprotein-g,10,15,proto_ratio,1010,0.5805865315838229,0.2405023402320205
nipah-glycoprotein-g,10,16,full,1010,0.5996998159027216,0.1511885949228126
nipah-glycoprotein-g,10,16,centroid,1010,0.5965103598691384,0.3209117461268893
nipah-glycoprotein-g,10,16,proto_ratio,1010,0.5937899414875528,0.31490931312882986
nipah-glycoprotein-g,10,17,full,1010,0.5501459879691841,0.10584504242035032
nipah-glycoprotein-g,10,17,centroid,1010,0.6024554121082071,0.20799860992795588
nipah-glycoprotein-g,10,17,proto_ratio,1010,0.6062428911480869,0.19833410749868705
nipah-glycoprotein-g,10,18,full,1010,0.6670536227295647,0.1572967007541036
nipah-glycoprotein-g,10,18,centroid,1010,0.6535218864694362,0.21776063093380205
nipah-glycoprotein-g,10,18,proto_ratio,1010,0.6515871061549465,0.20884475185240736
nipah-glycoprotein-g,10,19,full,1010,0.6485149095343629,0.137041961800767
nipah-glycoprotein-g,10,19,centroid,1010,0.6830360807213798,0.15359874100850324
nipah-glycoprotein-g,10,19,proto_ratio,1010,0.7030053587551741,0.16585107039572627
nipah-glycoprotein-g,10,20,full,1010,0.6848536016228703,0.28726345548544796
nipah-glycoprotein-g,10,20,centroid,1010,0.6422532568801961,0.274882763988767
nipah-glycoprotein-g,10,20,proto_ratio,1010,0.6415731522847996,0.25942336384257153
nipah-glycoprotein-g,10,21,full,1010,0.6467208405154724,0.14234261667853992
nipah-glycoprotein-g,10,21,centroid,1010,0.5913040419319661,0.11375386530419586
nipah-glycoprotein-g,10,21,proto_ratio,1010,0.5917379017600638,0.11319754046039399
nipah-glycoprotein-g,10,22,full,1010,0.7026184026922763,0.166446277115106
nipah-glycoprotein-g,10,22,centroid,1010,0.6747810180462237,0.16018540462202918
nipah-glycoprotein-g,10,22,proto_ratio,1010,0.676575087065114,0.16474416804107805
nipah-glycoprotein-g,10,23,full,1010,0.5992190523094241,0.13907806149406288
nipah-glycoprotein-g,10,23,centroid,1010,0.5611214690259261,0.15147919102965057
nipah-glycoprotein-g,10,23,proto_ratio,1010,0.5569118560992483,0.1495664416626856
nipah-glycoprotein-g,10,24,full,1010,0.7178738523234952,0.1774587948617053
nipah-glycoprotein-g,10,24,centroid,1010,0.6833409551951782,0.1805065146038565
nipah-glycoprotein-g,10,24,proto_ratio,1010,0.6809254112873911,0.17725275264680226
nipah-glycoprotein-g,10,25,full,1010,0.5052473587317222,0.10461636040369818
nipah-glycoprotein-g,10,25,centroid,1010,0.5512130486274787,0.158366947428093
nipah-glycoprotein-g,10,25,proto_ratio,1010,0.553781029772165,0.15067868374967147
nipah-glycoprotein-g,10,26,full,1010,0.5125408942202836,0.12441644599892737
nipah-glycoprotein-g,10,26,centroid,1010,0.5283005593273999,0.1585381005962217
nipah-glycoprotein-g,10,26,proto_ratio,1010,0.5285233522120988,0.15689185508700726
nipah-glycoprotein-g,10,27,full,1010,0.6549055475428289,0.1547297118238953
nipah-glycoprotein-g,10,27,centroid,1010,0.702641854574876,0.2870977926818651
nipah-glycoprotein-g,10,27,proto_ratio,1010,0.7016099717404815,0.2663259233850759
nipah-glycoprotein-g,10,28,full,1010,0.5060916265053177,0.10102228319618645
nipah-glycoprotein-g,10,28,centroid,1010,0.5289103082749967,0.1707526826363155
nipah-glycoprotein-g,10,28,proto_ratio,1010,0.5299656429919912,0.16122526177150667
nipah-glycoprotein-g,10,29,full,1010,0.5332371806146738,0.10300232380044622
nipah-glycoprotein-g,10,29,centroid,1010,0.6022443451648081,0.17168714705332666
nipah-glycoprotein-g,10,29,proto_ratio,1010,0.6073451296302811,0.17043513636669927
nipah-glycoprotein-g,10,30,full,1010,0.6806088108722927,0.2555635065486562
nipah-glycoprotein-g,10,30,centroid,1010,0.6726234448470351,0.23132577600277102
nipah-glycoprotein-g,10,30,proto_ratio,1010,0.6750155368722224,0.22528786820014562
nipah-glycoprotein-g,10,31,full,1010,0.5272569505517055,0.122509114269399
nipah-glycoprotein-g,10,31,centroid,1010,0.5902018034497719,0.20160612248311274
nipah-glycoprotein-g,10,31,proto_ratio,1010,0.5902252553323719,0.1964469281872628
nipah-glycoprotein-g,10,32,full,1010,0.565460067306903,0.11601629699198696
nipah-glycoprotein-g,10,32,centroid,1010,0.6607216144275982,0.20188412026405467
nipah-glycoprotein-g,10,32,proto_ratio,1010,0.6578135809852136,0.19623874473163705
nipah-glycoprotein-g,10,33,full,1010,0.622096363785603,0.1409604686677734
nipah-glycoprotein-g,10,33,centroid,1010,0.6307032046997573,0.1923076696808694
nipah-glycoprotein-g,10,33,proto_ratio,1010,0.6307970122301567,0.1835892936342315
nipah-glycoprotein-g,10,34,full,1010,0.5973546276427341,0.1458485002318874
nipah-glycoprotein-g,10,34,centroid,1010,0.5652255484809043,0.18935741771975678
nipah-glycoprotein-g,10,34,proto_ratio,1010,0.5612621803215253,0.18724374948404088
nipah-glycoprotein-g,10,35,full,1010,0.7582931719843811,0.2059265319875328
nipah-glycoprotein-g,10,35,centroid,1010,0.7883819373600216,0.2858037757672683
nipah-glycoprotein-g,10,35,proto_ratio,1010,0.7892027532510171,0.2909211787510157
nipah-glycoprotein-g,10,36,full,1010,0.503406385947632,0.104263263952032
nipah-glycoprotein-g,10,36,centroid,1010,0.5454438855079091,0.15469340985153957
nipah-glycoprotein-g,10,36,proto_ratio,1010,0.5459246491012066,0.15295117608513104
nipah-glycoprotein-g,10,37,full,1010,0.701140934088484,0.18878430131886725
nipah-glycoprotein-g,10,37,centroid,1010,0.7121164151452258,0.28290797468963447
nipah-glycoprotein-g,10,37,proto_ratio,1010,0.7081295951032469,0.2634226443829779
nipah-glycoprotein-g,10,38,full,1010,0.4910003400522977,0.12499639562624908
nipah-glycoprotein-g,10,38,centroid,1010,0.47378665822398897,0.1387402902385063
nipah-glycoprotein-g,10,38,proto_ratio,1010,0.48070496359095227,0.1308045690167556
nipah-glycoprotein-g,10,39,full,1010,0.5229769819772282,0.12168828016730537
nipah-glycoprotein-g,10,39,centroid,1010,0.5817825775964165,0.16539090969654963
nipah-glycoprotein-g,10,39,proto_ratio,1010,0.5819819185985156,0.1634824826957351
nipah-glycoprotein-g,10,40,full,1010,0.6619293863814917,0.14303267412506382
nipah-glycoprotein-g,10,40,centroid,1010,0.7025949508096763,0.2918532889809225
nipah-glycoprotein-g,10,40,proto_ratio,1010,0.7047877018327646,0.2926054914903558
nipah-glycoprotein-g,10,41,full,1010,0.6266343030686788,0.13300535243779654
nipah-glycoprotein-g,10,41,centroid,1010,0.597917472825131,0.20453349232615492
nipah-glycoprotein-g,10,41,proto_ratio,1010,0.5972139163471347,0.19420959961243012
nipah-glycoprotein-g,10,42,full,1010,0.6328842297815458,0.15951812247891414
nipah-glycoprotein-g,10,42,centroid,1010,0.6407288845112041,0.21045030315617128
nipah-glycoprotein-g,10,42,proto_ratio,1010,0.6410454849263025,0.20825759920438056
nipah-glycoprotein-g,10,43,full,1010,0.621897022783504,0.20424046387258685
nipah-glycoprotein-g,10,43,centroid,1010,0.5524911762291718,0.12514614009699213
nipah-glycoprotein-g,10,43,proto_ratio,1010,0.5544845862501613,0.13667839681002875
nipah-glycoprotein-g,10,44,full,1010,0.4882095660229125,0.09687803080737883
nipah-glycoprotein-g,10,44,centroid,1010,0.5222147957927323,0.165252946228868
nipah-glycoprotein-g,10,44,proto_ratio,1010,0.5240909464007224,0.15546090960130826
nipah-glycoprotein-g,10,45,full,1010,0.5863439687620924,0.1301277621410212
nipah-glycoprotein-g,10,45,centroid,1010,0.6149904433578406,0.20267599028060215
nipah-glycoprotein-g,10,45,proto_ratio,1010,0.6146034872949426,0.19636387772967018
nipah-glycoprotein-g,10,46,full,1010,0.5594563853613349,0.13468141093579375
nipah-glycoprotein-g,10,46,centroid,1010,0.6055041568461907,0.18591235451153357
nipah-glycoprotein-g,10,46,proto_ratio,1010,0.6057386756721895,0.17825153041005817
nipah-glycoprotein-g,10,47,full,1010,0.6925575450569295,0.18248914672989625
nipah-glycoprotein-g,10,47,centroid,1010,0.7314642182901232,0.33536542166697186
nipah-glycoprotein-g,10,47,proto_ratio,1010,0.727348412893845,0.34641477185234504
nipah-glycoprotein-g,10,48,full,1010,0.6598187169475028,0.14919005986721684
nipah-glycoprotein-g,10,48,centroid,1010,0.6679799720922597,0.29880504307582534
nipah-glycoprotein-g,10,48,proto_ratio,1010,0.6668777336100655,0.2683128460377069
nipah-glycoprotein-g,10,49,full,1010,0.6125045438022536,0.1446123499369596
nipah-glycoprotein-g,10,49,centroid,1010,0.574348330812256,0.12926818135127074
nipah-glycoprotein-g,10,49,proto_ratio,1010,0.5699511028247792,0.12754916288777157
nipah-glycoprotein-g,10,50,full,1010,0.6846894384446711,0.15661125841665233
nipah-glycoprotein-g,10,50,centroid,1010,0.6813827229980887,0.23171707583863327
nipah-glycoprotein-g,10,50,proto_ratio,1010,0.6803391142223942,0.2257597801378026
nipah-glycoprotein-g,10,51,full,1010,0.6190476190476191,0.15845913750164808
nipah-glycoprotein-g,10,51,centroid,1010,0.5864964059989916,0.19351324323639102
nipah-glycoprotein-g,10,51,proto_ratio,1010,0.5876807260702852,0.1806408744222106
nipah-glycoprotein-g,10,52,full,1010,0.5123650051007844,0.12048109811821306
nipah-glycoprotein-g,10,52,centroid,1010,0.564334376942109,0.18115171645768263
nipah-glycoprotein-g,10,52,proto_ratio,1010,0.5643812807073088,0.17767377428548875
nipah-glycoprotein-g,10,53,full,1010,0.5422309775917262,0.11469293634425444
nipah-glycoprotein-g,10,53,centroid,1010,0.5929925774791571,0.20146413126056786
nipah-glycoprotein-g,10,53,proto_ratio,1010,0.5935671486028542,0.1890996891903382
nipah-glycoprotein-g,10,54,full,1010,0.6214748888967062,0.22440676207542948
nipah-glycoprotein-g,10,54,centroid,1010,0.49360349902088385,0.24382321551482825
nipah-glycoprotein-g,10,54,proto_ratio,1010,0.49365040278608363,0.23003627318268743
nipah-glycoprotein-g,10,55,full,1010,0.6648491457651762,0.20678995683833457
nipah-glycoprotein-g,10,55,centroid,1010,0.6691408402809536,0.24038844187871028
nipah-glycoprotein-g,10,55,proto_ratio,1010,0.6695629741677513,0.23787818794104004
nipah-glycoprotein-g,10,56,full,1010,0.5939189268418522,0.12261752589582914
nipah-glycoprotein-g,10,56,centroid,1010,0.6360736858151288,0.14321164697070926
nipah-glycoprotein-g,10,56,proto_ratio,1010,0.6407171585699042,0.15956925600926894
nipah-glycoprotein-g,10,57,full,1010,0.6617886750858926,0.15292048445958412
nipah-glycoprotein-g,10,57,centroid,1010,0.627513748666174,0.20710071618122228
nipah-glycoprotein-g,10,57,proto_ratio,1010,0.6266225771273789,0.1993835136536163
nipah-glycoprotein-g,10,58,full,1010,0.686987722939459,0.15690763871457378
nipah-glycoprotein-g,10,58,centroid,1010,0.6413855372240007,0.206204557266423
nipah-glycoprotein-g,10,58,proto_ratio,1010,0.6399080686202084,0.19841260592212262
nipah-glycoprotein-g,10,59,full,1010,0.6059145647916886,0.137434665616611
nipah-glycoprotein-g,10,59,centroid,1010,0.6292960917437648,0.25707637706019487
nipah-glycoprotein-g,10,59,proto_ratio,1010,0.6261300875927815,0.2559988839733296
nipah-glycoprotein-g,10,60,full,1010,0.6253092717017859,0.20366399726877166
nipah-glycoprotein-g,10,60,centroid,1010,0.5733516258017612,0.24320431821181274
nipah-glycoprotein-g,10,60,proto_ratio,1010,0.5729177659736636,0.2445133246990372
nipah-glycoprotein-g,10,61,full,1010,0.5889471277306786,0.13027357756326763
nipah-glycoprotein-g,10,61,centroid,1010,0.6197629014669153,0.19831829814205848
nipah-glycoprotein-g,10,61,proto_ratio,1010,0.6197746274082152,0.19168827911789413
nipah-glycoprotein-g,10,62,full,1010,0.5097735720734982,0.12053127808995606
nipah-glycoprotein-g,10,62,centroid,1010,0.5907294708082692,0.1818858387439474
nipah-glycoprotein-g,10,62,proto_ratio,1010,0.5915268348166649,0.17855969688198575
nipah-glycoprotein-g,10,63,full,1010,0.49339243207748495,0.10129686413590552
nipah-glycoprotein-g,10,63,centroid,1010,0.49605422075257094,0.0931088071833327
nipah-glycoprotein-g,10,63,proto_ratio,1010,0.4988449947819561,0.09337182888102481
nipah-glycoprotein-g,10,64,full,1010,0.5134203398177789,0.1160437019201446
nipah-glycoprotein-g,10,64,centroid,1010,0.5646744292398072,0.16754403531115797
nipah-glycoprotein-g,10,64,proto_ratio,1010,0.5654366154243032,0.16390476929716535
nipah-glycoprotein-g,10,65,full,1010,0.6440825037229864,0.1494134821002836
nipah-glycoprotein-g,10,65,centroid,1010,0.6472485078739697,0.22528484491185874
nipah-glycoprotein-g,10,65,proto_ratio,1010,0.6486556208299621,0.21668805952424258
nipah-glycoprotein-g,10,66,full,1010,0.49994723326415025,0.11209463163897694
nipah-glycoprotein-g,10,66,centroid,1010,0.5960061443932412,0.2093676178313511
nipah-glycoprotein-g,10,66,proto_ratio,1010,0.5949508096762468,0.19980060870809316
nipah-glycoprotein-g,10,67,full,1010,0.6651188424150748,0.14747776040434785
nipah-glycoprotein-g,10,67,centroid,1010,0.7064293336147559,0.1807249365743426
nipah-glycoprotein-g,10,67,proto_ratio,1010,0.7155872937700074,0.19712896030511753
nipah-glycoprotein-g,10,68,full,1010,0.6695160704025516,0.15314407600639873
nipah-glycoprotein-g,10,68,centroid,1010,0.6737491352118291,0.18267361045688252
nipah-glycoprotein-g,10,68,proto_ratio,1010,0.6777594071364078,0.1808383708553363
nipah-glycoprotein-g,10,69,full,1010,0.6153539475381387,0.1381730999039591
nipah-glycoprotein-g,10,69,centroid,1010,0.5976829539991323,0.14509604194912348
nipah-glycoprotein-g,10,69,proto_ratio,1010,0.5957950774498423,0.1438029930746334
nipah-glycoprotein-g,10,70,full,1010,0.6053048158440919,0.14673102588211173
nipah-glycoprotein-g,10,70,centroid,1010,0.5896037804434751,0.1638138906159523
nipah-glycoprotein-g,10,70,proto_ratio,1010,0.5844443662715026,0.15926815880710543
nipah-glycoprotein-g,10,71,full,1010,0.671122524360643,0.15273713661304927
nipah-glycoprotein-g,10,71,centroid,1010,0.6683786540964576,0.23361852601029784
nipah-glycoprotein-g,10,71,proto_ratio,1010,0.666783926079666,0.2271224539266368
nipah-glycoprotein-g,10,72,full,1010,0.6127507885695523,0.15343919147094676
nipah-glycoprotein-g,10,72,centroid,1010,0.5669140840280954,0.26020548134174615
nipah-glycoprotein-g,10,72,proto_ratio,1010,0.567359669797493,0.24453841629497075
nipah-glycoprotein-g,10,73,full,1010,0.6844080158534727,0.17725238709221441
nipah-glycoprotein-g,10,73,centroid,1010,0.6712046059497427,0.19057023596426959
nipah-glycoprotein-g,10,73,proto_ratio,1010,0.6608505997818976,0.16611429394971786
nipah-glycoprotein-g,10,74,full,1010,0.5765176299527445,0.11914502833606162
nipah-glycoprotein-g,10,74,centroid,1010,0.46655175244192726,0.09218048738836426
nipah-glycoprotein-g,10,74,proto_ratio,1010,0.4643238235949391,0.08852058649788241
nipah-glycoprotein-g,10,75,full,1010,0.4987746391341565,0.13114409860925805
nipah-glycoprotein-g,10,75,centroid,1010,0.47481854105838345,0.13573800552304105
nipah-glycoprotein-g,10,75,proto_ratio,1010,0.4823114175490437,0.13628950064592857
nipah-glycoprotein-g,10,76,full,1010,0.6201146797059134,0.23151993382733455
nipah-glycoprotein-g,10,76,centroid,1010,0.5787221069171328,0.3337013945287649
nipah-glycoprotein-g,10,76,proto_ratio,1010,0.5702442513572776,0.3317033707616265
nipah-glycoprotein-g,10,77,full,1010,0.6618121269684923,0.14223458737496092
nipah-glycoprotein-g,10,77,centroid,1010,0.6610147629600965,0.161001047489051
nipah-glycoprotein-g,10,77,proto_ratio,1010,0.6626212169181881,0.16997004212854996
nipah-glycoprotein-g,10,78,full,1010,0.5077098064047091,0.11562316918278313
nipah-glycoprotein-g,10,78,centroid,1010,0.5270458836083067,0.15320110691177297
nipah-glycoprotein-g,10,78,proto_ratio,1010,0.5283943668577995,0.15127159697819595
nipah-glycoprotein-g,10,79,full,1010,0.6359447004608295,0.1958346577268372
nipah-glycoprotein-g,10,79,centroid,1010,0.6050468451354932,0.23065341770486703
nipah-glycoprotein-g,10,79,proto_ratio,1010,0.5972021904058348,0.21140840548530612
nipah-glycoprotein-g,10,80,full,1010,0.6643918340544788,0.2141674000227807
nipah-glycoprotein-g,10,80,centroid,1010,0.6472602338152695,0.20374105635647027
nipah-glycoprotein-g,10,80,proto_ratio,1010,0.6519740622178446,0.2013053953773936
nipah-glycoprotein-g,10,81,full,1010,0.6280062382007715,0.18681258197038636
nipah-glycoprotein-g,10,81,centroid,1010,0.6004502761459176,0.21993136586741893
nipah-glycoprotein-g,10,81,proto_ratio,1010,0.6010013953870147,0.2126230564177644
nipah-glycoprotein-g,10,82,full,1010,0.4953741161571745,0.09857415619985158
nipah-glycoprotein-g,10,82,centroid,1010,0.44884558107902106,0.1567046664055732
nipah-glycoprotein-g,10,82,proto_ratio,1010,0.451882599875705,0.14686797752069686
nipah-glycoprotein-g,10,83,full,1010,0.5763651927158453,0.12670940669875058
nipah-glycoprotein-g,10,83,centroid,1010,0.6124928178609539,0.1995931380276793
nipah-glycoprotein-g,10,83,proto_ratio,1010,0.615295317831639,0.19525764298167858
nipah-glycoprotein-g,10,84,full,1010,0.6517512693331456,0.2643781715012673
nipah-glycoprotein-g,10,84,centroid,1010,0.6149200877100409,0.28248434725939614
nipah-glycoprotein-g,10,84,proto_ratio,1010,0.6091626505317714,0.27337191468180655
nipah-glycoprotein-g,10,85,full,1010,0.5943996904351496,0.13468861044880892
nipah-glycoprotein-g,10,85,centroid,1010,0.6153422215968387,0.35191422977352965
nipah-glycoprotein-g,10,85,proto_ratio,1010,0.6097606735380683,0.34983825411659764
nipah-glycoprotein-g,10,86,full,1010,0.6365544494084262,0.18041797429585937
nipah-glycoprotein-g,10,86,centroid,1010,0.5960882259823408,0.2919147438999603
nipah-glycoprotein-g,10,86,proto_ratio,1010,0.5877159038941852,0.2896788020865646
nipah-glycoprotein-g,10,87,full,1010,0.5795077449842286,0.11526576144361898
nipah-glycoprotein-g,10,87,centroid,1010,0.6347486544482359,0.19490707896997364
nipah-glycoprotein-g,10,87,proto_ratio,1010,0.6333063636683436,0.18904101399150325
nipah-glycoprotein-g,10,88,full,1010,0.6288153281504674,0.23885831766760895
nipah-glycoprotein-g,10,88,centroid,1010,0.5426179336546242,0.25397772753896164
nipah-glycoprotein-g,10,88,proto_ratio,1010,0.545467337390509,0.2494663479377071
nipah-glycoprotein-g,10,89,full,1010,0.7135587059251182,0.1706950287754616
nipah-glycoprotein-g,10,89,centroid,1010,0.7068866453254536,0.2512579218675634
nipah-glycoprotein-g,10,89,proto_ratio,1010,0.7060541034931579,0.2423971075633928
nipah-glycoprotein-g,10,90,full,1010,0.6435548363644892,0.1424860275252231
nipah-glycoprotein-g,10,90,centroid,1010,0.5717451718436697,0.1910099415251219
nipah-glycoprotein-g,10,90,proto_ratio,1010,0.5691889166402833,0.18647161551538693
nipah-glycoprotein-g,10,91,full,1010,0.5951853285022455,0.13573254794988646
nipah-glycoprotein-g,10,91,centroid,1010,0.5987734665400266,0.20213187771672053
nipah-glycoprotein-g,10,91,proto_ratio,1010,0.5970145753450359,0.19853099016939219
nipah-glycoprotein-g,10,92,full,1010,0.5663277869630985,0.12431250124523045
nipah-glycoprotein-g,10,92,centroid,1010,0.604143947655398,0.11797578579536216
nipah-glycoprotein-g,10,92,proto_ratio,1010,0.606043550145988,0.11861051154995099
nipah-glycoprotein-g,10,93,full,1010,0.5021517102285387,0.11410355125424121
nipah-glycoprotein-g,10,93,centroid,1010,0.5397099002122395,0.16089761407193717
nipah-glycoprotein-g,10,93,proto_ratio,1010,0.5422661554156261,0.15964141663242717
nipah-glycoprotein-g,10,94,full,1010,0.6847597940924708,0.15476025619309214
nipah-glycoprotein-g,10,94,centroid,1010,0.6871518861176582,0.19343647358779106
nipah-glycoprotein-g,10,94,proto_ratio,1010,0.6889459551365485,0.19990071629361372
nipah-glycoprotein-g,10,95,full,1010,0.6075913743975797,0.18539389054198932
nipah-glycoprotein-g,10,95,centroid,1010,0.5480939482416951,0.16429862164142833
nipah-glycoprotein-g,10,95,proto_ratio,1010,0.5454087076840094,0.1593398896283144
nipah-glycoprotein-g,10,96,full,1010,0.550192891734384,0.10124494167029507
nipah-glycoprotein-g,10,96,centroid,1010,0.5888181423763792,0.18447106292978444
nipah-glycoprotein-g,10,96,proto_ratio,1010,0.5872468662421877,0.17660216627268033
nipah-glycoprotein-g,10,97,full,1010,0.6195049307583166,0.1539439789099883
nipah-glycoprotein-g,10,97,centroid,1010,0.5837290838522062,0.19854947652936553
nipah-glycoprotein-g,10,97,proto_ratio,1010,0.5802933830513244,0.19080419514863672
nipah-glycoprotein-g,10,98,full,1010,0.512822316811482,0.11565047570098327
nipah-glycoprotein-g,10,98,centroid,1010,0.5623175150385198,0.10961399488247993
nipah-glycoprotein-g,10,98,proto_ratio,1010,0.5642991991182091,0.11487517677314962
nipah-glycoprotein-g,10,99,full,1010,0.6347721063308357,0.17584081758159864
nipah-glycoprotein-g,10,99,centroid,1010,0.5955253807999438,0.34737297973319703
nipah-glycoprotein-g,10,99,proto_ratio,1010,0.5944348682590495,0.3422872666843758
pd-l1,0,0,full,75,0.655982905982906,0.630491433125547
pd-l1,1,0,full,73,0.6894736842105263,0.6729822303709327
pd-l1,1,0,centroid,73,0.5210526315789474,0.529161511903304
pd-l1,1,0,proto_ratio,73,0.5203007518796992,0.5247318326763527
pd-l1,1,1,full,73,0.6917293233082706,0.6558541300998559
pd-l1,1,1,centroid,73,0.5090225563909775,0.5374617414477233
pd-l1,1,1,proto_ratio,73,0.5067669172932331,0.536964567769435
pd-l1,1,2,full,73,0.6729323308270677,0.6656227254969631
pd-l1,1,2,centroid,73,0.6142857142857143,0.6599987388578642
pd-l1,1,2,proto_ratio,73,0.581203007518797,0.626508637059359
pd-l1,1,3,full,73,0.6661654135338346,0.6625835301654407
pd-l1,1,3,centroid,73,0.5481203007518797,0.6039625980257276
pd-l1,1,3,proto_ratio,73,0.5541353383458647,0.6059351196191899
pd-l1,1,4,full,73,0.7097744360902255,0.7133476972496386
pd-l1,1,4,centroid,73,0.5533834586466165,0.5283207220793406
pd-l1,1,4,proto_ratio,73,0.5518796992481203,0.5256519437881579
pd-l1,1,5,full,73,0.6233082706766917,0.6818421412016514
pd-l1,1,5,centroid,73,0.4721804511278196,0.4973982088810694
pd-l1,1,5,proto_ratio,73,0.4781954887218045,0.4986960951851884
pd-l1,1,6,full,73,0.6827067669172933,0.639314756685408
pd-l1,1,6,centroid,73,0.5541353383458647,0.555912994854636
pd-l1,1,6,proto_ratio,73,0.5526315789473685,0.5544464802709631
pd-l1,1,7,full,73,0.7052631578947368,0.7043554634302521
pd-l1,1,7,centroid,73,0.5172932330827067,0.5066084764629388
pd-l1,1,7,proto_ratio,73,0.5112781954887218,0.5036320758861508
pd-l1,1,8,full,73,0.593984962406015,0.544036035145325
pd-l1,1,8,centroid,73,0.40225563909774437,0.46553807828480365
pd-l1,1,8,proto_ratio,73,0.42481203007518803,0.4745885363010024
pd-l1,1,9,full,73,0.6864661654135339,0.6892373093207383
pd-l1,1,9,centroid,73,0.575187969924812,0.5448318339269702
pd-l1,1,9,proto_ratio,73,0.5556390977443609,0.5273615187270706
pd-l1,1,10,full,73,0.6819548872180451,0.6941425485912607
pd-l1,1,10,centroid,73,0.5233082706766917,0.5333869210077195
pd-l1,1,10,proto_ratio,73,0.5142857142857143,0.5246359655316477
pd-l1,1,11,full,73,0.7127819548872181,0.6757337044965417
pd-l1,1,11,centroid,73,0.6218045112781955,0.6008265547992641
pd-l1,1,11,proto_ratio,73,0.5992481203007518,0.5711994672927493
pd-l1,1,12,full,73,0.6969924812030075,0.6563184260776724
pd-l1,1,12,centroid,73,0.5669172932330827,0.5438199881579763
pd-l1,1,12,proto_ratio,73,0.5699248120300752,0.5440121795434643
pd-l1,1,13,full,73,0.7180451127819549,0.7763396575857827
pd-l1,1,13,centroid,73,0.4676691729323309,0.4982897180905995
pd-l1,1,13,proto_ratio,73,0.46992481203007513,0.49577652030888036
pd-l1,1,14,full,73,0.7270676691729323,0.6854132322274533
pd-l1,1,14,centroid,73,0.531578947368421,0.5639325379155682
pd-l1,1,14,proto_ratio,73,0.5240601503759399,0.5873156960777738
pd-l1,1,15,full,73,0.7263157894736842,0.7119734911525032
pd-l1,1,15,centroid,73,0.4714285714285715,0.5169260555953227
pd-l1,1,15,proto_ratio,73,0.4714285714285714,0.5172712167438079
pd-l1,1,16,full,73,0.6714285714285714,0.6837524567839358
pd-l1,1,16,centroid,73,0.5293233082706766,0.5472851817636155
pd-l1,1,16,proto_ratio,73,0.4894736842105263,0.5359156867449933
pd-l1,1,17,full,73,0.7218045112781954,0.6595944510188636
pd-l1,1,17,centroid,73,0.5466165413533834,0.5685138219778567
pd-l1,1,17,proto_ratio,73,0.5345864661654135,0.5482560239424508
pd-l1,1,18,full,73,0.7120300751879699,0.6721563412909017
pd-l1,1,18,centroid,73,0.5977443609022556,0.6506712639987339
pd-l1,1,18,proto_ratio,73,0.5879699248120301,0.6444896855109613
pd-l1,1,19,full,73,0.6676691729323309,0.6753893295756617
pd-l1,1,19,centroid,73,0.5533834586466165,0.553062934788038
pd-l1,1,19,proto_ratio,73,0.5511278195488722,0.5526401364724437
pd-l1,1,20,full,73,0.681203007518797,0.6959193412003315
pd-l1,1,20,centroid,73,0.5150375939849624,0.5374328813076981
pd-l1,1,20,proto_ratio,73,0.5037593984962406,0.5049521450346607
pd-l1,1,21,full,73,0.5458646616541354,0.5904917087488185
pd-l1,1,21,centroid,73,0.4406015037593985,0.4877662553301441
pd-l1,1,21,proto_ratio,73,0.4353383458646617,0.4772307683461534
pd-l1,1,22,full,73,0.7315789473684211,0.6786473773859869
pd-l1,1,22,centroid,73,0.5308270676691729,0.562196823283308
pd-l1,1,22,proto_ratio,73,0.5240601503759399,0.5519060713870236
pd-l1,1,23,full,73,0.7308270676691729,0.6841807709997723
pd-l1,1,23,centroid,73,0.5909774436090225,0.6200179863444792
pd-l1,1,23,proto_ratio,73,0.5774436090225564,0.6006670588259431
pd-l1,1,24,full,73,0.7097744360902256,0.6616403684547771
pd-l1,1,24,centroid,73,0.6834586466165413,0.7426409099203158
pd-l1,1,24,proto_ratio,73,0.6781954887218046,0.7373486930992926
pd-l1,1,25,full,73,0.7172932330827068,0.6985158993838494
pd-l1,1,25,centroid,73,0.5984962406015037,0.5858386343095043
pd-l1,1,25,proto_ratio,73,0.6022556390977444,0.5879875551930014
pd-l1,1,26,full,73,0.6624060150375939,0.6767507056149343
pd-l1,1,26,centroid,73,0.5308270676691729,0.5525871584907908
pd-l1,1,26,proto_ratio,73,0.5180451127819549,0.5309599597784768
pd-l1,1,27,full,73,0.4481203007518797,0.5209065850607101
pd-l1,1,27,centroid,73,0.2774436090225564,0.4108016493033134
pd-l1,1,27,proto_ratio,73,0.29097744360902256,0.41477258366516256
pd-l1,1,28,full,73,0.6684210526315789,0.643058290121934
pd-l1,1,28,centroid,73,0.5270676691729324,0.5322840281303418
pd-l1,1,28,proto_ratio,73,0.5293233082706766,0.53186751735456
pd-l1,1,29,full,73,0.575187969924812,0.5467681187354262
pd-l1,1,29,centroid,73,0.4541353383458646,0.4878589524427912
pd-l1,1,29,proto_ratio,73,0.4571428571428571,0.48949325793977017
pd-l1,1,30,full,73,0.5804511278195488,0.5490525801066738
pd-l1,1,30,centroid,73,0.42556390977443614,0.4786539839211992
pd-l1,1,30,proto_ratio,73,0.4360902255639098,0.48260784732343653
pd-l1,1,31,full,73,0.7015037593984963,0.7143900879179805
pd-l1,1,31,centroid,73,0.5278195488721804,0.5734832609252442
pd-l1,1,31,proto_ratio,73,0.5007518796992481,0.5462639108724492
pd-l1,1,32,full,73,0.7270676691729323,0.7126808317356212
pd-l1,1,32,centroid,73,0.5375939849624061,0.6044373425137856
pd-l1,1,32,proto_ratio,73,0.49624060150375937,0.5512343332287497
pd-l1,1,33,full,73,0.5729323308270677,0.5448539465099009
pd-l1,1,33,centroid,73,0.4496240601503759,0.4835133164854851
pd-l1,1,33,proto_ratio,73,0.4496240601503759,0.4840081675726404
pd-l1,1,34,full,73,0.5849624060150376,0.6025533930005917
pd-l1,1,34,centroid,73,0.47142857142857136,0.5762886680089346
pd-l1,1,34,proto_ratio,73,0.4609022556390977,0.5403045214938619
pd-l1,1,35,full,73,0.6195488721804511,0.5883122139479284
pd-l1,1,35,centroid,73,0.4075187969924812,0.4513245499185564
pd-l1,1,35,proto_ratio,73,0.4270676691729323,0.4568064324848623
pd-l1,1,36,full,73,0.7090225563909774,0.6526520303027864
pd-l1,1,36,centroid,73,0.5894736842105264,0.6223536564342022
pd-l1,1,36,proto_ratio,73,0.5796992481203008,0.5760729063430908
pd-l1,1,37,full,73,0.6240601503759399,0.639878066469875
pd-l1,1,37,centroid,73,0.47669172932330833,0.48705011218296246
pd-l1,1,37,proto_ratio,73,0.4789473684210527,0.4877061547927589
pd-l1,1,38,full,73,0.7037593984962406,0.7094304184115489
pd-l1,1,38,centroid,73,0.4954887218045113,0.49242974499458947
pd-l1,1,38,proto_ratio,73,0.4932330827067669,0.4916704816592543
pd-l1,1,39,full,73,0.5714285714285714,0.5251241415674417
pd-l1,1,39,centroid,73,0.45864661654135336,0.48969121410173844
pd-l1,1,39,proto_ratio,73,0.4616541353383459,0.491425519726877
pd-l1,1,40,full,73,0.71203007518797,0.6802101974889813
pd-l1,1,40,centroid,73,0.6097744360902255,0.6183814596152984
pd-l1,1,40,proto_ratio,73,0.6090225563909775,0.604607511411119
pd-l1,1,41,full,73,0.7112781954887217,0.6692129919389526
pd-l1,1,41,centroid,73,0.5699248120300752,0.5704782977339027
pd-l1,1,41,proto_ratio,73,0.5684210526315789,0.5426321672561933
pd-l1,1,42,full,73,0.6458646616541354,0.651907965182411
pd-l1,1,42,centroid,73,0.4962406015037593,0.5282505795739123
pd-l1,1,42,proto_ratio,73,0.5030075187969925,0.530278221235213
pd-l1,1,43,full,73,0.6947368421052631,0.6778211437529532
pd-l1,1,43,centroid,73,0.5578947368421052,0.5575183794395605
pd-l1,1,43,proto_ratio,73,0.5578947368421052,0.5556884062744677
pd-l1,1,44,full,73,0.6842105263157895,0.6571008509460947
pd-l1,1,44,centroid,73,0.48571428571428577,0.5222518747083329
pd-l1,1,44,proto_ratio,73,0.46766917293233085,0.502355712717498
pd-l1,1,45,full,73,0.5669172932330827,0.5459090980785769
pd-l1,1,45,centroid,73,0.406015037593985,0.4496137417242199
pd-l1,1,45,proto_ratio,73,0.4368421052631579,0.4656113860187941
pd-l1,1,46,full,73,0.6624060150375939,0.6767507056149343
pd-l1,1,46,centroid,73,0.5360902255639097,0.5548289478759352
pd-l1,1,46,proto_ratio,73,0.5270676691729324,0.5360508523738068
pd-l1,1,47,full,73,0.7015037593984962,0.6814284609488056
pd-l1,1,47,centroid,73,0.5571428571428572,0.5624808099195379
pd-l1,1,47,proto_ratio,73,0.5578947368421052,0.5591226302260851
pd-l1,1,48,full,73,0.5774436090225564,0.5255370410780704
pd-l1,1,48,centroid,73,0.48195488721804514,0.4969232540299431
pd-l1,1,48,proto_ratio,73,0.48045112781954885,0.49644985478672454
pd-l1,1,49,full,73,0.6533834586466165,0.6742804925411242
pd-l1,1,49,centroid,73,0.49699248120300754,0.5420758648959247
pd-l1,1,49,proto_ratio,73,0.4984962406015038,0.5424927169624233
pd-l1,1,50,full,73,0.7300751879699248,0.6623242089745127
pd-l1,1,50,centroid,73,0.6518796992481202,0.6356027849606645
pd-l1,1,50,proto_ratio,73,0.6481203007518797,0.6341972042707168
pd-l1,1,51,full,73,0.7473684210526316,0.7042335596487816
pd-l1,1,51,centroid,73,0.6571428571428571,0.7406450984653851
pd-l1,1,51,proto_ratio,73,0.656390977443609,0.7396883756633902
pd-l1,1,52,full,73,0.7263157894736842,0.7124905729837185
pd-l1,1,52,centroid,73,0.5360902255639098,0.6027278119336026
pd-l1,1,52,proto_ratio,73,0.4932330827067669,0.5548443855019886
pd-l1,1,53,full,73,0.6526315789473685,0.6427238021590912
pd-l1,1,53,centroid,73,0.5195488721804511,0.5660955024991045
pd-l1,1,53,proto_ratio,73,0.5293233082706766,0.5736000414960565
pd-l1,1,54,full,73,0.5744360902255639,0.6262382196550615
pd-l1,1,54,centroid,73,0.469172932330827,0.5202222092548138
pd-l1,1,54,proto_ratio,73,0.4699248120300752,0.5204854363194026
pd-l1,1,55,full,73,0.5548872180451128,0.585167535405501
pd-l1,1,55,centroid,73,0.3924812030075188,0.461642609795034
pd-l1,1,55,proto_ratio,73,0.3939849624060151,0.4620957630144463
pd-l1,1,56,full,73,0.706015037593985,0.6665554522339363
pd-l1,1,56,centroid,73,0.643609022556391,0.6774065080377317
pd-l1,1,56,proto_ratio,73,0.6421052631578947,0.6730954945882185
pd-l1,1,57,full,73,0.7481203007518796,0.7031788134729642
pd-l1,1,57,centroid,73,0.4842105263157895,0.5119498239988907
pd-l1,1,57,proto_ratio,73,0.47518796992481205,0.5023646792492275
pd-l1,1,58,full,73,0.6368421052631579,0.6498918387563394
pd-l1,1,58,centroid,73,0.4849624060150376,0.5112408483664657
pd-l1,1,58,proto_ratio,73,0.4804511278195489,0.48682420867788845
pd-l1,1,59,full,73,0.7195488721804512,0.6713463929976029
pd-l1,1,59,centroid,73,0.6225563909774435,0.6186373021952829
pd-l1,1,59,proto_ratio,73,0.5804511278195489,0.5665657672698037
pd-l1,1,60,full,73,0.6624060150375939,0.6767507056149343
pd-l1,1,60,centroid,73,0.5360902255639097,0.5548289478759352
pd-l1,1,60,proto_ratio,73,0.5270676691729324,0.5360508523738068
pd-l1,1,61,full,73,0.5699248120300752,0.5920721653595702
pd-l1,1,61,centroid,73,0.5150375939849624,0.5434464047577571
pd-l1,1,61,proto_ratio,73,0.5172932330827068,0.5445627039577161
pd-l1,1,62,full,73,0.7270676691729323,0.7126808317356212
pd-l1,1,62,centroid,73,0.5421052631578948,0.609284657978226
pd-l1,1,62,proto_ratio,73,0.5060150375939849,0.5584185408639334
pd-l1,1,63,full,73,0.7075187969924812,0.7208632098848686
pd-l1,1,63,centroid,73,0.5781954887218046,0.5487928801443362
pd-l1,1,63,proto_ratio,73,0.5586466165413534,0.5323503690511822
pd-l1,1,64,full,73,0.6969924812030075,0.6563184260776724
pd-l1,1,64,centroid,73,0.5669172932330827,0.5438199881579763
pd-l1,1,64,proto_ratio,73,0.5699248120300752,0.5440121795434643
pd-l1,1,65,full,73,0.7533834586466166,0.7051350951828629
pd-l1,1,65,centroid,73,0.6533834586466166,0.623633827687041
pd-l1,1,65,proto_ratio,73,0.6548872180451127,0.6272428258441942
pd-l1,1,66,full,73,0.681203007518797,0.6959193412003315
pd-l1,1,66,centroid,73,0.5150375939849624,0.5374328813076981
pd-l1,1,66,proto_ratio,73,0.5037593984962406,0.5049521450346607
pd-l1,1,67,full,73,0.6105263157894737,0.5692024556160318
pd-l1,1,67,centroid,73,0.46842105263157896,0.49946866385511307
pd-l1,1,67,proto_ratio,73,0.4714285714285714,0.5037804238671847
pd-l1,1,68,full,73,0.6157894736842106,0.6093812532948356
pd-l1,1,68,centroid,73,0.4729323308270677,0.4900376790640608
pd-l1,1,68,proto_ratio,73,0.4774436090225564,0.4897389388289544
pd-l1,1,69,full,73,0.6338345864661654,0.6378035071336243
pd-l1,1,69,centroid,73,0.5067669172932331,0.5942217115088839
pd-l1,1,69,proto_ratio,73,0.5037593984962406,0.5884527455803434
pd-l1,1,70,full,73,0.6360902255639098,0.6006175137131661
pd-l1,1,70,centroid,73,0.4864661654135339,0.4966300790245102
pd-l1,1,70,proto_ratio,73,0.49473684210526314,0.4990670185342087
pd-l1,1,71,full,73,0.5706766917293233,0.6254504036661518
pd-l1,1,71,centroid,73,0.4736842105263158,0.5358941911914171
pd-l1,1,71,proto_ratio,73,0.47067669172932336,0.5362271790782095
pd-l1,1,72,full,73,0.6984962406015037,0.6599257015061671
pd-l1,1,72,centroid,73,0.587218045112782,0.6026909758440704
pd-l1,1,72,proto_ratio,73,0.587218045112782,0.6029575423984465
pd-l1,1,73,full,73,0.7518796992481203,0.7268358015338762
pd-l1,1,73,centroid,73,0.4894736842105263,0.5237012995317168
pd-l1,1,73,proto_ratio,73,0.493984962406015,0.5310739605599843
pd-l1,1,74,full,73,0.706015037593985,0.7156805390180554
pd-l1,1,74,centroid,73,0.543609022556391,0.5770225592897535
pd-l1,1,74,proto_ratio,73,0.5338345864661654,0.5571887942682116
pd-l1,1,75,full,73,0.6120300751879699,0.6197493472311243
pd-l1,1,75,centroid,73,0.4954887218045113,0.4895642435002965
pd-l1,1,75,proto_ratio,73,0.4962406015037594,0.4897865735188913
pd-l1,1,76,full,73,0.6218045112781955,0.7044972434218788
pd-l1,1,76,centroid,73,0.45338345864661667,0.4967346264178344
pd-l1,1,76,proto_ratio,73,0.4541353383458647,0.4945104995735093
pd-l1,1,77,full,73,0.706766917293233,0.7156820330181577
pd-l1,1,77,centroid,73,0.6571428571428571,0.6372550833157847
pd-l1,1,77,proto_ratio,73,0.6601503759398496,0.6353381576620425
pd-l1,1,78,full,73,0.6240601503759399,0.6225505881222554
pd-l1,1,78,centroid,73,0.4887218045112782,0.5642407281751638
pd-l1,1,78,proto_ratio,73,0.4969924812030075,0.5660549278087649
pd-l1,1,79,full,73,0.612781954887218,0.6242187081418984
pd-l1,1,79,centroid,73,0.4939849624060151,0.5292191751331571
pd-l1,1,79,proto_ratio,73,0.5067669172932331,0.5344928569050802
pd-l1,1,80,full,73,0.7255639097744361,0.6690136525017464
pd-l1,1,80,centroid,73,0.6225563909774435,0.6136181501892672
pd-l1,1,80,proto_ratio,73,0.5827067669172932,0.5740250147078413
pd-l1,1,81,full,73,0.5781954887218045,0.5500860286040203
pd-l1,1,81,centroid,73,0.43909774436090226,0.48258195774852686
pd-l1,1,81,proto_ratio,73,0.44285714285714284,0.48380855719645943
pd-l1,1,82,full,73,0.7586466165413533,0.6927177212218656
pd-l1,1,82,centroid,73,0.5413533834586466,0.5798102782547163
pd-l1,1,82,proto_ratio,73,0.5330827067669173,0.5553030031151325
pd-l1,1,83,full,73,0.5699248120300752,0.5424117063021218
pd-l1,1,83,centroid,73,0.44887218045112787,0.4925905408951087
pd-l1,1,83,proto_ratio,73,0.46842105263157896,0.500950679393643
pd-l1,1,84,full,73,0.6646616541353383,0.6765884297105019
pd-l1,1,84,centroid,73,0.5406015037593985,0.5482834286250843
pd-l1,1,84,proto_ratio,73,0.5308270676691729,0.5366168316427629
pd-l1,1,85,full,73,0.7060150375939849,0.7088003588740653
pd-l1,1,85,centroid,73,0.5864661654135338,0.5606134968775243
pd-l1,1,85,proto_ratio,73,0.5699248120300753,0.5486047690883785
pd-l1,1,86,full,73,0.6812030075187969,0.6461631087869988
pd-l1,1,86,centroid,73,0.5308270676691729,0.5359427264440952
pd-l1,1,86,proto_ratio,73,0.5278195488721804,0.5328279510814316
pd-l1,1,87,full,73,0.6887218045112782,0.6461955603448741
pd-l1,1,87,centroid,73,0.6270676691729323,0.7048035168421959
pd-l1,1,87,proto_ratio,73,0.6270676691729323,0.7049750808014584
pd-l1,1,88,full,73,0.7684210526315789,0.7093735455183594
pd-l1,1,88,centroid,73,0.6488721804511278,0.6507399834163066
pd-l1,1,88,proto_ratio,73,0.6030075187969925,0.616427577494065
pd-l1,1,89,full,73,0.675187969924812,0.6696858325483667
pd-l1,1,89,centroid,73,0.6007518796992481,0.645606137873081
pd-l1,1,89,proto_ratio,73,0.5639097744360902,0.5910806558222462
pd-l1,1,90,full,73,0.6684210526315789,0.643058290121934
pd-l1,1,90,centroid,73,0.5270676691729324,0.5322840281303418
pd-l1,1,90,proto_ratio,73,0.5293233082706766,0.53186751735456
pd-l1,1,91,full,73,0.6428571428571429,0.6466861199989974
pd-l1,1,91,centroid,73,0.5293233082706766,0.511311007224725
pd-l1,1,91,proto_ratio,73,0.5353383458646617,0.512833149787143
pd-l1,1,92,full,73,0.7406015037593985,0.7042110158741903
pd-l1,1,92,centroid,73,0.518045112781955,0.5420435330326544
pd-l1,1,92,proto_ratio,73,0.5135338345864662,0.5365051182825781
pd-l1,1,93,full,73,0.5804511278195489,0.5496892173393811
pd-l1,1,93,centroid,73,0.4180451127819549,0.4708137754093321
pd-l1,1,93,proto_ratio,73,0.42255639097744363,0.4723197878871127
pd-l1,1,94,full,73,0.6819548872180451,0.6961395321118028
pd-l1,1,94,centroid,73,0.5323308270676692,0.5405628820687772
pd-l1,1,94,proto_ratio,73,0.5218045112781955,0.5200852055527196
pd-l1,1,95,full,73,0.5894736842105264,0.5980292904912278
pd-l1,1,95,centroid,73,0.5060150375939849,0.5408719114367264
pd-l1,1,95,proto_ratio,73,0.4977443609022557,0.521033181444074
pd-l1,1,96,full,73,0.7421052631578947,0.7017821813118125
pd-l1,1,96,centroid,73,0.4218045112781955,0.46032694691186715
pd-l1,1,96,proto_ratio,73,0.42255639097744363,0.4624844772040724
pd-l1,1,97,full,73,0.6894736842105262,0.6553765315543869
pd-l1,1,97,centroid,73,0.5706766917293233,0.6180441707110483
pd-l1,1,97,proto_ratio,73,0.569172932330827,0.6146034436891273
pd-l1,1,98,full,73,0.7090225563909774,0.6746335121483695
pd-l1,1,98,centroid,73,0.6278195488721805,0.6023369531904427
pd-l1,1,98,proto_ratio,73,0.6075187969924812,0.5769791903639422
pd-l1,1,99,full,73,0.7278195488721805,0.6694171995724445
pd-l1,1,99,centroid,73,0.6654135338345866,0.7206244344713166
pd-l1,1,99,proto_ratio,73,0.6631578947368422,0.7197513816605036
pd-l1,2,0,full,71,0.6947535771065183,0.6604435420647752
pd-l1,2,0,centroid,71,0.638314785373609,0.7050594846379832
pd-l1,2,0,proto_ratio,71,0.6351351351351352,0.6988896926752817
pd-l1,2,1,full,71,0.7535771065182829,0.700363858569691
pd-l1,2,1,centroid,71,0.6430842607313196,0.6428008318470324
pd-l1,2,1,proto_ratio,71,0.6112877583465819,0.6246761700549615
pd-l1,2,2,full,71,0.7408585055643879,0.723165662420092
pd-l1,2,2,centroid,71,0.5627980922098569,0.5990517150383317
pd-l1,2,2,proto_ratio,71,0.5556438791732909,0.5534596944463113
pd-l1,2,3,full,71,0.6931637519872814,0.6667556123988749
pd-l1,2,3,centroid,71,0.5985691573926868,0.6509253030318558
pd-l1,2,3,proto_ratio,71,0.5977742448330684,0.6410944827044969
pd-l1,2,4,full,71,0.7305246422893482,0.7003472532211796
pd-l1,2,4,centroid,71,0.5437201907790143,0.5349223618743537
pd-l1,2,4,proto_ratio,71,0.5389507154213037,0.531165339333413
pd-l1,2,5,full,71,0.7019077901430842,0.7023912368290839
pd-l1,2,5,centroid,71,0.5596184419713831,0.5449654282659873
pd-l1,2,5,proto_ratio,71,0.5643879173290938,0.5466496049279954
pd-l1,2,6,full,71,0.629570747217806,0.6561086031478991
pd-l1,2,6,centroid,71,0.5238473767885533,0.6214056111404103
pd-l1,2,6,proto_ratio,71,0.5182829888712243,0.6127252524600517
pd-l1,2,7,full,71,0.7082670906200319,0.6677609860209062
pd-l1,2,7,centroid,71,0.5063593004769475,0.49362353987710544
pd-l1,2,7,proto_ratio,71,0.5063593004769475,0.49294370523296765
pd-l1,2,8,full,71,0.624006359300477,0.5582983889999157
pd-l1,2,8,centroid,71,0.3918918918918919,0.4586214098618452
pd-l1,2,8,proto_ratio,71,0.3990461049284578,0.4616192830896464
pd-l1,2,9,full,71,0.712241653418124,0.6892235113812761
pd-l1,2,9,centroid,71,0.6089030206677266,0.6061806730389063
pd-l1,2,9,proto_ratio,71,0.6057233704292528,0.5986753005384039
pd-l1,2,10,full,71,0.6939586645468999,0.6843550565927401
pd-l1,2,10,centroid,71,0.505564387917329,0.5374590522330236
pd-l1,2,10,proto_ratio,71,0.49205087440381556,0.5214022732999817
pd-l1,2,11,full,71,0.6732909379968204,0.6265827566227531
pd-l1,2,11,centroid,71,0.5508744038155803,0.572296797385923
pd-l1,2,11,proto_ratio,71,0.5508744038155803,0.5635587360162826
pd-l1,2,12,full,71,0.699523052464229,0.6510186799527105
pd-l1,2,12,centroid,71,0.5866454689984102,0.5911185109683328
pd-l1,2,12,proto_ratio,71,0.5818759936406995,0.5739027038299251
pd-l1,2,13,full,71,0.7241653418124007,0.6856304918316756
pd-l1,2,13,centroid,71,0.6406995230524642,0.6689733073717273
pd-l1,2,13,proto_ratio,71,0.6391096979332274,0.6644044747762231
pd-l1,2,14,full,71,0.595389507154213,0.5517640247970077
pd-l1,2,14,centroid,71,0.4864864864864865,0.509005156165065
pd-l1,2,14,proto_ratio,71,0.4848966613672496,0.5051199987696968
pd-l1,2,15,full,71,0.6915739268680446,0.7080575584168756
pd-l1,2,15,centroid,71,0.5310015898251192,0.5287477406536178
pd-l1,2,15,proto_ratio,71,0.5310015898251192,0.5284122509540098
pd-l1,2,16,full,71,0.7082670906200319,0.6927788471682392
pd-l1,2,16,centroid,71,0.5643879173290939,0.5704475770848674
pd-l1,2,16,proto_ratio,71,0.5389507154213037,0.5492760578777738
pd-l1,2,17,full,71,0.6899841017488076,0.6444997061752074
pd-l1,2,17,centroid,71,0.5596184419713831,0.5437999184499667
pd-l1,2,17,proto_ratio,71,0.5588235294117647,0.5414860803067674
pd-l1,2,18,full,71,0.6899841017488076,0.6710781633714529
pd-l1,2,18,centroid,71,0.5333863275039745,0.5602965001614082
pd-l1,2,18,proto_ratio,71,0.5254372019077902,0.5517762129569106
pd-l1,2,19,full,71,0.7130365659777425,0.6663401880377755
pd-l1,2,19,centroid,71,0.5500794912559619,0.5566630183836072
pd-l1,2,19,proto_ratio,71,0.5500794912559619,0.5563763831854023
pd-l1,2,20,full,71,0.6542130365659778,0.6671927852741857
pd-l1,2,20,centroid,71,0.49602543720190784,0.5117096958104606
pd-l1,2,20,proto_ratio,71,0.48569157392686807,0.5055780485378663
pd-l1,2,21,full,71,0.5969793322734499,0.5439513109050785
pd-l1,2,21,centroid,71,0.46025437201907793,0.48946622923481903
pd-l1,2,21,proto_ratio,71,0.4618441971383148,0.49064852786293806
pd-l1,2,22,full,71,0.7376788553259142,0.6823969447899418
pd-l1,2,22,centroid,71,0.5166931637519873,0.5635664012751045
pd-l1,2,22,proto_ratio,71,0.5127186009538951,0.5619256479657491
pd-l1,2,23,full,71,0.7321144674085851,0.6723695904137924
pd-l1,2,23,centroid,71,0.6430842607313196,0.635845601527671
pd-l1,2,23,proto_ratio,71,0.6422893481717012,0.6354415429840776
pd-l1,2,24,full,71,0.6049284578696343,0.6373116510185355
pd-l1,2,24,centroid,71,0.5111287758346582,0.5194275269431738
pd-l1,2,24,proto_ratio,71,0.5135135135135136,0.5173571522921541
pd-l1,2,25,full,71,0.7408585055643879,0.7079443565835829
pd-l1,2,25,centroid,71,0.5961844197138315,0.5681596337767043
pd-l1,2,25,proto_ratio,71,0.5945945945945946,0.5660569619707122
pd-l1,2,26,full,71,0.7042925278219396,0.6855423567824548
pd-l1,2,26,centroid,71,0.5540540540540541,0.5675796111819522
pd-l1,2,26,proto_ratio,71,0.5556438791732909,0.5657536343842855
pd-l1,2,27,full,71,0.7615262321144675,0.7388074725851728
pd-l1,2,27,centroid,71,0.4658187599364071,0.5410061806615849
pd-l1,2,27,proto_ratio,71,0.4626391096979333,0.5375756659420912
pd-l1,2,28,full,71,0.6605723370429253,0.6478298243415594
pd-l1,2,28,centroid,71,0.5691573926868045,0.6729199951337279
pd-l1,2,28,proto_ratio,71,0.5564387917329094,0.6503765994024504
pd-l1,2,29,full,71,0.6669316375198728,0.6160851586004698
pd-l1,2,29,centroid,71,0.5771065182829889,0.6309945887758837
pd-l1,2,29,proto_ratio,71,0.5771065182829889,0.6339723564595336
pd-l1,2,30,full,71,0.7130365659777425,0.6767451633226598
pd-l1,2,30,centroid,71,0.5731319554848968,0.6264667867515177
pd-l1,2,30,proto_ratio,71,0.5675675675675677,0.6203994424892021
pd-l1,2,31,full,71,0.7066772655007949,0.7106820515927177
pd-l1,2,31,centroid,71,0.48251192368839435,0.5622130001230328
pd-l1,2,31,proto_ratio,71,0.4841017488076311,0.5627971350662127
pd-l1,2,32,full,71,0.6939586645468998,0.6683994158071727
pd-l1,2,32,centroid,71,0.5643879173290938,0.6303547090461705
pd-l1,2,32,proto_ratio,71,0.5166931637519874,0.5610903878648346
pd-l1,2,33,full,71,0.6232114467408585,0.5556567236223382
pd-l1,2,33,centroid,71,0.4546899841017488,0.4864797472396842
pd-l1,2,33,proto_ratio,71,0.4562798092209857,0.4871957183244253
pd-l1,2,34,full,71,0.7170111287758346,0.664702786320966
pd-l1,2,34,centroid,71,0.5556438791732909,0.5964531110684488
pd-l1,2,34,proto_ratio,71,0.5524642289348173,0.5937160121037284
pd-l1,2,35,full,71,0.6518282988871223,0.677110974236856
pd-l1,2,35,centroid,71,0.49523052464228934,0.48789612622528106
pd-l1,2,35,proto_ratio,71,0.4984101748807631,0.48905266848722573
pd-l1,2,36,full,71,0.7122416534181241,0.7049363690326145
pd-l1,2,36,centroid,71,0.6788553259141495,0.6775059459120236
pd-l1,2,36,proto_ratio,71,0.678060413354531,0.6762941559785609
pd-l1,2,37,full,71,0.7464228934817171,0.7427656563897325
pd-l1,2,37,centroid,71,0.4610492845786964,0.4705604583121737
pd-l1,2,37,proto_ratio,71,0.45866454689984104,0.468358526646035
pd-l1,2,38,full,71,0.7249602543720192,0.7089499849448067
pd-l1,2,38,centroid,71,0.5246422893481717,0.5138489894768089
pd-l1,2,38,proto_ratio,71,0.5230524642289348,0.5121123495361858
pd-l1,2,39,full,71,0.5850556438791733,0.5363959544053886
pd-l1,2,39,centroid,71,0.4642289348171701,0.4928000384384965
pd-l1,2,39,proto_ratio,71,0.46343402225755165,0.49219943783789594
pd-l1,2,40,full,71,0.7456279809220986,0.7262096991747999
pd-l1,2,40,centroid,71,0.6176470588235294,0.6442390234799988
pd-l1,2,40,proto_ratio,71,0.6208267090620032,0.6416778395652447
pd-l1,2,41,full,71,0.7321144674085851,0.6665318181287967
pd-l1,2,41,centroid,71,0.6279809220985693,0.6689614079775699
pd-l1,2,41,proto_ratio,71,0.5882352941176471,0.5847087845179828
pd-l1,2,42,full,71,0.4507154213036566,0.5259960611399649
pd-l1,2,42,centroid,71,0.4149443561208267,0.462756591924264
pd-l1,2,42,proto_ratio,71,0.41812400635930047,0.4628581493086237
pd-l1,2,43,full,71,0.6820349761526232,0.6532541251935796
pd-l1,2,43,centroid,71,0.6081081081081081,0.6401811540422884
pd-l1,2,43,proto_ratio,71,0.6168521462639109,0.6429131272482276
pd-l1,2,44,full,71,0.6112877583465819,0.570973865703291
pd-l1,2,44,centroid,71,0.4085850556438792,0.44616092744606595
pd-l1,2,44,proto_ratio,71,0.4085850556438792,0.44616092744606595
pd-l1,2,45,full,71,0.6120826709062003,0.6321021812320966
pd-l1,2,45,centroid,71,0.4538950715421304,0.4818850732044504
pd-l1,2,45,proto_ratio,71,0.44833068362480133,0.4776833382961937
pd-l1,2,46,full,71,0.6947535771065182,0.6805224698149728
pd-l1,2,46,centroid,71,0.4984101748807631,0.5020994554756489
pd-l1,2,46,proto_ratio,71,0.4984101748807631,0.5017109469525723
pd-l1,2,47,full,71,0.7281399046104928,0.6951399470152305
pd-l1,2,47,centroid,71,0.6073131955484897,0.5829104517766953
pd-l1,2,47,proto_ratio,71,0.6081081081081081,0.5833452114167444
pd-l1,2,48,full,71,0.7758346581875993,0.7089575698514479
pd-l1,2,48,centroid,71,0.713831478537361,0.7463653311123231
pd-l1,2,48,proto_ratio,71,0.7130365659777425,0.7183257302466355
pd-l1,2,49,full,71,0.5771065182829889,0.5378845627281904
pd-l1,2,49,centroid,71,0.45151033386327505,0.48851867491403594
pd-l1,2,49,proto_ratio,71,0.45310015898251194,0.488718465135814
pd-l1,2,50,full,71,0.7186009538950715,0.6532202165784459
pd-l1,2,50,centroid,71,0.6971383147853737,0.6668702460561569
pd-l1,2,50,proto_ratio,71,0.6963434022257552,0.6660729791137974
pd-l1,2,51,full,71,0.7368839427662957,0.6755198670282403
pd-l1,2,51,centroid,71,0.690779014308426,0.7454713351547333
pd-l1,2,51,proto_ratio,71,0.6939586645468998,0.7472908703018839
pd-l1,2,52,full,71,0.7329093799682035,0.6891000026097899
pd-l1,2,52,centroid,71,0.6200317965023848,0.6063823757734381
pd-l1,2,52,proto_ratio,71,0.6184419713831479,0.6049217335233223
pd-l1,2,53,full,71,0.6820349761526232,0.669832959258901
pd-l1,2,53,centroid,71,0.5405405405405406,0.5586438914185115
pd-l1,2,53,proto_ratio,71,0.541335453100159,0.5583285874507382
pd-l1,2,54,full,71,0.6033386327503973,0.6305554082137701
pd-l1,2,54,centroid,71,0.4833068362480127,0.4969282766749604
pd-l1,2,54,proto_ratio,71,0.4856915739268681,0.49738008600279393
pd-l1,2,55,full,71,0.6089030206677266,0.5492045539244268
pd-l1,2,55,centroid,71,0.3799682034976153,0.45741828368371756
pd-l1,2,55,proto_ratio,71,0.38394276629570756,0.45890109586143335
pd-l1,2,56,full,71,0.5961844197138315,0.5398228860122969
pd-l1,2,56,centroid,71,0.5564387917329093,0.5472928001730823
pd-l1,2,56,proto_ratio,71,0.5548489666136726,0.5453634888687711
pd-l1,2,57,full,71,0.7003179650238474,0.6695230751688394
pd-l1,2,57,centroid,71,0.5,0.5222502316526567
pd-l1,2,57,proto_ratio,71,0.4984101748807631,0.5081531282844536
pd-l1,2,58,full,71,0.6136724960254372,0.5522994857517697
pd-l1,2,58,centroid,71,0.4880763116057234,0.5040820007022155
pd-l1,2,58,proto_ratio,71,0.48887122416534184,0.5106256137675679
pd-l1,2,59,full,71,0.7496025437201908,0.711125827079004
pd-l1,2,59,centroid,71,0.4737678855325914,0.48156419399310824
pd-l1,2,59,proto_ratio,71,0.4737678855325914,0.4985237337467657
pd-l1,2,60,full,71,0.7440381558028617,0.7327607171244386
pd-l1,2,60,centroid,71,0.6391096979332274,0.6618187594119687
pd-l1,2,60,proto_ratio,71,0.6383147853736089,0.659285664475038
pd-l1,2,61,full,71,0.7201907790143084,0.7168526591894069
pd-l1,2,61,centroid,71,0.629570747217806,0.6134758799532618
pd-l1,2,61,proto_ratio,71,0.6279809220985691,0.6128775861823528
pd-l1,2,62,full,71,0.7209856915739269,0.7206511891158103
pd-l1,2,62,centroid,71,0.49364069952305245,0.5203672837787451
pd-l1,2,62,proto_ratio,71,0.4912559618441972,0.5193102766542937
pd-l1,2,63,full,71,0.6963434022257551,0.6530865201815641
pd-l1,2,63,centroid,71,0.5254372019077902,0.5118689859076215
pd-l1,2,63,proto_ratio,71,0.5246422893481717,0.5119577749308368
pd-l1,2,64,full,71,0.5786963434022258,0.5363741428878213
pd-l1,2,64,centroid,71,0.48330683624801274,0.5032284282182007
pd-l1,2,64,proto_ratio,71,0.4848966613672496,0.5036413212644473
pd-l1,2,65,full,71,0.7146263910969793,0.6644236548973466
pd-l1,2,65,centroid,71,0.5723370429252783,0.5898090505842697
pd-l1,2,65,proto_ratio,71,0.5627980922098569,0.5867597395755875
pd-l1,2,66,full,71,0.7257551669316376,0.7058602154952877
pd-l1,2,66,centroid,71,0.5190779014308426,0.5079740535554125
pd-l1,2,66,proto_ratio,71,0.5182829888712243,0.5106767562581151
pd-l1,2,67,full,71,0.5421303656597775,0.5807001486058707
pd-l1,2,67,centroid,71,0.4634340222575517,0.4888927715195873
pd-l1,2,67,proto_ratio,71,0.4634340222575517,0.4894372805546624
pd-l1,2,68,full,71,0.5206677265500794,0.5457894810469677
pd-l1,2,68,centroid,71,0.4236883942766296,0.46577656047543675
pd-l1,2,68,proto_ratio,71,0.4220985691573927,0.46600071555033806
pd-l1,2,69,full,71,0.6073131955484896,0.5468596055825129
pd-l1,2,69,centroid,71,0.43163751987281396,0.4975316449490036
pd-l1,2,69,proto_ratio,71,0.43720190779014306,0.5014911532536807
pd-l1,2,70,full,71,0.5596184419713831,0.5587164592061702
pd-l1,2,70,centroid,71,0.44515103338632755,0.4624337423339216
pd-l1,2,70,proto_ratio,71,0.4491255961844197,0.46394998876901006
pd-l1,2,71,full,71,0.7273449920508743,0.7042095381970814
pd-l1,2,71,centroid,71,0.678060413354531,0.7712853680862846
pd-l1,2,71,proto_ratio,71,0.6796502384737678,0.7731430301886888
pd-l1,2,72,full,71,0.7321144674085851,0.7075296481699471
pd-l1,2,72,centroid,71,0.5723370429252782,0.5537853192120156
pd-l1,2,72,proto_ratio,71,0.5635930047694754,0.5429217472975176
pd-l1,2,73,full,71,0.7225755166931638,0.6749953632759428
pd-l1,2,73,centroid,71,0.6820349761526233,0.6957143669949908
pd-l1,2,73,proto_ratio,71,0.6430842607313196,0.629247394997059
pd-l1,2,74,full,71,0.6860095389507155,0.6629565848210137
pd-l1,2,74,centroid,71,0.5461049284578696,0.5844490471915447
pd-l1,2,74,proto_ratio,71,0.5278219395866455,0.5577893952173889
pd-l1,2,75,full,71,0.6303656597774244,0.6241229231160612
pd-l1,2,75,centroid,71,0.5135135135135136,0.5006346962553566
pd-l1,2,75,proto_ratio,71,0.5103338632750397,0.499303748081514
pd-l1,2,76,full,71,0.7241653418124008,0.7426812055781693
pd-l1,2,76,centroid,71,0.5039745627980922,0.5182898596609761
pd-l1,2,76,proto_ratio,71,0.4984101748807631,0.5151101673852579
pd-l1,2,77,full,71,0.748012718600954,0.686621541217475
pd-l1,2,77,centroid,71,0.7154213036565978,0.7346416773931159
pd-l1,2,77,proto_ratio,71,0.7170111287758346,0.7351453685486282
pd-l1,2,78,full,71,0.7313195548489666,0.7149734319624219
pd-l1,2,78,centroid,71,0.5429252782193958,0.5413835474424703
pd-l1,2,78,proto_ratio,71,0.5373608903020668,0.5342489802523857
pd-l1,2,79,full,71,0.7003179650238475,0.6844128969306049
pd-l1,2,79,centroid,71,0.5731319554848967,0.5758963126067203
pd-l1,2,79,proto_ratio,71,0.5572337042925278,0.5610204378207313
pd-l1,2,80,full,71,0.7162162162162163,0.6663744425414069
pd-l1,2,80,centroid,71,0.4944356120826709,0.5458970031562687
pd-l1,2,80,proto_ratio,71,0.49205087440381556,0.5448781701521415
pd-l1,2,81,full,71,0.5985691573926868,0.5371622954424213
pd-l1,2,81,centroid,71,0.4880763116057234,0.5074691884031848
pd-l1,2,81,proto_ratio,71,0.4896661367249603,0.508144453955218
pd-l1,2,82,full,71,0.7734499205087441,0.7112972468737563
pd-l1,2,82,centroid,71,0.6470588235294118,0.6170620388300441
pd-l1,2,82,proto_ratio,71,0.6144674085850557,0.5864094251421612
pd-l1,2,83,full,71,0.5874403815580287,0.5427676448485417
pd-l1,2,83,centroid,71,0.5039745627980923,0.5201856346168372
pd-l1,2,83,proto_ratio,71,0.5103338632750397,0.5228640471867452
pd-l1,2,84,full,71,0.7027027027027027,0.7197729972474667
pd-l1,2,84,centroid,71,0.5405405405405406,0.5472491403271178
pd-l1,2,84,proto_ratio,71,0.528616852146264,0.5226374968222854
pd-l1,2,85,full,71,0.6661367249602544,0.65722525540743
pd-l1,2,85,centroid,71,0.5278219395866455,0.5635661109722263
pd-l1,2,85,proto_ratio,71,0.527027027027027,0.5619281093342248
pd-l1,2,86,full,71,0.6979332273449921,0.6618987311285327
pd-l1,2,86,centroid,71,0.5739268680445151,0.5856417567451329
pd-l1,2,86,proto_ratio,71,0.5635930047694754,0.5775117725259693
pd-l1,2,87,full,71,0.6637519872813991,0.6556663760244654
pd-l1,2,87,centroid,71,0.6009538950715422,0.697225886962533
pd-l1,2,87,proto_ratio,71,0.6009538950715422,0.697274527446794
pd-l1,2,88,full,71,0.7329093799682035,0.709702012134974
pd-l1,2,88,centroid,71,0.6303656597774245,0.6137754445279635
pd-l1,2,88,proto_ratio,71,0.6224165341812401,0.6091822329043959
pd-l1,2,89,full,71,0.6701112877583466,0.6316477228962355
pd-l1,2,89,centroid,71,0.643879173290938,0.6774644733506361
pd-l1,2,89,proto_ratio,71,0.6422893481717011,0.6751974446162161
pd-l1,2,90,full,71,0.6732909379968203,0.6852054864495463
pd-l1,2,90,centroid,71,0.4888712241653418,0.5244409337016782
pd-l1,2,90,proto_ratio,71,0.4944356120826709,0.5261970452606402
pd-l1,2,91,full,71,0.7042925278219396,0.7076555831055651
pd-l1,2,91,centroid,71,0.534181240063593,0.5194434456455984
pd-l1,2,91,proto_ratio,71,0.534181240063593,0.5193036080057608
pd-l1,2,92,full,71,0.7368839427662958,0.6984568493311423
pd-l1,2,92,centroid,71,0.519872813990461,0.5473530198935006
pd-l1,2,92,proto_ratio,71,0.5158982511923689,0.5373814326282345
pd-l1,2,93,full,71,0.6065182829888712,0.5542344766376609
pd-l1,2,93,centroid,71,0.46740858505564387,0.4919206065938135
pd-l1,2,93,proto_ratio,71,0.46740858505564387,0.4919206065938135
pd-l1,2,94,full,71,0.665341812400636,0.64577566117701
pd-l1,2,94,centroid,71,0.5270270270270271,0.5199710924686517
pd-l1,2,94,proto_ratio,71,0.5206677265500795,0.513280566362041
pd-l1,2,95,full,71,0.6406995230524641,0.6289460802996052
pd-l1,2,95,centroid,71,0.5389507154213036,0.5693453366295964
pd-l1,2,95,proto_ratio,71,0.5333863275039745,0.5648860607822578
pd-l1,2,96,full,71,0.6820349761526232,0.6619256117962898
pd-l1,2,96,centroid,71,0.4777424483306836,0.5220291092406256
pd-l1,2,96,proto_ratio,71,0.4705882352941177,0.5058944105795045
pd-l1,2,97,full,71,0.6089030206677266,0.5447916625923303
pd-l1,2,97,centroid,71,0.507154213036566,0.52407766528352
pd-l1,2,97,proto_ratio,71,0.5119236883942766,0.5272118839442301
pd-l1,2,98,full,71,0.7201907790143084,0.6960489200286397
pd-l1,2,98,centroid,71,0.6836248012718601,0.6928808270753999
pd-l1,2,98,proto_ratio,71,0.6836248012718601,0.6946443900271186
pd-l1,2,99,full,71,0.7440381558028616,0.7071809260581473
pd-l1,2,99,centroid,71,0.678060413354531,0.6692904046927377
pd-l1,2,99,proto_ratio,71,0.672496025437202,0.6636611685791125
pd-l1,5,0,full,65,0.7770398481973434,0.7419864736018583
pd-l1,5,0,centroid,65,0.7381404174573055,0.7513218031704024
pd-l1,5,0,proto_ratio,65,0.7352941176470588,0.7501010734308181
pd-l1,5,1,full,65,0.7144212523719166,0.6637529298542852
pd-l1,5,1,centroid,65,0.6907020872865276,0.7119485603716521
pd-l1,5,1,proto_ratio,65,0.6869070208728651,0.7088866522371885
pd-l1,5,2,full,65,0.6404174573055028,0.6209299499699085
pd-l1,5,2,centroid,65,0.5313092979127134,0.5333006782833769
pd-l1,5,2,proto_ratio,65,0.5294117647058824,0.5311170775703644
pd-l1,5,3,full,65,0.6366223908918406,0.6119431269690423
pd-l1,5,3,centroid,65,0.5891840607210627,0.6386552307562148
pd-l1,5,3,proto_ratio,65,0.5882352941176471,0.6367714363027609
pd-l1,5,4,full,65,0.6793168880455408,0.6511062948884259
pd-l1,5,4,centroid,65,0.6043643263757115,0.6063680490308933
pd-l1,5,4,proto_ratio,65,0.605313092979127,0.6070607174025897
pd-l1,5,5,full,65,0.6100569259962049,0.5472425295533891
pd-l1,5,5,centroid,65,0.4781783681214421,0.5146050607859087
pd-l1,5,5,proto_ratio,65,0.4791271347248577,0.516147832861
pd-l1,5,6,full,65,0.7352941176470589,0.7316856949193594
pd-l1,5,6,centroid,65,0.6840607210626185,0.7158042360925185
pd-l1,5,6,proto_ratio,65,0.693548387096774,0.7228566701114733
pd-l1,5,7,full,65,0.6954459203036053,0.6610596126974795
pd-l1,5,7,centroid,65,0.6612903225806451,0.6782301351432022
pd-l1,5,7,proto_ratio,65,0.6622390891840607,0.6745376799002355
pd-l1,5,8,full,65,0.5578747628083491,0.5859353812052113
pd-l1,5,8,centroid,65,0.46584440227703994,0.48695951783546054
pd-l1,5,8,proto_ratio,65,0.46394686907020877,0.48098803833456927
pd-l1,5,9,full,65,0.7001897533206831,0.6764296067332398
pd-l1,5,9,centroid,65,0.6821631878557874,0.6888074440728803
pd-l1,5,9,proto_ratio,65,0.6821631878557874,0.6888074440728803
pd-l1,5,10,full,65,0.7324478178368121,0.735117412010681
pd-l1,5,10,centroid,65,0.5294117647058824,0.5430954347580915
pd-l1,5,10,proto_ratio,65,0.5265654648956357,0.5413040344372795
pd-l1,5,11,full,65,0.5749525616698292,0.5342711554575756
pd-l1,5,11,centroid,65,0.5208728652751422,0.5347140669049019
pd-l1,5,11,proto_ratio,65,0.5218216318785579,0.5347376564570634
pd-l1,5,12,full,65,0.7229601518026565,0.6805778968739973
pd-l1,5,12,centroid,65,0.6916508538899431,0.6901018942343564
pd-l1,5,12,proto_ratio,65,0.6916508538899431,0.6866641826536536
pd-l1,5,13,full,65,0.7144212523719164,0.6684081636364103
pd-l1,5,13,centroid,65,0.6840607210626186,0.7185634299223064
pd-l1,5,13,proto_ratio,65,0.6840607210626186,0.7185634299223064
pd-l1,5,14,full,65,0.7210626185958254,0.7045888353369104
pd-l1,5,14,centroid,65,0.5721062618595825,0.5727688607691129
pd-l1,5,14,proto_ratio,65,0.5749525616698291,0.5740308446914713
pd-l1,5,15,full,65,0.6897533206831119,0.7091892159464447
pd-l1,5,15,centroid,65,0.5351043643263756,0.5398608653075961
pd-l1,5,15,proto_ratio,65,0.5360531309297911,0.5400752930891686
pd-l1,5,16,full,65,0.7087286527514232,0.6788088486882546
pd-l1,5,16,centroid,65,0.5474383301707779,0.5614398227156703
pd-l1,5,16,proto_ratio,65,0.530360531309298,0.5372225193690048
pd-l1,5,17,full,65,0.7277039848197343,0.7086517813677872
pd-l1,5,17,centroid,65,0.6603415559772295,0.681697578210661
pd-l1,5,17,proto_ratio,65,0.6612903225806451,0.6825561229113911
pd-l1,5,18,full,65,0.7409867172675522,0.7318911749519053
pd-l1,5,18,centroid,65,0.49146110056925996,0.5071779838551655
pd-l1,5,18,proto_ratio,65,0.49051233396584437,0.5053345272159175
pd-l1,5,19,full,65,0.6138519924098672,0.5528936824794322
pd-l1,5,19,centroid,65,0.43643263757115747,0.4956720588757669
pd-l1,5,19,proto_ratio,65,0.43927893738140417,0.496455266895817
pd-l1,5,20,full,65,0.7314990512333965,0.6827035036224841
pd-l1,5,20,centroid,65,0.5426944971537002,0.5367287349775773
pd-l1,5,20,proto_ratio,65,0.540796963946869,0.5358907404276152
pd-l1,5,21,full,65,0.5977229601518026,0.5396787436501072
pd-l1,5,21,centroid,65,0.47438330170777987,0.5018230241036199
pd-l1,5,21,proto_ratio,65,0.48197343453510433,0.505854789117122
pd-l1,5,22,full,65,0.7229601518026565,0.7049290857192675
pd-l1,5,22,centroid,65,0.5208728652751423,0.5474481429003373
pd-l1,5,22,proto_ratio,65,0.5189753320683113,0.547614759925719
pd-l1,5,23,full,65,0.7533206831119544,0.6940931826466469
pd-l1,5,23,centroid,65,0.6375711574952561,0.6220419056765764
pd-l1,5,23,proto_ratio,65,0.6337760910815939,0.6142143991011186
pd-l1,5,24,full,65,0.7561669829222011,0.71369177206408
pd-l1,5,24,centroid,65,0.571157495256167,0.5513784843968585
pd-l1,5,24,proto_ratio,65,0.571157495256167,0.5514180586188191
pd-l1,5,25,full,65,0.7172675521821632,0.6899766735812283
pd-l1,5,25,centroid,65,0.5180265654648957,0.5040683346258878
pd-l1,5,25,proto_ratio,65,0.5142314990512333,0.5006481613327564
pd-l1,5,26,full,65,0.7229601518026564,0.7009245707379202
pd-l1,5,26,centroid,65,0.603415559772296,0.6427676461107394
pd-l1,5,26,proto_ratio,65,0.594876660341556,0.6313629742635721
pd-l1,5,27,full,65,0.7381404174573055,0.719006781761314
pd-l1,5,27,centroid,65,0.5445920303605313,0.572019703064072
pd-l1,5,27,proto_ratio,65,0.5417457305502846,0.5690349939279401
pd-l1,5,28,full,65,0.7125237191650854,0.6732897426352746
pd-l1,5,28,centroid,65,0.6233396584440227,0.6769902332787642
pd-l1,5,28,proto_ratio,65,0.6062618595825428,0.6527289939057627
pd-l1,5,29,full,65,0.7172675521821632,0.6908863607932709
pd-l1,5,29,centroid,65,0.6072106261859582,0.705084033618192
pd-l1,5,29,proto_ratio,65,0.6110056925996205,0.7071044213125687
pd-l1,5,30,full,65,0.713472485768501,0.6637537016571851
pd-l1,5,30,centroid,65,0.5882352941176471,0.6155709149432433
pd-l1,5,30,proto_ratio,65,0.5872865275142314,0.6136698172594937
pd-l1,5,31,full,65,0.7400379506641367,0.734596914273227
pd-l1,5,31,centroid,65,0.5189753320683111,0.561765942167395
pd-l1,5,31,proto_ratio,65,0.5056925996204933,0.5578424681123709
pd-l1,5,32,full,65,0.7466793168880455,0.7052643086795007
pd-l1,5,32,centroid,65,0.603415559772296,0.6074436323459064
pd-l1,5,32,proto_ratio,65,0.603415559772296,0.6068094885870051
pd-l1,5,33,full,65,0.5986717267552182,0.5477223751931986
pd-l1,5,33,centroid,65,0.4506641366223909,0.4678057131525387
pd-l1,5,33,proto_ratio,65,0.45161290322580644,0.46806441987409375
pd-l1,5,34,full,65,0.6204933586337761,0.5495261372869177
pd-l1,5,34,centroid,65,0.4696394686907021,0.5004137226463684
pd-l1,5,34,proto_ratio,65,0.4772296015180266,0.5043935214622218
pd-l1,5,35,full,65,0.7675521821631879,0.7399630270216025
pd-l1,5,35,centroid,65,0.4886148007590133,0.48871770080851784
pd-l1,5,35,proto_ratio,65,0.48956356736242884,0.48891411359113746
pd-l1,5,36,full,65,0.7324478178368121,0.7133227197556085
pd-l1,5,36,centroid,65,0.5635673624288425,0.5868226748632451
pd-l1,5,36,proto_ratio,65,0.5398481973434535,0.5670929034708311
pd-l1,5,37,full,65,0.7286527514231499,0.7119461877935984
pd-l1,5,37,centroid,65,0.6660341555977229,0.6631503754223256
pd-l1,5,37,proto_ratio,65,0.6660341555977229,0.6631503754223256
pd-l1,5,38,full,65,0.7239089184060721,0.7149233030709218
pd-l1,5,38,centroid,65,0.5227703984819735,0.5132382501050295
pd-l1,5,38,proto_ratio,65,0.5227703984819735,0.5132382501050295
pd-l1,5,39,full,65,0.5825426944971537,0.5351676641126459
pd-l1,5,39,centroid,65,0.4411764705882353,0.488780669285302
pd-l1,5,39,proto_ratio,65,0.43833017077798864,0.48742276980367033
pd-l1,5,40,full,65,0.7153700189753321,0.7059677827659063
pd-l1,5,40,centroid,65,0.5986717267552182,0.6424709038748808
pd-l1,5,40,proto_ratio,65,0.618595825426945,0.6484910295151013
pd-l1,5,41,full,65,0.540796963946869,0.521936016154953
pd-l1,5,41,centroid,65,0.46489563567362424,0.49715052625146977
pd-l1,5,41,proto_ratio,65,0.4639468690702087,0.49661131056519525
pd-l1,5,42,full,65,0.6963946869070208,0.7068034191926031
pd-l1,5,42,centroid,65,0.5170777988614801,0.5017632498663163
pd-l1,5,42,proto_ratio,65,0.5161290322580645,0.5010091020533449
pd-l1,5,43,full,65,0.7210626185958254,0.6791137728612697
pd-l1,5,43,centroid,65,0.6005692599620494,0.6150446845274543
pd-l1,5,43,proto_ratio,65,0.6176470588235294,0.622427536954641
pd-l1,5,44,full,65,0.6299810246679317,0.67189612572237
pd-l1,5,44,centroid,65,0.46394686907020866,0.48160227631248076
pd-l1,5,44,proto_ratio,65,0.461100569259962,0.47670031552816705
pd-l1,5,45,full,65,0.7096774193548387,0.6695465124132589
pd-l1,5,45,centroid,65,0.5777988614800759,0.5699604618896462
pd-l1,5,45,proto_ratio,65,0.5740037950664136,0.5664746597913419
pd-l1,5,46,full,65,0.7343453510436432,0.7189391375971443
pd-l1,5,46,centroid,65,0.49430740037950666,0.5327505087012466
pd-l1,5,46,proto_ratio,65,0.48576850094876656,0.5287552767575256
pd-l1,5,47,full,65,0.713472485768501,0.6705343165678567
pd-l1,5,47,centroid,65,0.6631878557874763,0.6660798208868249
pd-l1,5,47,proto_ratio,65,0.6612903225806452,0.6621425169962618
pd-l1,5,48,full,65,0.7191650853889944,0.6717372384560755
pd-l1,5,48,centroid,65,0.6423149905123339,0.6740485102053261
pd-l1,5,48,proto_ratio,65,0.6375711574952562,0.6563460200020836
pd-l1,5,49,full,65,0.7191650853889943,0.6784731792962717
pd-l1,5,49,centroid,65,0.5284629981024668,0.5648094266091529
pd-l1,5,49,proto_ratio,65,0.5180265654648957,0.5507173345114301
pd-l1,5,50,full,65,0.696394686907021,0.6863860683457789
pd-l1,5,50,centroid,65,0.523719165085389,0.5668884821286219
pd-l1,5,50,proto_ratio,65,0.5018975332068312,0.5397375103991461
pd-l1,5,51,full,65,0.7001897533206831,0.6611971790212291
pd-l1,5,51,centroid,65,0.6318785578747628,0.6317508876394055
pd-l1,5,51,proto_ratio,65,0.6318785578747628,0.6317508876394055
pd-l1,5,52,full,65,0.713472485768501,0.7315415109999693
pd-l1,5,52,centroid,65,0.5673624288425047,0.6038328845043076
pd-l1,5,52,proto_ratio,65,0.5692599620493358,0.6044000495461561
pd-l1,5,53,full,65,0.5958254269449715,0.6169014419292411
pd-l1,5,53,centroid,65,0.5208728652751423,0.5748383305826474
pd-l1,5,53,proto_ratio,65,0.5218216318785579,0.574982441678829
pd-l1,5,54,full,65,0.5815939278937381,0.591469625266073
pd-l1,5,54,centroid,65,0.444022770398482,0.4929356116379242
pd-l1,5,54,proto_ratio,65,0.44212523719165087,0.4909748273241987
pd-l1,5,55,full,65,0.562618595825427,0.5227551141846208
pd-l1,5,55,centroid,65,0.37001897533206835,0.45695441034730555
pd-l1,5,55,proto_ratio,65,0.3719165085388994,0.4568302853185773
pd-l1,5,56,full,65,0.7552182163187856,0.7131987562943611
pd-l1,5,56,centroid,65,0.7134724857685009,0.6936024181417877
pd-l1,5,56,proto_ratio,65,0.6850094876660341,0.6691593566340378
pd-l1,5,57,full,65,0.7134724857685009,0.6928688684076967
pd-l1,5,57,centroid,65,0.573055028462998,0.6159871306185829
pd-l1,5,57,proto_ratio,65,0.5635673624288424,0.5975033461492034
pd-l1,5,58,full,65,0.7258064516129032,0.7480722590052036
pd-l1,5,58,centroid,65,0.650853889943074,0.680185350478149
pd-l1,5,58,proto_ratio,65,0.6499051233396584,0.6798758652907504
pd-l1,5,59,full,65,0.7267552182163188,0.7251405081631154
pd-l1,5,59,centroid,65,0.6148007590132827,0.6207232364558268
pd-l1,5,59,proto_ratio,65,0.6166982922201139,0.621901671424973
pd-l1,5,60,full,65,0.7447817836812144,0.66884217580509
pd-l1,5,60,centroid,65,0.5920303605313093,0.593103257226931
pd-l1,5,60,proto_ratio,65,0.586337760910816,0.5985165539658059
pd-l1,5,61,full,65,0.6736242884250474,0.6620325410298113
pd-l1,5,61,centroid,65,0.5455407969639469,0.5419389471991227
pd-l1,5,61,proto_ratio,65,0.5474383301707779,0.5425320632334153
pd-l1,5,62,full,65,0.7210626185958254,0.7082411895171916
pd-l1,5,62,centroid,65,0.5929791271347249,0.591322989690434
pd-l1,5,62,proto_ratio,65,0.5863377609108159,0.5813086824317325
pd-l1,5,63,full,65,0.5806451612903225,0.5303330069643203
pd-l1,5,63,centroid,65,0.45351043643263755,0.48994010241260877
pd-l1,5,63,proto_ratio,65,0.45445920303605314,0.4900245262110219
pd-l1,5,64,full,65,0.644212523719165,0.6161018421573938
pd-l1,5,64,centroid,65,0.523719165085389,0.528968934495312
pd-l1,5,64,proto_ratio,65,0.5199240986717267,0.5256074651303825
pd-l1,5,65,full,65,0.7296015180265655,0.7214003563924882
pd-l1,5,65,centroid,65,0.6527514231499051,0.6412007694823223
pd-l1,5,65,proto_ratio,65,0.6518026565464896,0.6402203773254596
pd-l1,5,66,full,65,0.605313092979127,0.548323548700379
pd-l1,5,66,centroid,65,0.5398481973434535,0.5232097334272929
pd-l1,5,66,proto_ratio,65,0.5445920303605313,0.5248280713624895
pd-l1,5,67,full,65,0.7504743833017078,0.7100204498807007
pd-l1,5,67,centroid,65,0.6546489563567361,0.6615617528301208
pd-l1,5,67,proto_ratio,65,0.6546489563567361,0.6615617528301208
pd-l1,5,68,full,65,0.7163187855787476,0.7397376058905029
pd-l1,5,68,centroid,65,0.5113851992409867,0.5385638960680575
pd-l1,5,68,proto_ratio,65,0.5075901328273245,0.5223751772042065
pd-l1,5,69,full,65,0.6252371916508539,0.6025441767278996
pd-l1,5,69,centroid,65,0.45066413662239085,0.5005326624586386
pd-l1,5,69,proto_ratio,65,0.4497153700189754,0.49935233230313525
pd-l1,5,70,full,65,0.6442125237191652,0.6945344411012532
pd-l1,5,70,centroid,65,0.4857685009487666,0.5134892394022433
pd-l1,5,70,proto_ratio,65,0.4857685009487666,0.5134892394022433
pd-l1,5,71,full,65,0.6736242884250474,0.6939833381303738
pd-l1,5,71,centroid,65,0.540796963946869,0.5397833652815354
pd-l1,5,71,proto_ratio,65,0.540796963946869,0.5391915407277731
pd-l1,5,72,full,65,0.8007590132827325,0.7752615640682723
pd-l1,5,72,centroid,65,0.6802656546489564,0.6547994025711283
pd-l1,5,72,proto_ratio,65,0.6840607210626186,0.6566823119800037
pd-l1,5,73,full,65,0.6982922201138521,0.6872686197918939
pd-l1,5,73,centroid,65,0.6850094876660342,0.721704988953446
pd-l1,5,73,proto_ratio,65,0.6840607210626186,0.7185537284492443
pd-l1,5,74,full,65,0.7163187855787476,0.7195116429398124
pd-l1,5,74,centroid,65,0.5142314990512333,0.5256700476937356
pd-l1,5,74,proto_ratio,65,0.50853889943074,0.5073376072013233
pd-l1,5,75,full,65,0.6812144212523719,0.6727877868953098
pd-l1,5,75,centroid,65,0.554079696394687,0.5519069927575591
pd-l1,5,75,proto_ratio,65,0.5616698292220115,0.5543289946309038
pd-l1,5,76,full,65,0.681214421252372,0.7007525758819998
pd-l1,5,76,centroid,65,0.5227703984819734,0.5332517616415103
pd-l1,5,76,proto_ratio,65,0.5218216318785579,0.5322326397245556
pd-l1,5,77,full,65,0.6252371916508539,0.6285554108964068
pd-l1,5,77,centroid,65,0.5246679316888045,0.5492730108867455
pd-l1,5,77,proto_ratio,65,0.5265654648956356,0.5637061139034399
pd-l1,5,78,full,65,0.650853889943074,0.6501535361334593
pd-l1,5,78,centroid,65,0.611954459203036,0.6678721006291096
pd-l1,5,78,proto_ratio,65,0.6100569259962049,0.6657125061411596
pd-l1,5,79,full,65,0.7096774193548387,0.6970240761349689
pd-l1,5,79,centroid,65,0.5284629981024669,0.5115878657186548
pd-l1,5,79,proto_ratio,65,0.5275142314990513,0.5101469045850162
pd-l1,5,80,full,65,0.6812144212523719,0.6453559706454964
pd-l1,5,80,centroid,65,0.538899430740038,0.5638217987154804
pd-l1,5,80,proto_ratio,65,0.5370018975332068,0.5628520102837243
pd-l1,5,81,full,65,0.7001897533206831,0.6877524489697039
pd-l1,5,81,centroid,65,0.6110056925996205,0.7118893382567524
pd-l1,5,81,proto_ratio,65,0.6166982922201139,0.713624234732085
pd-l1,5,82,full,65,0.6774193548387097,0.6516858020555352
pd-l1,5,82,centroid,65,0.6204933586337761,0.6949602436857368
pd-l1,5,82,proto_ratio,65,0.5920303605313093,0.6376344583319731
pd-l1,5,83,full,65,0.547438330170778,0.5759485605733502
pd-l1,5,83,centroid,65,0.43453510436432635,0.4843447503141498
pd-l1,5,83,proto_ratio,65,0.43168880455407965,0.4822347758895974
pd-l1,5,84,full,65,0.7286527514231498,0.6938127674441988
pd-l1,5,84,centroid,65,0.6992409867172675,0.6836680883280922
pd-l1,5,84,proto_ratio,65,0.6925996204933587,0.6831926273795923
pd-l1,5,85,full,65,0.7827324478178368,0.7446180973954311
pd-l1,5,85,centroid,65,0.5426944971537002,0.5695162948213051
pd-l1,5,85,proto_ratio,65,0.5426944971537002,0.5696090346199272
pd-l1,5,86,full,65,0.6574952561669829,0.6595030915945128
pd-l1,5,86,centroid,65,0.523719165085389,0.5754606952314112
pd-l1,5,86,proto_ratio,65,0.5199240986717267,0.5741112531691246
pd-l1,5,87,full,65,0.6973434535104364,0.661645887929651
pd-l1,5,87,centroid,65,0.6252371916508539,0.689445013871051
pd-l1,5,87,proto_ratio,65,0.6261859582542695,0.6897286457340825
pd-l1,5,88,full,65,0.7277039848197344,0.6995889301692249
pd-l1,5,88,centroid,65,0.5740037950664137,0.5820130324857229
pd-l1,5,88,proto_ratio,65,0.5578747628083491,0.5708878031330232
pd-l1,5,89,full,65,0.7258064516129032,0.6894730994781276
pd-l1,5,89,centroid,65,0.5683111954459202,0.610622511700063
pd-l1,5,89,proto_ratio,65,0.5607210626185959,0.5742562784251662
pd-l1,5,90,full,65,0.6204933586337761,0.6834886538164784
pd-l1,5,90,centroid,65,0.4259962049335863,0.4928075711292542
pd-l1,5,90,proto_ratio,65,0.4259962049335863,0.49173182418284034
pd-l1,5,91,full,65,0.7296015180265655,0.7077328816230758
pd-l1,5,91,centroid,65,0.5891840607210627,0.602844937367637
pd-l1,5,91,proto_ratio,65,0.5806451612903226,0.5975878876637272
pd-l1,5,92,full,65,0.7296015180265656,0.7215622294647399
pd-l1,5,92,centroid,65,0.7125237191650853,0.7372618303038517
pd-l1,5,92,proto_ratio,65,0.7134724857685009,0.7380393827041222
pd-l1,5,93,full,65,0.7362428842504745,0.7143354702385454
pd-l1,5,93,centroid,65,0.6062618595825426,0.6048980765356409
pd-l1,5,93,proto_ratio,65,0.605313092979127,0.6038619214410944
pd-l1,5,94,full,65,0.7039848197343453,0.6798283242188852
pd-l1,5,94,centroid,65,0.6053130929791272,0.633961407900962
pd-l1,5,94,proto_ratio,65,0.6072106261859582,0.6390684895907276
pd-l1,5,95,full,65,0.6954459203036053,0.6694554959507514
pd-l1,5,95,centroid,65,0.5692599620493358,0.5587652941398917
pd-l1,5,95,proto_ratio,65,0.5702087286527514,0.559351398146712
pd-l1,5,96,full,65,0.6650853889943075,0.6747635749884724
pd-l1,5,96,centroid,65,0.5777988614800759,0.575980322004213
pd-l1,5,96,proto_ratio,65,0.5768500948766604,0.575673330520751
pd-l1,5,97,full,65,0.6546489563567361,0.6383280761416423
pd-l1,5,97,centroid,65,0.5294117647058824,0.5325644375183388
pd-l1,5,97,proto_ratio,65,0.5294117647058824,0.5320103143539215
pd-l1,5,98,full,65,0.6916508538899431,0.6827334861355193
pd-l1,5,98,centroid,65,0.596774193548387,0.613062692842193
pd-l1,5,98,proto_ratio,65,0.5948766603415561,0.6123915821447549
pd-l1,5,99,full,65,0.6812144212523719,0.6600987203126114
pd-l1,5,99,centroid,65,0.5227703984819735,0.5217281083344226
pd-l1,5,99,proto_ratio,65,0.5018975332068312,0.5031482909497043
pd-l1,10,0,full,55,0.7559681697612732,0.7282765519291461
pd-l1,10,0,centroid,55,0.6671087533156499,0.6737138442975004
pd-l1,10,0,proto_ratio,55,0.6684350132625995,0.6741418217981117
pd-l1,10,1,full,55,0.6140583554376658,0.6273214200847023
pd-l1,10,1,centroid,55,0.576923076923077,0.6631171392519999
pd-l1,10,1,proto_ratio,55,0.5742705570291777,0.6592589284972374
pd-l1,10,2,full,55,0.7015915119363396,0.6842297664145377
pd-l1,10,2,centroid,55,0.6326259946949601,0.6564960419523242
pd-l1,10,2,proto_ratio,55,0.6259946949602121,0.6531129738166672
pd-l1,10,3,full,55,0.6909814323607427,0.6868380464765882
pd-l1,10,3,centroid,55,0.5901856763925729,0.6265014078334857
pd-l1,10,3,proto_ratio,55,0.5901856763925729,0.6239019383374645
pd-l1,10,4,full,55,0.6843501326259948,0.6712151678296882
pd-l1,10,4,centroid,55,0.5543766578249336,0.5991540982246261
pd-l1,10,4,proto_ratio,55,0.5477453580901857,0.5974817534113517
pd-l1,10,5,full,55,0.7413793103448276,0.7361945365222871
pd-l1,10,5,centroid,55,0.5344827586206896,0.527422270820539
pd-l1,10,5,proto_ratio,55,0.5371352785145888,0.5282646769431897
pd-l1,10,6,full,55,0.7480106100795756,0.7056122453135243
pd-l1,10,6,centroid,55,0.7493368700265252,0.7323570192679179
pd-l1,10,6,proto_ratio,55,0.746684350132626,0.7302898130750959
pd-l1,10,7,full,55,0.6485411140583555,0.6173353814256133
pd-l1,10,7,centroid,55,0.5862068965517242,0.6099044351959565
pd-l1,10,7,proto_ratio,55,0.5848806366047745,0.6087953406204372
pd-l1,10,8,full,55,0.7572944297082228,0.7550938429588864
pd-l1,10,8,centroid,55,0.5490716180371352,0.5510066302308747
pd-l1,10,8,proto_ratio,55,0.5490716180371353,0.5524513624102396
pd-l1,10,9,full,55,0.7864721485411141,0.7862372638462414
pd-l1,10,9,centroid,55,0.6114058355437666,0.6259303541272966
pd-l1,10,9,proto_ratio,55,0.603448275862069,0.6187486635872851
pd-l1,10,10,full,55,0.7334217506631299,0.7705663053071863
pd-l1,10,10,centroid,55,0.7042440318302386,0.7547430909338252
pd-l1,10,10,proto_ratio,55,0.7002652519893898,0.7466113533903228
pd-l1,10,11,full,55,0.6909814323607426,0.6800315251759008
pd-l1,10,11,centroid,55,0.5596816976127321,0.6231839646012097
pd-l1,10,11,proto_ratio,55,0.5610079575596817,0.6406198065512854
pd-l1,10,12,full,55,0.7082228116710876,0.721049886866314
pd-l1,10,12,centroid,55,0.6538461538461539,0.6494407328313847
pd-l1,10,12,proto_ratio,55,0.6551724137931034,0.6499115264510201
pd-l1,10,13,full,55,0.6803713527851459,0.6817845588525508
pd-l1,10,13,centroid,55,0.6127320954907162,0.6547198839280419
pd-l1,10,13,proto_ratio,55,0.6114058355437666,0.6533676188840932
pd-l1,10,14,full,55,0.6538461538461539,0.6213660366070757
pd-l1,10,14,centroid,55,0.5079575596816975,0.5323653862536974
pd-l1,10,14,proto_ratio,55,0.5053050397877984,0.5301486374852246
pd-l1,10,15,full,55,0.6525198938992043,0.6717618753606311
pd-l1,10,15,centroid,55,0.5305039787798409,0.5916461560394279
pd-l1,10,15,proto_ratio,55,0.5305039787798409,0.5916461560394279
pd-l1,10,16,full,55,0.7082228116710875,0.7131681662104227
pd-l1,10,16,centroid,55,0.46816976127320953,0.5448781007179042
pd-l1,10,16,proto_ratio,55,0.4442970822281167,0.5323112901603759
pd-l1,10,17,full,55,0.7188328912466844,0.7051511160815769
pd-l1,10,17,centroid,55,0.5875331564986738,0.6188018506002066
pd-l1,10,17,proto_ratio,55,0.5755968169761273,0.609898105844651
pd-l1,10,18,full,55,0.7122015915119364,0.7041269672744931
pd-l1,10,18,centroid,55,0.6007957559681698,0.5994089376742527
pd-l1,10,18,proto_ratio,55,0.5928381962864722,0.5901823998990625
pd-l1,10,19,full,55,0.7413793103448275,0.7012462902782046
pd-l1,10,19,centroid,55,0.6458885941644563,0.7221337790924531
pd-l1,10,19,proto_ratio,55,0.643236074270557,0.7199646946527116
pd-l1,10,20,full,55,0.76657824933687,0.712621216680689
pd-l1,10,20,centroid,55,0.5888594164456233,0.6097470033780534
pd-l1,10,20,proto_ratio,55,0.5835543766578248,0.6018745118848723
pd-l1,10,21,full,55,0.6763925729442971,0.6700399949980791
pd-l1,10,21,centroid,55,0.616710875331565,0.6291859068552467
pd-l1,10,21,proto_ratio,55,0.6153846153846153,0.6291994765970275
pd-l1,10,22,full,55,0.7692307692307693,0.7733274390333602
pd-l1,10,22,centroid,55,0.5464190981432361,0.5423772432695814
pd-l1,10,22,proto_ratio,55,0.5450928381962865,0.5416301168327998
pd-l1,10,23,full,55,0.7652519893899205,0.6893858498972784
pd-l1,10,23,centroid,55,0.7188328912466844,0.7314781804097248
pd-l1,10,23,proto_ratio,55,0.7201591511936339,0.726945787515263
pd-l1,10,24,full,55,0.7612732095490715,0.7282889746669783
pd-l1,10,24,centroid,55,0.5411140583554377,0.5315823794610484
pd-l1,10,24,proto_ratio,55,0.5358090185676392,0.5291894106540084
pd-l1,10,25,full,55,0.7042440318302386,0.6767928188664855
pd-l1,10,25,centroid,55,0.6379310344827587,0.6316177626124551
pd-l1,10,25,proto_ratio,55,0.6326259946949602,0.6293083780890305
pd-l1,10,26,full,55,0.7387267904509284,0.7687780381091863
pd-l1,10,26,centroid,55,0.6220159151193634,0.6043309607741045
pd-l1,10,26,proto_ratio,55,0.6220159151193634,0.6043309607741045
pd-l1,10,27,full,55,0.7374005305039788,0.7289652915088917
pd-l1,10,27,centroid,55,0.5503978779840848,0.5526379842294188
pd-l1,10,27,proto_ratio,55,0.5477453580901857,0.5512187205992017
pd-l1,10,28,full,55,0.689655172413793,0.6697062479696198
pd-l1,10,28,centroid,55,0.6472148541114058,0.7151377009323793
pd-l1,10,28,proto_ratio,55,0.6472148541114058,0.7151377009323793
pd-l1,10,29,full,55,0.669761273209549,0.6495644858093425
pd-l1,10,29,centroid,55,0.5809018567639257,0.6718281794126065
pd-l1,10,29,proto_ratio,55,0.5795755968169761,0.6705212969686613
pd-l1,10,30,full,55,0.7214854111405836,0.6952031619139261
pd-l1,10,30,centroid,55,0.583554376657825,0.6364403259583764
pd-l1,10,30,proto_ratio,55,0.5755968169761273,0.6301988973331397
pd-l1,10,31,full,55,0.7214854111405835,0.7042902750961305
pd-l1,10,31,centroid,55,0.5477453580901857,0.5940762448936052
pd-l1,10,31,proto_ratio,55,0.5464190981432361,0.5905138981189173
pd-l1,10,32,full,55,0.7413793103448276,0.737246291317933
pd-l1,10,32,centroid,55,0.6657824933687002,0.6699261583765243
pd-l1,10,32,proto_ratio,55,0.6657824933687002,0.6654298771053951
pd-l1,10,33,full,55,0.6379310344827587,0.5948948896812464
pd-l1,10,33,centroid,55,0.5172413793103449,0.5029410346278346
pd-l1,10,33,proto_ratio,55,0.5198938992042441,0.5037970049229293
pd-l1,10,34,full,55,0.5755968169761273,0.5255683277904633
pd-l1,10,34,centroid,55,0.47745358090185674,0.5136271871053847
pd-l1,10,34,proto_ratio,55,0.47745358090185674,0.5133786627189292
pd-l1,10,35,full,55,0.7679045092838196,0.8137714527566724
pd-l1,10,35,centroid,55,0.6458885941644562,0.6323434575121076
pd-l1,10,35,proto_ratio,55,0.6445623342175066,0.6151020782017629
pd-l1,10,36,full,55,0.7228116710875332,0.7089956093978048
pd-l1,10,36,centroid,55,0.5543766578249337,0.569462205063611
pd-l1,10,36,proto_ratio,55,0.5557029177718833,0.5701990161452496
pd-l1,10,37,full,55,0.7108753315649867,0.7047434406999084
pd-l1,10,37,centroid,55,0.5782493368700266,0.5930365706801631
pd-l1,10,37,proto_ratio,55,0.5755968169761273,0.5689717848912395
pd-l1,10,38,full,55,0.7108753315649867,0.7114304046969201
pd-l1,10,38,centroid,55,0.6074270557029178,0.6127823173183577
pd-l1,10,38,proto_ratio,55,0.5994694960212201,0.6011962175216805
pd-l1,10,39,full,55,0.6246684350132625,0.6412844107565409
pd-l1,10,39,centroid,55,0.4880636604774536,0.5473102490097117
pd-l1,10,39,proto_ratio,55,0.49071618037135284,0.5540500609219374
pd-l1,10,40,full,55,0.7891246684350134,0.7220052589873468
pd-l1,10,40,centroid,55,0.6246684350132625,0.6363816151802015
pd-l1,10,40,proto_ratio,55,0.6061007957559681,0.5699609295645772
pd-l1,10,41,full,55,0.656498673740053,0.6211763174625929
pd-l1,10,41,centroid,55,0.6419098143236075,0.7176931479522763
pd-l1,10,41,proto_ratio,55,0.6405835543766578,0.7171184353085982
pd-l1,10,42,full,55,0.6777188328912467,0.6681468211415331
pd-l1,10,42,centroid,55,0.5716180371352785,0.5808736985191317
pd-l1,10,42,proto_ratio,55,0.5729442970822282,0.5817482612377725
pd-l1,10,43,full,55,0.7625994694960212,0.735757562016647
pd-l1,10,43,centroid,55,0.6989389920424403,0.748596190657456
pd-l1,10,43,proto_ratio,55,0.6989389920424403,0.748596190657456
pd-l1,10,44,full,55,0.7559681697612732,0.7532879479754541
pd-l1,10,44,centroid,55,0.6591511936339522,0.6501423092344251
pd-l1,10,44,proto_ratio,55,0.6591511936339522,0.6553498761479811
pd-l1,10,45,full,55,0.6936339522546419,0.7133719517059403
pd-l1,10,45,centroid,55,0.6339522546419099,0.6781011835019105
pd-l1,10,45,proto_ratio,55,0.6220159151193635,0.6639858679897508
pd-l1,10,46,full,55,0.6856763925729443,0.6902324457431183
pd-l1,10,46,centroid,55,0.610079575596817,0.6236995469792549
pd-l1,10,46,proto_ratio,55,0.6007957559681698,0.6141783666029448
pd-l1,10,47,full,55,0.7360742705570291,0.7278319653280014
pd-l1,10,47,centroid,55,0.7400530503978779,0.8131176664062225
pd-l1,10,47,proto_ratio,55,0.740053050397878,0.8087556429879377
pd-l1,10,48,full,55,0.6419098143236075,0.6130293527930724
pd-l1,10,48,centroid,55,0.5013262599469497,0.49795922331303444
pd-l1,10,48,proto_ratio,55,0.4973474801061008,0.4954760424110842
pd-l1,10,49,full,55,0.6671087533156499,0.6630771305294962
pd-l1,10,49,centroid,55,0.5477453580901857,0.5892889777478286
pd-l1,10,49,proto_ratio,55,0.5437665782493368,0.5751851387200545
pd-l1,10,50,full,55,0.6472148541114058,0.639461973862401
pd-l1,10,50,centroid,55,0.5344827586206896,0.5408022951109684
pd-l1,10,50,proto_ratio,55,0.5344827586206897,0.5451232615009003
pd-l1,10,51,full,55,0.6870026525198939,0.6481828906354925
pd-l1,10,51,centroid,55,0.6591511936339522,0.7193764327289393
pd-l1,10,51,proto_ratio,55,0.6604774535809019,0.7197869417601379
pd-l1,10,52,full,55,0.759946949602122,0.7769764395507367
pd-l1,10,52,centroid,55,0.6671087533156499,0.6847559561422567
pd-l1,10,52,proto_ratio,55,0.6737400530503979,0.6867480285502872
pd-l1,10,53,full,55,0.746684350132626,0.7604901518576068
pd-l1,10,53,centroid,55,0.7572944297082228,0.8126973373204107
pd-l1,10,53,proto_ratio,55,0.7546419098143236,0.8106546523691802
pd-l1,10,54,full,55,0.7254641909814323,0.7048613005990376
pd-l1,10,54,centroid,55,0.5875331564986738,0.6218616464073585
pd-l1,10,54,proto_ratio,55,0.5862068965517242,0.619593320863171
pd-l1,10,55,full,55,0.5039787798408488,0.5055324191202397
pd-l1,10,55,centroid,55,0.3793103448275862,0.44105438560629806
pd-l1,10,55,proto_ratio,55,0.38461538461538464,0.4425218929757669
pd-l1,10,56,full,55,0.7771883289124669,0.7447087175868594
pd-l1,10,56,centroid,55,0.6896551724137931,0.6989686871226218
pd-l1,10,56,proto_ratio,55,0.6710875331564987,0.6857242402970497
pd-l1,10,57,full,55,0.6750663129973474,0.640428155968668
pd-l1,10,57,centroid,55,0.6551724137931035,0.7290347981251428
pd-l1,10,57,proto_ratio,55,0.6538461538461539,0.7238914575994675
pd-l1,10,58,full,55,0.7387267904509284,0.7205292747020359
pd-l1,10,58,centroid,55,0.6604774535809019,0.6710295399120475
pd-l1,10,58,proto_ratio,55,0.6604774535809018,0.6662851036195556
pd-l1,10,59,full,55,0.7519893899204244,0.7427042177018853
pd-l1,10,59,centroid,55,0.6286472148541113,0.6199839690475468
pd-l1,10,59,proto_ratio,55,0.6286472148541113,0.6181366784071527
pd-l1,10,60,full,55,0.713527851458886,0.6850636617424186
pd-l1,10,60,centroid,55,0.6472148541114058,0.7230131019200341
pd-l1,10,60,proto_ratio,55,0.6419098143236074,0.7141057249391938
pd-l1,10,61,full,55,0.629973474801061,0.6419380160825909
pd-l1,10,61,centroid,55,0.5437665782493368,0.5478247057030723
pd-l1,10,61,proto_ratio,55,0.5384615384615385,0.5417334980601406
pd-l1,10,62,full,55,0.7214854111405836,0.7053446262579334
pd-l1,10,62,centroid,55,0.5411140583554377,0.5638382552349871
pd-l1,10,62,proto_ratio,55,0.5384615384615384,0.5611282248626849
pd-l1,10,63,full,55,0.6724137931034483,0.7065114006959502
pd-l1,10,63,centroid,55,0.5238726790450928,0.5419175546716881
pd-l1,10,63,proto_ratio,55,0.519893899204244,0.5435197113211194
pd-l1,10,64,full,55,0.6405835543766578,0.5810418799425083
pd-l1,10,64,centroid,55,0.5278514588859416,0.5387874562138154
pd-l1,10,64,proto_ratio,55,0.5291777188328912,0.5392680521527796
pd-l1,10,65,full,55,0.6816976127320955,0.6983259345553804
pd-l1,10,65,centroid,55,0.6525198938992043,0.7030306531493952
pd-l1,10,65,proto_ratio,55,0.6511936339522546,0.6944099634942228
pd-l1,10,66,full,55,0.6684350132625995,0.5966073104001657
pd-l1,10,66,centroid,55,0.5225464190981433,0.5145305196299099
pd-l1,10,66,proto_ratio,55,0.5238726790450928,0.5149484924616758
pd-l1,10,67,full,55,0.7679045092838197,0.7818306138730449
pd-l1,10,67,centroid,55,0.7214854111405835,0.743922345997568
pd-l1,10,67,proto_ratio,55,0.720159151193634,0.7423447034462948
pd-l1,10,68,full,55,0.7997347480106101,0.8442666082952256
pd-l1,10,68,centroid,55,0.603448275862069,0.5786752364874573
pd-l1,10,68,proto_ratio,55,0.5994694960212201,0.5757469796312249
pd-l1,10,69,full,55,0.7294429708222812,0.7058915524438931
pd-l1,10,69,centroid,55,0.6127320954907162,0.6103528052880068
pd-l1,10,69,proto_ratio,55,0.6087533156498675,0.6055228970098228
pd-l1,10,70,full,55,0.7294429708222812,0.7378585436226381
pd-l1,10,70,centroid,55,0.5702917771883289,0.5978752874359254
pd-l1,10,70,proto_ratio,55,0.5663129973474801,0.5958572623575555
pd-l1,10,71,full,55,0.6830238726790452,0.703825432444779
pd-l1,10,71,centroid,55,0.6352785145888595,0.6952503676312075
pd-l1,10,71,proto_ratio,55,0.6286472148541115,0.6920278690035143
pd-l1,10,72,full,55,0.7400530503978779,0.7417879909485781
pd-l1,10,72,centroid,55,0.6538461538461539,0.6804540693257719
pd-l1,10,72,proto_ratio,55,0.6538461538461539,0.6804540693257719
pd-l1,10,73,full,55,0.6803713527851458,0.6996195552550795
pd-l1,10,73,centroid,55,0.5862068965517242,0.6090473239011749
pd-l1,10,73,proto_ratio,55,0.5848806366047745,0.6060319484720064
pd-l1,10,74,full,55,0.6883289124668435,0.6766274501738823
pd-l1,10,74,centroid,55,0.5954907161803713,0.5748510391006046
pd-l1,10,74,proto_ratio,55,0.5928381962864722,0.578104414527072
pd-l1,10,75,full,55,0.7851458885941645,0.7148651118308125
pd-l1,10,75,centroid,55,0.6962864721485412,0.7324231867882353
pd-l1,10,75,proto_ratio,55,0.7015915119363396,0.7338820856895437
pd-l1,10,76,full,55,0.7944297082228118,0.7138944476006521
pd-l1,10,76,centroid,55,0.7108753315649867,0.749067270438121
pd-l1,10,76,proto_ratio,55,0.7148541114058355,0.752619065968927
pd-l1,10,77,full,55,0.6631299734748011,0.6018885549660652
pd-l1,10,77,centroid,55,0.5092838196286471,0.5021810191300734
pd-l1,10,77,proto_ratio,55,0.5079575596816976,0.5004382791114713
pd-l1,10,78,full,55,0.7122015915119363,0.7122359541269874
pd-l1,10,78,centroid,55,0.720159151193634,0.7675350153399061
pd-l1,10,78,proto_ratio,55,0.7254641909814323,0.7706407193268184
pd-l1,10,79,full,55,0.7135278514588859,0.728561676761637
pd-l1,10,79,centroid,55,0.5822281167108754,0.5767208523662424
pd-l1,10,79,proto_ratio,55,0.5795755968169761,0.5692667352265267
pd-l1,10,80,full,55,0.6883289124668435,0.6817986290258422
pd-l1,10,80,centroid,55,0.5437665782493368,0.5329849392622609
pd-l1,10,80,proto_ratio,55,0.5411140583554377,0.52953334987798
pd-l1,10,81,full,55,0.8037135278514589,0.7588298622266494
pd-l1,10,81,centroid,55,0.7453580901856764,0.7103321842214673
pd-l1,10,81,proto_ratio,55,0.7440318302387268,0.7088640809176642
pd-l1,10,82,full,55,0.7612732095490716,0.7137090926053259
pd-l1,10,82,centroid,55,0.6286472148541115,0.5977408946267767
pd-l1,10,82,proto_ratio,55,0.6273209549071619,0.591993768189995
pd-l1,10,83,full,55,0.6684350132625995,0.6566875192875425
pd-l1,10,83,centroid,55,0.4615384615384615,0.5432126531121184
pd-l1,10,83,proto_ratio,55,0.4416445623342175,0.5189446578427352
pd-l1,10,84,full,55,0.8183023872679045,0.7884254801366255
pd-l1,10,84,centroid,55,0.7082228116710876,0.7434579127733846
pd-l1,10,84,proto_ratio,55,0.7095490716180372,0.7441531296810596
pd-l1,10,85,full,55,0.7824933687002653,0.7793838825201851
pd-l1,10,85,centroid,55,0.5424403183023873,0.5517452584551717
pd-l1,10,85,proto_ratio,55,0.5318302387267905,0.5405211512711625
pd-l1,10,86,full,55,0.7214854111405835,0.7735285567547391
pd-l1,10,86,centroid,55,0.5305039787798409,0.5786529904736156
pd-l1,10,86,proto_ratio,55,0.5318302387267905,0.5793859983539119
pd-l1,10,87,full,55,0.7241379310344828,0.7110179056549492
pd-l1,10,87,centroid,55,0.6485411140583554,0.7191349278156318
pd-l1,10,87,proto_ratio,55,0.6458885941644562,0.716842392764476
pd-l1,10,88,full,55,0.7082228116710876,0.7088269844038996
pd-l1,10,88,centroid,55,0.6220159151193634,0.6376320948177467
pd-l1,10,88,proto_ratio,55,0.6193633952254641,0.6337378085094972
pd-l1,10,89,full,55,0.6087533156498673,0.622473966457378
pd-l1,10,89,centroid,55,0.4376657824933687,0.4985828975142105
pd-l1,10,89,proto_ratio,55,0.42970822281167104,0.4798553406152981
pd-l1,10,90,full,55,0.7002652519893899,0.7474628425241298
pd-l1,10,90,centroid,55,0.5557029177718833,0.560232779492695
pd-l1,10,90,proto_ratio,55,0.5583554376657826,0.5614749726925379
pd-l1,10,91,full,55,0.7188328912466843,0.7113228791042295
pd-l1,10,91,centroid,55,0.6578249336870027,0.6382130889318736
pd-l1,10,91,proto_ratio,55,0.6631299734748011,0.6438270007834561
pd-l1,10,92,full,55,0.7466843501326259,0.7522615418489982
pd-l1,10,92,centroid,55,0.720159151193634,0.7089235521530424
pd-l1,10,92,proto_ratio,55,0.720159151193634,0.7136627210301422
pd-l1,10,93,full,55,0.76657824933687,0.7428304640571063
pd-l1,10,93,centroid,55,0.7095490716180372,0.7623636139509076
pd-l1,10,93,proto_ratio,55,0.7068965517241379,0.7602172801836053
pd-l1,10,94,full,55,0.740053050397878,0.7511303347223136
pd-l1,10,94,centroid,55,0.6976127320954908,0.6778663545189878
pd-l1,10,94,proto_ratio,55,0.6936339522546419,0.6747396277411454
pd-l1,10,95,full,55,0.7374005305039788,0.7088799601543476
pd-l1,10,95,centroid,55,0.5039787798408488,0.5148852385105698
pd-l1,10,95,proto_ratio,55,0.5013262599469497,0.5129424686367655
pd-l1,10,96,full,55,0.7122015915119363,0.7183975672431873
pd-l1,10,96,centroid,55,0.6047745358090186,0.6121249390208224
pd-l1,10,96,proto_ratio,55,0.5915119363395226,0.5873920091154788
pd-l1,10,97,full,55,0.7082228116710876,0.6617833182047697
pd-l1,10,97,centroid,55,0.6100795755968169,0.6550356764214517
pd-l1,10,97,proto_ratio,55,0.5888594164456233,0.644955553104024
pd-l1,10,98,full,55,0.6710875331564987,0.6938760563228092
pd-l1,10,98,centroid,55,0.6273209549071618,0.6420022335046254
pd-l1,10,98,proto_ratio,55,0.6273209549071618,0.6420022335046254
pd-l1,10,99,full,55,0.669761273209549,0.6965480446532518
pd-l1,10,99,centroid,55,0.5543766578249337,0.5685458115540101
pd-l1,10,99,proto_ratio,55,0.5543766578249336,0.5620764318490719
